  0
SECTION
  2
HEADER
  9
$ACADVER
  1
AC1021
  9
$ACADMAINTVER
 70
    25
  9
$DWGCODEPAGE
  3
ANSI_1252
  9
$LASTSAVEDBY
  1
reisy
  9
$INSBASE
 10
0.0
 20
0.0
 30
0.0
  9
$EXTMIN
 10
-5.582000000002154
 20
-0.2969999999913853
 30
7.926000000000002
  9
$EXTMAX
 10
2.664000000004307
 20
3.264999999897555
 30
14.097
  9
$LIMMIN
 10
0.0
 20
0.0
  9
$LIMMAX
 10
12.0
 20
9.0
  9
$ORTHOMODE
 70
     0
  9
$REGENMODE
 70
     1
  9
$FILLMODE
 70
     1
  9
$QTEXTMODE
 70
     0
  9
$MIRRTEXT
 70
     0
  9
$LTSCALE
 40
1.0
  9
$ATTMODE
 70
     1
  9
$TEXTSIZE
 40
0.2
  9
$TRACEWID
 40
0.05
  9
$TEXTSTYLE
  7
Standard
  9
$CLAYER
  8
0
  9
$CELTYPE
  6
ByLayer
  9
$CECOLOR
 62
   256
  9
$CELTSCALE
 40
1.0
  9
$DISPSILH
 70
     0
  9
$DIMSCALE
 40
1.0
  9
$DIMASZ
 40
0.18
  9
$DIMEXO
 40
0.0625
  9
$DIMDLI
 40
0.38
  9
$DIMRND
 40
0.0
  9
$DIMDLE
 40
0.0
  9
$DIMEXE
 40
0.18
  9
$DIMTP
 40
0.0
  9
$DIMTM
 40
0.0
  9
$DIMTXT
 40
0.18
  9
$DIMCEN
 40
0.09
  9
$DIMTSZ
 40
0.0
  9
$DIMTOL
 70
     0
  9
$DIMLIM
 70
     0
  9
$DIMTIH
 70
     1
  9
$DIMTOH
 70
     1
  9
$DIMSE1
 70
     0
  9
$DIMSE2
 70
     0
  9
$DIMTAD
 70
     0
  9
$DIMZIN
 70
     0
  9
$DIMBLK
  1

  9
$DIMASO
 70
     1
  9
$DIMSHO
 70
     1
  9
$DIMPOST
  1

  9
$DIMAPOST
  1

  9
$DIMALT
 70
     0
  9
$DIMALTD
 70
     2
  9
$DIMALTF
 40
25.4
  9
$DIMLFAC
 40
1.0
  9
$DIMTOFL
 70
     0
  9
$DIMTVP
 40
0.0
  9
$DIMTIX
 70
     0
  9
$DIMSOXD
 70
     0
  9
$DIMSAH
 70
     0
  9
$DIMBLK1
  1

  9
$DIMBLK2
  1

  9
$DIMSTYLE
  2
STANDARD_ACAD
  9
$DIMCLRD
 70
     0
  9
$DIMCLRE
 70
     0
  9
$DIMCLRT
 70
     0
  9
$DIMTFAC
 40
1.0
  9
$DIMGAP
 40
0.09
  9
$DIMJUST
 70
     0
  9
$DIMSD1
 70
     0
  9
$DIMSD2
 70
     0
  9
$DIMTOLJ
 70
     1
  9
$DIMTZIN
 70
     0
  9
$DIMALTZ
 70
     0
  9
$DIMALTTZ
 70
     0
  9
$DIMUPT
 70
     0
  9
$DIMDEC
 70
     4
  9
$DIMTDEC
 70
     4
  9
$DIMALTU
 70
     2
  9
$DIMALTTD
 70
     2
  9
$DIMTXSTY
  7
Standard
  9
$DIMAUNIT
 70
     0
  9
$DIMADEC
 70
     0
  9
$DIMALTRND
 40
0.0
  9
$DIMAZIN
 70
     0
  9
$DIMDSEP
 70
    46
  9
$DIMATFIT
 70
     3
  9
$DIMFRAC
 70
     0
  9
$DIMLDRBLK
  1

  9
$DIMLUNIT
 70
     2
  9
$DIMLWD
 70
    -2
  9
$DIMLWE
 70
    -2
  9
$DIMTMOVE
 70
     2
  9
$DIMFXL
 40
1.0
  9
$DIMFXLON
 70
     0
  9
$DIMJOGANG
 40
0.7853981633974483
  9
$DIMTFILL
 70
     0
  9
$DIMTFILLCLR
 70
     0
  9
$DIMARCSYM
 70
     0
  9
$DIMLTYPE
  6

  9
$DIMLTEX1
  6

  9
$DIMLTEX2
  6

  9
$LUNITS
 70
     2
  9
$LUPREC
 70
     2
  9
$SKETCHINC
 40
0.1
  9
$FILLETRAD
 40
0.0
  9
$AUNITS
 70
     0
  9
$AUPREC
 70
     0
  9
$MENU
  1
.
  9
$ELEVATION
 40
0.0
  9
$PELEVATION
 40
0.0
  9
$THICKNESS
 40
0.0
  9
$LIMCHECK
 70
     0
  9
$CHAMFERA
 40
0.0
  9
$CHAMFERB
 40
0.0
  9
$CHAMFERC
 40
0.0
  9
$CHAMFERD
 40
0.0
  9
$SKPOLY
 70
     0
  9
$TDCREATE
 40
2461280.897439526
  9
$TDUCREATE
 40
2461280.522439526
  9
$TDUPDATE
 40
2461280.897459306
  9
$TDUUPDATE
 40
2461280.522459306
  9
$TDINDWG
 40
0.0000000116
  9
$TDUSRTIMER
 40
0.0000000116
  9
$USRTIMER
 70
     1
  9
$ANGBASE
 50
0.0
  9
$ANGDIR
 70
     0
  9
$PDMODE
 70
     0
  9
$PDSIZE
 40
0.0
  9
$PLINEWID
 40
0.0
  9
$SPLFRAME
 70
     0
  9
$SPLINETYPE
 70
     6
  9
$SPLINESEGS
 70
     8
  9
$HANDSEED
  5
5D1
  9
$SURFTAB1
 70
     6
  9
$SURFTAB2
 70
     6
  9
$SURFTYPE
 70
     6
  9
$SURFU
 70
     6
  9
$SURFV
 70
     6
  9
$UCSBASE
  2

  9
$UCSNAME
  2

  9
$UCSORG
 10
0.0
 20
0.0
 30
0.0
  9
$UCSXDIR
 10
1.0
 20
0.0
 30
0.0
  9
$UCSYDIR
 10
0.0
 20
1.0
 30
0.0
  9
$UCSORTHOREF
  2

  9
$UCSORTHOVIEW
 70
     0
  9
$UCSORGTOP
 10
0.0
 20
0.0
 30
0.0
  9
$UCSORGBOTTOM
 10
0.0
 20
0.0
 30
0.0
  9
$UCSORGLEFT
 10
0.0
 20
0.0
 30
0.0
  9
$UCSORGRIGHT
 10
0.0
 20
0.0
 30
0.0
  9
$UCSORGFRONT
 10
0.0
 20
0.0
 30
0.0
  9
$UCSORGBACK
 10
0.0
 20
0.0
 30
0.0
  9
$PUCSBASE
  2

  9
$PUCSNAME
  2

  9
$PUCSORG
 10
0.0
 20
0.0
 30
0.0
  9
$PUCSXDIR
 10
1.0
 20
0.0
 30
0.0
  9
$PUCSYDIR
 10
0.0
 20
1.0
 30
0.0
  9
$PUCSORTHOREF
  2

  9
$PUCSORTHOVIEW
 70
     0
  9
$PUCSORGTOP
 10
0.0
 20
0.0
 30
0.0
  9
$PUCSORGBOTTOM
 10
0.0
 20
0.0
 30
0.0
  9
$PUCSORGLEFT
 10
0.0
 20
0.0
 30
0.0
  9
$PUCSORGRIGHT
 10
0.0
 20
0.0
 30
0.0
  9
$PUCSORGFRONT
 10
0.0
 20
0.0
 30
0.0
  9
$PUCSORGBACK
 10
0.0
 20
0.0
 30
0.0
  9
$USERI1
 70
     0
  9
$USERI2
 70
     0
  9
$USERI3
 70
     0
  9
$USERI4
 70
     0
  9
$USERI5
 70
     0
  9
$USERR1
 40
0.0
  9
$USERR2
 40
0.0
  9
$USERR3
 40
0.0
  9
$USERR4
 40
0.0
  9
$USERR5
 40
0.0
  9
$WORLDVIEW
 70
     1
  9
$SHADEDGE
 70
     3
  9
$SHADEDIF
 70
    70
  9
$TILEMODE
 70
     1
  9
$MAXACTVP
 70
    64
  9
$PINSBASE
 10
0.0
 20
0.0
 30
0.0
  9
$PLIMCHECK
 70
     0
  9
$PEXTMIN
 10
1.000000000000000E+20
 20
1.000000000000000E+20
 30
1.000000000000000E+20
  9
$PEXTMAX
 10
-1.000000000000000E+20
 20
-1.000000000000000E+20
 30
-1.000000000000000E+20
  9
$PLIMMIN
 10
0.0
 20
0.0
  9
$PLIMMAX
 10
12.0
 20
9.0
  9
$UNITMODE
 70
     0
  9
$VISRETAIN
 70
     1
  9
$PLINEGEN
 70
     0
  9
$PSLTSCALE
 70
     1
  9
$TREEDEPTH
 70
  3020
  9
$CMLSTYLE
  2
Standard
  9
$CMLJUST
 70
     0
  9
$CMLSCALE
 40
1.0
  9
$PROXYGRAPHICS
 70
     1
  9
$MEASUREMENT
 70
     1
  9
$CELWEIGHT
370
    -1
  9
$ENDCAPS
280
     0
  9
$JOINSTYLE
280
     0
  9
$LWDISPLAY
290
     0
  9
$INSUNITS
 70
     6
  9
$HYPERLINKBASE
  1

  9
$STYLESHEET
  1

  9
$XEDIT
290
     1
  9
$CEPSNTYPE
380
     0
  9
$PSTYLEMODE
290
     1
  9
$FINGERPRINTGUID
  2
{58492403-88a9-4396-8734-ace29b8ff397}
  9
$VERSIONGUID
  2
{FAEB1C32-E019-11D5-929B-00C0DF256EC4}
  9
$EXTNAMES
290
     1
  9
$PSVPSCALE
 40
0.0
  9
$OLESTARTUP
290
     0
  9
$SORTENTS
280
   127
  9
$INDEXCTL
280
     0
  9
$HIDETEXT
280
     1
  9
$XCLIPFRAME
290
     0
  9
$HALOGAP
280
     0
  9
$OBSCOLOR
 70
   257
  9
$OBSLTYPE
280
     0
  9
$INTERSECTIONDISPLAY
280
     0
  9
$INTERSECTIONCOLOR
 70
   257
  9
$DIMASSOC
280
     2
  9
$PROJECTNAME
  1

  9
$CAMERADISPLAY
290
     0
  9
$LENSLENGTH
 40
50.0
  9
$CAMERAHEIGHT
 40
0.0
  9
$STEPSPERSEC
 40
2.0
  9
$STEPSIZE
 40
6.0
  9
$3DDWFPREC
 40
2.0
  9
$PSOLWIDTH
 40
0.25
  9
$PSOLHEIGHT
 40
4.0
  9
$LOFTANG1
 40
1.570796326794897
  9
$LOFTANG2
 40
1.570796326794897
  9
$LOFTMAG1
 40
0.0
  9
$LOFTMAG2
 40
0.0
  9
$LOFTPARAM
 70
     7
  9
$LOFTNORMALS
280
     1
  9
$LATITUDE
 40
37.795
  9
$LONGITUDE
 40
-122.394
  9
$NORTHDIRECTION
 40
0.0
  9
$TIMEZONE
 70
 -8000
  9
$LIGHTGLYPHDISPLAY
280
     1
  9
$TILEMODELIGHTSYNCH
280
     1
  9
$CMATERIAL
347
44
  9
$SOLIDHIST
280
     0
  9
$SHOWHIST
280
     1
  9
$DWFFRAME
280
     2
  9
$DGNFRAME
280
     2
  9
$REALWORLDSCALE
290
     1
  9
$INTERFERECOLOR
 62
   256
  9
$CSHADOW
280
     0
  9
$SHADOWPLANELOCATION
 40
0.0
  0
ENDSEC
  0
SECTION
  2
CLASSES
  0
CLASS
  1
ACDBDICTIONARYWDFLT
  2
AcDbDictionaryWithDefault
  3
ObjectDBX Classes
 90
        0
 91
        3
280
     0
281
     0
  0
CLASS
  1
VISUALSTYLE
  2
AcDbVisualStyle
  3
ObjectDBX Classes
 90
     4095
 91
        3
280
     0
281
     0
  0
CLASS
  1
MATERIAL
  2
AcDbMaterial
  3
ObjectDBX Classes
 90
     1153
 91
        3
280
     0
281
     0
  0
CLASS
  1
SCALE
  2
AcDbScale
  3
ObjectDBX Classes
 90
     1153
 91
        3
280
     0
281
     0
  0
CLASS
  1
TABLESTYLE
  2
AcDbTableStyle
  3
ObjectDBX Classes
 90
     4095
 91
        3
280
     0
281
     0
  0
CLASS
  1
MLEADERSTYLE
  2
AcDbMLeaderStyle
  3
ACDB_MLEADERSTYLE_CLASS
 90
     4095
 91
        3
280
     0
281
     0
  0
CLASS
  1
SUN
  2
AcDbSun
  3
SCENEOE
 90
     1153
 91
        3
280
     0
281
     0
  0
CLASS
  1
DICTIONARYVAR
  2
AcDbDictionaryVar
  3
ObjectDBX Classes
 90
        0
 91
        3
280
     0
281
     0
  0
CLASS
  1
CELLSTYLEMAP
  2
AcDbCellStyleMap
  3
ObjectDBX Classes
 90
     1152
 91
        3
280
     0
281
     0
  0
ENDSEC
  0
SECTION
  2
TABLES
  0
TABLE
  2
VPORT
  5
8
330
0
100
AcDbSymbolTable
 70
     1
  0
VPORT
  5
29
330
8
100
AcDbSymbolTableRecord
100
AcDbViewportTableRecord
  2
*Active
 70
     0
 10
0.0
 20
0.0
 11
1.0
 21
1.0
 12
10.42990654205607
 22
4.5
 13
0.0
 23
0.0
 14
0.5
 24
0.5
 15
0.5
 25
0.5
 16
0.0
 26
0.0
 36
1.0
 17
0.0
 27
0.0
 37
0.0
 40
9.0
 41
1.972972972850329
 42
50.0
 43
0.0
 44
0.0
 50
0.0
 51
0.0
 71
     0
 72
   100
 73
     1
 74
     3
 75
     0
 76
     0
 77
     0
 78
     0
281
     0
 65
     1
110
0.0
120
0.0
130
0.0
111
1.0
121
0.0
131
0.0
112
0.0
122
1.0
132
0.0
 79
     0
146
0.0
348
2F
 60
     3
 61
     5
292
     1
282
     1
141
0.0
142
0.0
 63
   250
361
5D
  0
ENDTAB
  0
TABLE
  2
LTYPE
  5
5
330
0
100
AcDbSymbolTable
 70
     1
  0
LTYPE
  5
14
330
5
100
AcDbSymbolTableRecord
100
AcDbLinetypeTableRecord
  2
ByBlock
 70
     0
  3

 72
    65
 73
     0
 40
0.0
  0
LTYPE
  5
15
330
5
100
AcDbSymbolTableRecord
100
AcDbLinetypeTableRecord
  2
ByLayer
 70
     0
  3

 72
    65
 73
     0
 40
0.0
  0
LTYPE
  5
16
330
5
100
AcDbSymbolTableRecord
100
AcDbLinetypeTableRecord
  2
Continuous
 70
     0
  3
Solid line
 72
    65
 73
     0
 40
0.0
  0
ENDTAB
  0
TABLE
  2
LAYER
  5
2
330
0
100
AcDbSymbolTable
 70
     2
  0
LAYER
  5
10
330
2
100
AcDbSymbolTableRecord
100
AcDbLayerTableRecord
  2
0
 70
     0
 62
     7
  6
Continuous
370
    -3
390
F
347
46
  0
LAYER
  5
5F
330
2
100
AcDbSymbolTableRecord
100
AcDbLayerTableRecord
  2
デフォルト
 70
     0
 62
     7
  6
Continuous
370
    -3
390
F
347
46
  0
ENDTAB
  0
TABLE
  2
STYLE
  5
3
330
0
100
AcDbSymbolTable
 70
     1
  0
STYLE
  5
11
330
3
100
AcDbSymbolTableRecord
100
AcDbTextStyleTableRecord
  2
Standard
 70
     0
 40
0.0
 41
1.0
 50
0.0
 71
     0
 42
0.2
  3
txt
  4

  0
ENDTAB
  0
TABLE
  2
VIEW
  5
6
330
0
100
AcDbSymbolTable
 70
     0
  0
ENDTAB
  0
TABLE
  2
UCS
  5
7
330
0
100
AcDbSymbolTable
 70
     0
  0
ENDTAB
  0
TABLE
  2
APPID
  5
9
330
0
100
AcDbSymbolTable
 70
     3
  0
APPID
  5
12
330
9
100
AcDbSymbolTableRecord
100
AcDbRegAppTableRecord
  2
ACAD
 70
     0
  0
APPID
  5
5E
330
9
100
AcDbSymbolTableRecord
100
AcDbRegAppTableRecord
  2
Rhino
 70
     0
  0
APPID
  5
5C9
330
9
100
AcDbSymbolTableRecord
100
AcDbRegAppTableRecord
  2
ACAD_MLEADERVER
 70
     0
  0
ENDTAB
  0
TABLE
  2
DIMSTYLE
  5
A
330
0
100
AcDbSymbolTable
 70
     1
100
AcDbDimStyleTable
  0
DIMSTYLE
105
27
330
A
100
AcDbSymbolTableRecord
100
AcDbDimStyleTableRecord
  2
STANDARD_ACAD
 70
     0
178
     0
340
11
  0
ENDTAB
  0
TABLE
  2
BLOCK_RECORD
  5
1
330
0
100
AcDbSymbolTable
 70
     1
  0
BLOCK_RECORD
  5
1F
330
1
100
AcDbSymbolTableRecord
100
AcDbBlockTableRecord
  2
*Model_Space
340
22
 70
     0
280
     1
281
     0
  0
BLOCK_RECORD
  5
1B
330
1
100
AcDbSymbolTableRecord
100
AcDbBlockTableRecord
  2
*Paper_Space
340
1E
 70
     0
280
     1
281
     0
  0
BLOCK_RECORD
  5
23
330
1
100
AcDbSymbolTableRecord
100
AcDbBlockTableRecord
  2
*Paper_Space0
340
26
 70
     0
280
     1
281
     0
  0
ENDTAB
  0
ENDSEC
  0
SECTION
  2
BLOCKS
  0
BLOCK
  5
20
330
1F
100
AcDbEntity
  8
0
100
AcDbBlockBegin
  2
*Model_Space
 70
     0
 10
0.0
 20
0.0
 30
0.0
  3
*Model_Space
  1

  0
ENDBLK
  5
21
330
1F
100
AcDbEntity
  8
0
100
AcDbBlockEnd
  0
BLOCK
  5
1C
330
1B
100
AcDbEntity
 67
     1
  8
0
100
AcDbBlockBegin
  2
*Paper_Space
 70
     0
 10
0.0
 20
0.0
 30
0.0
  3
*Paper_Space
  1

  0
ENDBLK
  5
1D
330
1B
100
AcDbEntity
 67
     1
  8
0
100
AcDbBlockEnd
  0
BLOCK
  5
24
330
23
100
AcDbEntity
  8
0
100
AcDbBlockBegin
  2
*Paper_Space0
 70
     0
 10
0.0
 20
0.0
 30
0.0
  3
*Paper_Space0
  1

  0
ENDBLK
  5
25
330
23
100
AcDbEntity
  8
0
100
AcDbBlockEnd
  0
ENDSEC
  0
SECTION
  2
ENTITIES
  0
POLYLINE
  5
60
330
1F
100
AcDbEntity
  8
デフォルト
100
AcDb3dPolyline
 66
     1
 10
0.0
 20
0.0
 30
0.0
 70
     9
  0
VERTEX
  5
61
330
60
100
AcDbEntity
  8
デフォルト
100
AcDbVertex
100
AcDb3dPolylineVertex
 10
-2.909999999988941
 20
0.75
 30
9.279000000000003
 70
    32
  0
VERTEX
  5
62
330
60
100
AcDbEntity
  8
デフォルト
100
AcDbVertex
100
AcDb3dPolylineVertex
 10
-3.078000000001339
 20
0.7339999999967404
 30
9.201999999999998
 70
    32
  0
VERTEX
  5
63
330
60
100
AcDbEntity
  8
デフォルト
100
AcDbVertex
100
AcDb3dPolylineVertex
 10
-3.343999999990046
 20
0.6559999999008141
 30
9.259999999999998
 70
    32
  0
VERTEX
  5
64
330
60
100
AcDbEntity
  8
デフォルト
100
AcDbVertex
100
AcDb3dPolylineVertex
 10
-3.656000000002678
 20
0.6559999999008141
 30
9.280999999999999
 70
    32
  0
VERTEX
  5
65
330
60
100
AcDbEntity
  8
デフォルト
100
AcDbVertex
100
AcDb3dPolylineVertex
 10
-3.714999999989232
 20
0.7339999999967404
 30
9.286999999999999
 70
    32
  0
VERTEX
  5
66
330
60
100
AcDbEntity
  8
デフォルト
100
AcDbVertex
100
AcDb3dPolylineVertex
 10
-3.710999999995693
 20
0.7649999998975545
 30
9.439999999999998
 70
    32
  0
SEQEND
  5
67
330
60
100
AcDbEntity
  8
デフォルト
  0
POLYLINE
  5
68
330
1F
100
AcDbEntity
  8
デフォルト
100
AcDb3dPolyline
 66
     1
 10
0.0
 20
0.0
 30
0.0
 70
     9
  0
VERTEX
  5
69
330
68
100
AcDbEntity
  8
デフォルト
100
AcDbVertex
100
AcDb3dPolylineVertex
 10
1.52000000001135
 20
3.014999999897555
 30
13.319
 70
    32
  0
VERTEX
  5
6A
330
68
100
AcDbEntity
  8
デフォルト
100
AcDbVertex
100
AcDb3dPolylineVertex
 10
1.671999999998661
 20
3.046000000002095
 30
13.322
 70
    32
  0
VERTEX
  5
6B
330
68
100
AcDbEntity
  8
デフォルト
100
AcDbVertex
100
AcDb3dPolylineVertex
 10
1.99199999999837
 20
3.046000000002095
 30
13.179
 70
    32
  0
VERTEX
  5
6C
330
68
100
AcDbEntity
  8
デフォルト
100
AcDbVertex
100
AcDb3dPolylineVertex
 10
2.008000000008906
 20
3.062000000005355
 30
13.1
 70
    32
  0
VERTEX
  5
6D
330
68
100
AcDbEntity
  8
デフォルト
100
AcDbVertex
100
AcDb3dPolylineVertex
 10
1.930000000000291
 20
2.953000000008615
 30
12.905
 70
    32
  0
VERTEX
  5
6E
330
68
100
AcDbEntity
  8
デフォルト
100
AcDbVertex
100
AcDb3dPolylineVertex
 10
1.862999999997555
 20
2.905999999900814
 30
12.876
 70
    32
  0
SEQEND
  5
6F
330
68
100
AcDbEntity
  8
デフォルト
  0
POLYLINE
  5
70
330
1F
100
AcDbEntity
  8
デフォルト
100
AcDb3dPolyline
 66
     1
 10
0.0
 20
0.0
 30
0.0
 70
     9
  0
VERTEX
  5
71
330
70
100
AcDbEntity
  8
デフォルト
100
AcDbVertex
100
AcDb3dPolylineVertex
 10
-2.190999999991618
 20
1.60899999999674
 30
10.854
 70
    32
  0
VERTEX
  5
72
330
70
100
AcDbEntity
  8
デフォルト
100
AcDbVertex
100
AcDb3dPolylineVertex
 10
-2.413999999989755
 20
1.578000000008615
 30
10.909
 70
    32
  0
VERTEX
  5
73
330
70
100
AcDbEntity
  8
デフォルト
100
AcDbVertex
100
AcDb3dPolylineVertex
 10
-2.582000000002154
 20
1.60899999999674
 30
10.991
 70
    32
  0
VERTEX
  5
74
330
70
100
AcDbEntity
  8
デフォルト
100
AcDbVertex
100
AcDb3dPolylineVertex
 10
-2.597999999990861
 20
1.687000000005355
 30
11.065
 70
    32
  0
VERTEX
  5
75
330
70
100
AcDbEntity
  8
デフォルト
100
AcDbVertex
100
AcDb3dPolylineVertex
 10
-2.531000000002678
 20
1.671000000002095
 30
11.29
 70
    32
  0
VERTEX
  5
76
330
70
100
AcDbEntity
  8
デフォルト
100
AcDbVertex
100
AcDb3dPolylineVertex
 10
-2.324000000000524
 20
1.764999999897555
 30
11.514
 70
    32
  0
VERTEX
  5
77
330
70
100
AcDbEntity
  8
デフォルト
100
AcDbVertex
100
AcDb3dPolylineVertex
 10
-1.936999999990803
 20
1.828000000008615
 30
11.524
 70
    32
  0
VERTEX
  5
78
330
70
100
AcDbEntity
  8
デフォルト
100
AcDbVertex
100
AcDb3dPolylineVertex
 10
-1.788999999989755
 20
1.578000000008615
 30
10.897
 70
    32
  0
VERTEX
  5
79
330
70
100
AcDbEntity
  8
デフォルト
100
AcDbVertex
100
AcDb3dPolylineVertex
 10
-2.015999999988708
 20
1.60899999999674
 30
10.842
 70
    32
  0
SEQEND
  5
7A
330
70
100
AcDbEntity
  8
デフォルト
  0
POLYLINE
  5
7B
330
1F
100
AcDbEntity
  8
デフォルト
100
AcDb3dPolyline
 66
     1
 10
0.0
 20
0.0
 30
0.0
 70
     9
  0
VERTEX
  5
7C
330
7B
100
AcDbEntity
  8
デフォルト
100
AcDbVertex
100
AcDb3dPolylineVertex
 10
-1.828000000001339
 20
2.35899999999674
 30
12.677
 70
    32
  0
VERTEX
  5
7D
330
7B
100
AcDbEntity
  8
デフォルト
100
AcDbVertex
100
AcDb3dPolylineVertex
 10
-1.777000000001863
 20
2.296000000002095
 30
12.5
 70
    32
  0
VERTEX
  5
7E
330
7B
100
AcDbEntity
  8
デフォルト
100
AcDbVertex
100
AcDb3dPolylineVertex
 10
-1.781000000002678
 20
2.171000000002095
 30
12.288
 70
    32
  0
VERTEX
  5
7F
330
7B
100
AcDbEntity
  8
デフォルト
100
AcDbVertex
100
AcDb3dPolylineVertex
 10
-2.046999999991385
 20
2.125
 30
12.225
 70
    32
  0
VERTEX
  5
80
330
7B
100
AcDbEntity
  8
デフォルト
100
AcDbVertex
100
AcDb3dPolylineVertex
 10
-2.265999999988708
 20
2.203000000008615
 30
12.262
 70
    32
  0
VERTEX
  5
81
330
7B
100
AcDbEntity
  8
デフォルト
100
AcDbVertex
100
AcDb3dPolylineVertex
 10
-2.332000000002154
 20
2.264999999897555
 30
12.55
 70
    32
  0
VERTEX
  5
82
330
7B
100
AcDbEntity
  8
デフォルト
100
AcDbVertex
100
AcDb3dPolylineVertex
 10
-2.012000000002445
 20
2.389999999897555
 30
12.773
 70
    32
  0
VERTEX
  5
83
330
7B
100
AcDbEntity
  8
デフォルト
100
AcDbVertex
100
AcDb3dPolylineVertex
 10
-1.909999999988941
 20
2.375
 30
12.77
 70
    32
  0
SEQEND
  5
84
330
7B
100
AcDbEntity
  8
デフォルト
  0
POLYLINE
  5
85
330
1F
100
AcDbEntity
  8
デフォルト
100
AcDb3dPolyline
 66
     1
 10
0.0
 20
0.0
 30
0.0
 70
     9
  0
VERTEX
  5
86
330
85
100
AcDbEntity
  8
デフォルト
100
AcDbVertex
100
AcDb3dPolylineVertex
 10
-1.726999999991676
 20
1.203000000008615
 30
9.944000000000003
 70
    32
  0
VERTEX
  5
87
330
85
100
AcDbEntity
  8
デフォルト
100
AcDbVertex
100
AcDb3dPolylineVertex
 10
-1.968999999990046
 20
1.203000000008615
 30
9.920000000000002
 70
    32
  0
VERTEX
  5
88
330
85
100
AcDbEntity
  8
デフォルト
100
AcDbVertex
100
AcDb3dPolylineVertex
 10
-2.012000000002445
 20
1.203000000008615
 30
9.948
 70
    32
  0
VERTEX
  5
89
330
85
100
AcDbEntity
  8
デフォルト
100
AcDbVertex
100
AcDb3dPolylineVertex
 10
-2.050999999999476
 20
1.23399999999674
 30
10.133
 70
    32
  0
VERTEX
  5
8A
330
85
100
AcDbEntity
  8
デフォルト
100
AcDbVertex
100
AcDb3dPolylineVertex
 10
-1.972999999990861
 20
1.23399999999674
 30
10.163
 70
    32
  0
VERTEX
  5
8B
330
85
100
AcDbEntity
  8
デフォルト
100
AcDbVertex
100
AcDb3dPolylineVertex
 10
-1.663999999989755
 20
1.203000000008615
 30
10.088
 70
    32
  0
VERTEX
  5
8C
330
85
100
AcDbEntity
  8
デフォルト
100
AcDbVertex
100
AcDb3dPolylineVertex
 10
-1.659999999988941
 20
1.187000000005355
 30
9.959000000000003
 70
    32
  0
SEQEND
  5
8D
330
85
100
AcDbEntity
  8
デフォルト
  0
POLYLINE
  5
8E
330
1F
100
AcDbEntity
  8
デフォルト
100
AcDb3dPolyline
 66
     1
 10
0.0
 20
0.0
 30
0.0
 70
     9
  0
VERTEX
  5
8F
330
8E
100
AcDbEntity
  8
デフォルト
100
AcDbVertex
100
AcDb3dPolylineVertex
 10
-4.41799999999057
 20
2.530999999900814
 30
14.071
 70
    32
  0
VERTEX
  5
90
330
8E
100
AcDbEntity
  8
デフォルト
100
AcDbVertex
100
AcDb3dPolylineVertex
 10
-4.339999999989232
 20
2.562000000005355
 30
14.067
 70
    32
  0
VERTEX
  5
91
330
8E
100
AcDbEntity
  8
デフォルト
100
AcDbVertex
100
AcDb3dPolylineVertex
 10
-4.273000000001048
 20
2.514999999897555
 30
13.966
 70
    32
  0
VERTEX
  5
92
330
8E
100
AcDbEntity
  8
デフォルト
100
AcDbVertex
100
AcDb3dPolylineVertex
 10
-4.339999999989232
 20
2.467999999906169
 30
13.742
 70
    32
  0
VERTEX
  5
93
330
8E
100
AcDbEntity
  8
デフォルト
100
AcDbVertex
100
AcDb3dPolylineVertex
 10
-4.449000000000524
 20
2.421000000002095
 30
13.68
 70
    32
  0
VERTEX
  5
94
330
8E
100
AcDbEntity
  8
デフォルト
100
AcDbVertex
100
AcDb3dPolylineVertex
 10
-4.847999999990861
 20
2.421000000002095
 30
13.709
 70
    32
  0
VERTEX
  5
95
330
8E
100
AcDbEntity
  8
デフォルト
100
AcDbVertex
100
AcDb3dPolylineVertex
 10
-4.934000000001106
 20
2.453000000008615
 30
13.804
 70
    32
  0
VERTEX
  5
96
330
8E
100
AcDbEntity
  8
デフォルト
100
AcDbVertex
100
AcDb3dPolylineVertex
 10
-4.953000000001339
 20
2.514999999897555
 30
14.034
 70
    32
  0
VERTEX
  5
97
330
8E
100
AcDbEntity
  8
デフォルト
100
AcDbVertex
100
AcDb3dPolylineVertex
 10
-4.737999999990279
 20
2.514999999897555
 30
14.092
 70
    32
  0
SEQEND
  5
98
330
8E
100
AcDbEntity
  8
デフォルト
  0
POLYLINE
  5
99
330
1F
100
AcDbEntity
  8
デフォルト
100
AcDb3dPolyline
 66
     1
 10
0.0
 20
0.0
 30
0.0
 70
     9
  0
VERTEX
  5
9A
330
99
100
AcDbEntity
  8
デフォルト
100
AcDbVertex
100
AcDb3dPolylineVertex
 10
1.059000000008382
 20
0.6399999998975545
 30
7.959000000000003
 70
    32
  0
VERTEX
  5
9B
330
99
100
AcDbEntity
  8
デフォルト
100
AcDbVertex
100
AcDb3dPolylineVertex
 10
0.9100000000107684
 20
0.5780000000086147
 30
7.980000000000004
 70
    32
  0
VERTEX
  5
9C
330
99
100
AcDbEntity
  8
デフォルト
100
AcDbVertex
100
AcDb3dPolylineVertex
 10
0.694999999999709
 20
0.6870000000053551
 30
8.058999999999997
 70
    32
  0
VERTEX
  5
9D
330
99
100
AcDbEntity
  8
デフォルト
100
AcDbVertex
100
AcDb3dPolylineVertex
 10
0.6209999999991851
 20
0.8120000000053551
 30
8.399000000000001
 70
    32
  0
VERTEX
  5
9E
330
99
100
AcDbEntity
  8
デフォルト
100
AcDbVertex
100
AcDb3dPolylineVertex
 10
0.6840000000083819
 20
0.8280000000086147
 30
8.474000000000004
 70
    32
  0
VERTEX
  5
9F
330
99
100
AcDbEntity
  8
デフォルト
100
AcDbVertex
100
AcDb3dPolylineVertex
 10
0.9530000000086147
 20
0.8589999999967404
 30
8.509
 70
    32
  0
VERTEX
  5
A0
330
99
100
AcDbEntity
  8
デフォルト
100
AcDbVertex
100
AcDb3dPolylineVertex
 10
1.129000000000815
 20
0.8280000000086147
 30
8.459000000000003
 70
    32
  0
VERTEX
  5
A1
330
99
100
AcDbEntity
  8
デフォルト
100
AcDbVertex
100
AcDb3dPolylineVertex
 10
1.188000000009197
 20
0.7179999999061693
 30
8.252000000000002
 70
    32
  0
VERTEX
  5
A2
330
99
100
AcDbEntity
  8
デフォルト
100
AcDbVertex
100
AcDb3dPolylineVertex
 10
1.171999999998661
 20
0.6870000000053551
 30
8.052
 70
    32
  0
SEQEND
  5
A3
330
99
100
AcDbEntity
  8
デフォルト
  0
POLYLINE
  5
A4
330
1F
100
AcDbEntity
  8
デフォルト
100
AcDb3dPolyline
 66
     1
 10
0.0
 20
0.0
 30
0.0
 70
     9
  0
VERTEX
  5
A5
330
A4
100
AcDbEntity
  8
デフォルト
100
AcDbVertex
100
AcDb3dPolylineVertex
 10
0.7730000000083237
 20
1.23399999999674
 30
9.369999999999997
 70
    32
  0
VERTEX
  5
A6
330
A4
100
AcDbEntity
  8
デフォルト
100
AcDbVertex
100
AcDb3dPolylineVertex
 10
0.6759999999994761
 20
1.25
 30
9.416000000000004
 70
    32
  0
VERTEX
  5
A7
330
A4
100
AcDbEntity
  8
デフォルト
100
AcDbVertex
100
AcDb3dPolylineVertex
 10
0.1090000000112923
 20
1.23399999999674
 30
9.418
 70
    32
  0
VERTEX
  5
A8
330
A4
100
AcDbEntity
  8
デフォルト
100
AcDbVertex
100
AcDb3dPolylineVertex
 10
0.0429999999978463
 20
1.203000000008615
 30
9.490000000000002
 70
    32
  0
VERTEX
  5
A9
330
A4
100
AcDbEntity
  8
デフォルト
100
AcDbVertex
100
AcDb3dPolylineVertex
 10
0.1480000000083237
 20
1.453000000008615
 30
10.018
 70
    32
  0
VERTEX
  5
AA
330
A4
100
AcDbEntity
  8
デフォルト
100
AcDbVertex
100
AcDb3dPolylineVertex
 10
0.2459999999991851
 20
1.453000000008615
 30
10.085
 70
    32
  0
VERTEX
  5
AB
330
A4
100
AcDbEntity
  8
デフォルト
100
AcDbVertex
100
AcDb3dPolylineVertex
 10
0.4060000000099535
 20
1.514999999897555
 30
10.09
 70
    32
  0
VERTEX
  5
AC
330
A4
100
AcDbEntity
  8
デフォルト
100
AcDbVertex
100
AcDb3dPolylineVertex
 10
0.6840000000083819
 20
1.467999999906169
 30
9.921
 70
    32
  0
VERTEX
  5
AD
330
A4
100
AcDbEntity
  8
デフォルト
100
AcDbVertex
100
AcDb3dPolylineVertex
 10
0.9340000000083819
 20
1.217999999906169
 30
9.414000000000001
 70
    32
  0
SEQEND
  5
AE
330
A4
100
AcDbEntity
  8
デフォルト
  0
POLYLINE
  5
AF
330
1F
100
AcDbEntity
  8
デフォルト
100
AcDb3dPolyline
 66
     1
 10
0.0
 20
0.0
 30
0.0
 70
     9
  0
VERTEX
  5
B0
330
AF
100
AcDbEntity
  8
デフォルト
100
AcDbVertex
100
AcDb3dPolylineVertex
 10
0.555000000000291
 20
2.687000000005355
 30
12.724
 70
    32
  0
VERTEX
  5
B1
330
AF
100
AcDbEntity
  8
デフォルト
100
AcDbVertex
100
AcDb3dPolylineVertex
 10
0.8439999999973224
 20
2.812000000005355
 30
12.909
 70
    32
  0
VERTEX
  5
B2
330
AF
100
AcDbEntity
  8
デフォルト
100
AcDbVertex
100
AcDb3dPolylineVertex
 10
0.9769999999989523
 20
2.828000000008615
 30
12.93
 70
    32
  0
VERTEX
  5
B3
330
AF
100
AcDbEntity
  8
デフォルト
100
AcDbVertex
100
AcDb3dPolylineVertex
 10
1.148000000008324
 20
2.828000000008615
 30
12.893
 70
    32
  0
VERTEX
  5
B4
330
AF
100
AcDbEntity
  8
デフォルト
100
AcDbVertex
100
AcDb3dPolylineVertex
 10
1.234000000011292
 20
2.812000000005355
 30
12.827
 70
    32
  0
VERTEX
  5
B5
330
AF
100
AcDbEntity
  8
デフォルト
100
AcDbVertex
100
AcDb3dPolylineVertex
 10
1.27000000001135
 20
2.73399999999674
 30
12.667
 70
    32
  0
VERTEX
  5
B6
330
AF
100
AcDbEntity
  8
デフォルト
100
AcDbVertex
100
AcDb3dPolylineVertex
 10
1.141000000010536
 20
2.671000000002095
 30
12.496
 70
    32
  0
VERTEX
  5
B7
330
AF
100
AcDbEntity
  8
デフォルト
100
AcDbVertex
100
AcDb3dPolylineVertex
 10
0.8550000000104774
 20
2.592999999906169
 30
12.422
 70
    32
  0
VERTEX
  5
B8
330
AF
100
AcDbEntity
  8
デフォルト
100
AcDbVertex
100
AcDb3dPolylineVertex
 10
0.6990000000005239
 20
2.60899999999674
 30
12.386
 70
    32
  0
VERTEX
  5
B9
330
AF
100
AcDbEntity
  8
デフォルト
100
AcDbVertex
100
AcDb3dPolylineVertex
 10
0.6090000000112923
 20
2.655999999900814
 30
12.429
 70
    32
  0
VERTEX
  5
BA
330
AF
100
AcDbEntity
  8
デフォルト
100
AcDbVertex
100
AcDb3dPolylineVertex
 10
0.4959999999991851
 20
2.639999999897555
 30
12.605
 70
    32
  0
VERTEX
  5
BB
330
AF
100
AcDbEntity
  8
デフォルト
100
AcDbVertex
100
AcDb3dPolylineVertex
 10
0.4840000000112923
 20
2.655999999900814
 30
12.649
 70
    32
  0
SEQEND
  5
BC
330
AF
100
AcDbEntity
  8
デフォルト
  0
POLYLINE
  5
BD
330
1F
100
AcDbEntity
  8
デフォルト
100
AcDb3dPolyline
 66
     1
 10
0.0
 20
0.0
 30
0.0
 70
     9
  0
VERTEX
  5
BE
330
BD
100
AcDbEntity
  8
デフォルト
100
AcDbVertex
100
AcDb3dPolylineVertex
 10
-3.784999999988941
 20
2.453000000008615
 30
13.673
 70
    32
  0
VERTEX
  5
BF
330
BD
100
AcDbEntity
  8
デフォルト
100
AcDbVertex
100
AcDb3dPolylineVertex
 10
-3.788999999989755
 20
2.546000000002095
 30
13.751
 70
    32
  0
VERTEX
  5
C0
330
BD
100
AcDbEntity
  8
デフォルト
100
AcDbVertex
100
AcDb3dPolylineVertex
 10
-3.63300000000163
 20
2.625
 30
14.038
 70
    32
  0
VERTEX
  5
C1
330
BD
100
AcDbEntity
  8
デフォルト
100
AcDbVertex
100
AcDb3dPolylineVertex
 10
-3.222999999990861
 20
2.703000000008615
 30
14.038
 70
    32
  0
VERTEX
  5
C2
330
BD
100
AcDbEntity
  8
デフォルト
100
AcDbVertex
100
AcDb3dPolylineVertex
 10
-3.190999999991618
 20
2.687000000005355
 30
13.943
 70
    32
  0
VERTEX
  5
C3
330
BD
100
AcDbEntity
  8
デフォルト
100
AcDbVertex
100
AcDb3dPolylineVertex
 10
-3.22999999998865
 20
2.639999999897555
 30
13.839
 70
    32
  0
VERTEX
  5
C4
330
BD
100
AcDbEntity
  8
デフォルト
100
AcDbVertex
100
AcDb3dPolylineVertex
 10
-3.375
 20
2.592999999906169
 30
13.642
 70
    32
  0
VERTEX
  5
C5
330
BD
100
AcDbEntity
  8
デフォルト
100
AcDbVertex
100
AcDb3dPolylineVertex
 10
-3.460999999995693
 20
2.530999999900814
 30
13.602
 70
    32
  0
VERTEX
  5
C6
330
BD
100
AcDbEntity
  8
デフォルト
100
AcDbVertex
100
AcDb3dPolylineVertex
 10
-3.648000000001048
 20
2.453000000008615
 30
13.633
 70
    32
  0
SEQEND
  5
C7
330
BD
100
AcDbEntity
  8
デフォルト
  0
POLYLINE
  5
C8
330
1F
100
AcDbEntity
  8
デフォルト
100
AcDb3dPolyline
 66
     1
 10
0.0
 20
0.0
 30
0.0
 70
     9
  0
VERTEX
  5
C9
330
C8
100
AcDbEntity
  8
デフォルト
100
AcDbVertex
100
AcDb3dPolylineVertex
 10
1.74199999999837
 20
2.125
 30
11.268
 70
    32
  0
VERTEX
  5
CA
330
C8
100
AcDbEntity
  8
デフォルト
100
AcDbVertex
100
AcDb3dPolylineVertex
 10
2.137000000009721
 20
2.203000000008615
 30
11.297
 70
    32
  0
VERTEX
  5
CB
330
C8
100
AcDbEntity
  8
デフォルト
100
AcDbVertex
100
AcDb3dPolylineVertex
 10
2.300999999999476
 20
2.264999999897555
 30
11.25
 70
    32
  0
VERTEX
  5
CC
330
C8
100
AcDbEntity
  8
デフォルト
100
AcDbVertex
100
AcDb3dPolylineVertex
 10
2.387000000009721
 20
2.155999999900814
 30
10.977
 70
    32
  0
VERTEX
  5
CD
330
C8
100
AcDbEntity
  8
デフォルト
100
AcDbVertex
100
AcDb3dPolylineVertex
 10
2.296999999998661
 20
2.092999999906169
 30
10.899
 70
    32
  0
VERTEX
  5
CE
330
C8
100
AcDbEntity
  8
デフォルト
100
AcDbVertex
100
AcDb3dPolylineVertex
 10
2.148000000008324
 20
2.030999999900814
 30
10.862
 70
    32
  0
VERTEX
  5
CF
330
C8
100
AcDbEntity
  8
デフォルト
100
AcDbVertex
100
AcDb3dPolylineVertex
 10
1.891000000010536
 20
2.0
 30
10.851
 70
    32
  0
VERTEX
  5
D0
330
C8
100
AcDbEntity
  8
デフォルト
100
AcDbVertex
100
AcDb3dPolylineVertex
 10
1.620999999999185
 20
2.030999999900814
 30
10.864
 70
    32
  0
VERTEX
  5
D1
330
C8
100
AcDbEntity
  8
デフォルト
100
AcDbVertex
100
AcDb3dPolylineVertex
 10
1.605000000010477
 20
2.014999999897555
 30
11.03
 70
    32
  0
SEQEND
  5
D2
330
C8
100
AcDbEntity
  8
デフォルト
  0
POLYLINE
  5
D3
330
1F
100
AcDbEntity
  8
デフォルト
100
AcDb3dPolyline
 66
     1
 10
0.0
 20
0.0
 30
0.0
 70
     9
  0
VERTEX
  5
D4
330
D3
100
AcDbEntity
  8
デフォルト
100
AcDbVertex
100
AcDb3dPolylineVertex
 10
-1.194999999999709
 20
0.7179999999061693
 30
8.695
 70
    32
  0
VERTEX
  5
D5
330
D3
100
AcDbEntity
  8
デフォルト
100
AcDbVertex
100
AcDb3dPolylineVertex
 10
-1.305000000000291
 20
0.7179999999061693
 30
8.658000000000001
 70
    32
  0
VERTEX
  5
D6
330
D3
100
AcDbEntity
  8
デフォルト
100
AcDbVertex
100
AcDb3dPolylineVertex
 10
-1.640999999988708
 20
0.6089999999967404
 30
8.649999999999999
 70
    32
  0
VERTEX
  5
D7
330
D3
100
AcDbEntity
  8
デフォルト
100
AcDbVertex
100
AcDb3dPolylineVertex
 10
-1.79299999999057
 20
0.6399999998975545
 30
8.652999999999999
 70
    32
  0
VERTEX
  5
D8
330
D3
100
AcDbEntity
  8
デフォルト
100
AcDbVertex
100
AcDb3dPolylineVertex
 10
-1.879000000000815
 20
0.6710000000020955
 30
8.796
 70
    32
  0
VERTEX
  5
D9
330
D3
100
AcDbEntity
  8
デフォルト
100
AcDbVertex
100
AcDb3dPolylineVertex
 10
-1.957000000002154
 20
0.7960000000020955
 30
9.027000000000001
 70
    32
  0
VERTEX
  5
DA
330
D3
100
AcDbEntity
  8
デフォルト
100
AcDbVertex
100
AcDb3dPolylineVertex
 10
-1.832000000002154
 20
0.8120000000053551
 30
9.160000000000004
 70
    32
  0
VERTEX
  5
DB
330
D3
100
AcDbEntity
  8
デフォルト
100
AcDbVertex
100
AcDb3dPolylineVertex
 10
-1.684000000001106
 20
0.875
 30
9.182000000000002
 70
    32
  0
VERTEX
  5
DC
330
D3
100
AcDbEntity
  8
デフォルト
100
AcDbVertex
100
AcDb3dPolylineVertex
 10
-1.394999999989523
 20
0.8589999999967404
 30
9.165
 70
    32
  0
VERTEX
  5
DD
330
D3
100
AcDbEntity
  8
デフォルト
100
AcDbVertex
100
AcDb3dPolylineVertex
 10
-1.233999999989464
 20
0.9370000000053551
 30
9.131999999999998
 70
    32
  0
VERTEX
  5
DE
330
D3
100
AcDbEntity
  8
デフォルト
100
AcDbVertex
100
AcDb3dPolylineVertex
 10
-1.210999999995693
 20
0.9530000000086147
 30
9.054000000000002
 70
    32
  0
VERTEX
  5
DF
330
D3
100
AcDbEntity
  8
デフォルト
100
AcDbVertex
100
AcDb3dPolylineVertex
 10
-1.186999999990803
 20
0.8899999998975545
 30
8.828000000000003
 70
    32
  0
VERTEX
  5
E0
330
D3
100
AcDbEntity
  8
デフォルト
100
AcDbVertex
100
AcDb3dPolylineVertex
 10
-1.159999999988941
 20
0.7960000000020955
 30
8.765
 70
    32
  0
SEQEND
  5
E1
330
D3
100
AcDbEntity
  8
デフォルト
  0
POLYLINE
  5
E2
330
1F
100
AcDbEntity
  8
デフォルト
100
AcDb3dPolyline
 66
     1
 10
0.0
 20
0.0
 30
0.0
 70
     9
  0
VERTEX
  5
E3
330
E2
100
AcDbEntity
  8
デフォルト
100
AcDbVertex
100
AcDb3dPolylineVertex
 10
-3.430000000000291
 20
2.187000000005355
 30
12.663
 70
    32
  0
VERTEX
  5
E4
330
E2
100
AcDbEntity
  8
デフォルト
100
AcDbVertex
100
AcDb3dPolylineVertex
 10
-3.47999999998865
 20
2.280999999900814
 30
12.928
 70
    32
  0
VERTEX
  5
E5
330
E2
100
AcDbEntity
  8
デフォルト
100
AcDbVertex
100
AcDb3dPolylineVertex
 10
-3.436999999990803
 20
2.328000000008615
 30
13.024
 70
    32
  0
VERTEX
  5
E6
330
E2
100
AcDbEntity
  8
デフォルト
100
AcDbVertex
100
AcDb3dPolylineVertex
 10
-3.38300000000163
 20
2.389999999897555
 30
13.052
 70
    32
  0
VERTEX
  5
E7
330
E2
100
AcDbEntity
  8
デフォルト
100
AcDbVertex
100
AcDb3dPolylineVertex
 10
-3.315999999991618
 20
2.328000000008615
 30
12.99
 70
    32
  0
VERTEX
  5
E8
330
E2
100
AcDbEntity
  8
デフォルト
100
AcDbVertex
100
AcDb3dPolylineVertex
 10
-3.273000000001048
 20
2.25
 30
12.761
 70
    32
  0
VERTEX
  5
E9
330
E2
100
AcDbEntity
  8
デフォルト
100
AcDbVertex
100
AcDb3dPolylineVertex
 10
-3.35499999998865
 20
2.171000000002095
 30
12.62
 70
    32
  0
SEQEND
  5
EA
330
E2
100
AcDbEntity
  8
デフォルト
  0
POLYLINE
  5
EB
330
1F
100
AcDbEntity
  8
デフォルト
100
AcDb3dPolyline
 66
     1
 10
0.0
 20
0.0
 30
0.0
 70
     9
  0
VERTEX
  5
EC
330
EB
100
AcDbEntity
  8
デフォルト
100
AcDbVertex
100
AcDb3dPolylineVertex
 10
-0.555000000000291
 20
2.078000000008615
 30
11.699
 70
    32
  0
VERTEX
  5
ED
330
EB
100
AcDbEntity
  8
デフォルト
100
AcDbVertex
100
AcDb3dPolylineVertex
 10
-0.5159999999887077
 20
2.0
 30
11.477
 70
    32
  0
VERTEX
  5
EE
330
EB
100
AcDbEntity
  8
デフォルト
100
AcDbVertex
100
AcDb3dPolylineVertex
 10
-0.6129999999902793
 20
1.953000000008615
 30
11.369
 70
    32
  0
VERTEX
  5
EF
330
EB
100
AcDbEntity
  8
デフォルト
100
AcDbVertex
100
AcDb3dPolylineVertex
 10
-0.7730000000010477
 20
1.937000000005355
 30
11.378
 70
    32
  0
VERTEX
  5
F0
330
EB
100
AcDbEntity
  8
デフォルト
100
AcDbVertex
100
AcDb3dPolylineVertex
 10
-0.8280000000013388
 20
2.014999999897555
 30
11.506
 70
    32
  0
VERTEX
  5
F1
330
EB
100
AcDbEntity
  8
デフォルト
100
AcDbVertex
100
AcDb3dPolylineVertex
 10
-0.75
 20
2.092999999906169
 30
11.722
 70
    32
  0
VERTEX
  5
F2
330
EB
100
AcDbEntity
  8
デフォルト
100
AcDbVertex
100
AcDb3dPolylineVertex
 10
-0.7540000000008149
 20
2.125
 30
11.857
 70
    32
  0
VERTEX
  5
F3
330
EB
100
AcDbEntity
  8
デフォルト
100
AcDbVertex
100
AcDb3dPolylineVertex
 10
-0.6679999999905704
 20
2.217999999906169
 30
11.966
 70
    32
  0
VERTEX
  5
F4
330
EB
100
AcDbEntity
  8
デフォルト
100
AcDbVertex
100
AcDb3dPolylineVertex
 10
-0.6169999999910942
 20
2.203000000008615
 30
11.918
 70
    32
  0
SEQEND
  5
F5
330
EB
100
AcDbEntity
  8
デフォルト
  0
POLYLINE
  5
F6
330
1F
100
AcDbEntity
  8
デフォルト
100
AcDb3dPolyline
 66
     1
 10
0.0
 20
0.0
 30
0.0
 70
     9
  0
VERTEX
  5
F7
330
F6
100
AcDbEntity
  8
デフォルト
100
AcDbVertex
100
AcDb3dPolylineVertex
 10
-0.4139999999897555
 20
2.264999999897555
 30
12.068
 70
    32
  0
VERTEX
  5
F8
330
F6
100
AcDbEntity
  8
デフォルト
100
AcDbVertex
100
AcDb3dPolylineVertex
 10
-0.5619999999908032
 20
2.23399999999674
 30
12.07
 70
    32
  0
VERTEX
  5
F9
330
F6
100
AcDbEntity
  8
デフォルト
100
AcDbVertex
100
AcDb3dPolylineVertex
 10
-0.9259999999994761
 20
2.217999999906169
 30
12.161
 70
    32
  0
VERTEX
  5
FA
330
F6
100
AcDbEntity
  8
デフォルト
100
AcDbVertex
100
AcDb3dPolylineVertex
 10
-1.019999999989523
 20
2.328000000008615
 30
12.194
 70
    32
  0
VERTEX
  5
FB
330
F6
100
AcDbEntity
  8
デフォルト
100
AcDbVertex
100
AcDb3dPolylineVertex
 10
-0.8980000000010477
 20
2.35899999999674
 30
12.395
 70
    32
  0
VERTEX
  5
FC
330
F6
100
AcDbEntity
  8
デフォルト
100
AcDbVertex
100
AcDb3dPolylineVertex
 10
-0.7030000000013388
 20
2.405999999900814
 30
12.516
 70
    32
  0
VERTEX
  5
FD
330
F6
100
AcDbEntity
  8
デフォルト
100
AcDbVertex
100
AcDb3dPolylineVertex
 10
-0.680000000000291
 20
2.453000000008615
 30
12.594
 70
    32
  0
VERTEX
  5
FE
330
F6
100
AcDbEntity
  8
デフォルト
100
AcDbVertex
100
AcDb3dPolylineVertex
 10
-0.555000000000291
 20
2.530999999900814
 30
12.672
 70
    32
  0
VERTEX
  5
FF
330
F6
100
AcDbEntity
  8
デフォルト
100
AcDbVertex
100
AcDb3dPolylineVertex
 10
-0.375
 20
2.546000000002095
 30
12.662
 70
    32
  0
VERTEX
  5
100
330
F6
100
AcDbEntity
  8
デフォルト
100
AcDbVertex
100
AcDb3dPolylineVertex
 10
-0.1759999999994761
 20
2.546000000002095
 30
12.515
 70
    32
  0
VERTEX
  5
101
330
F6
100
AcDbEntity
  8
デフォルト
100
AcDbVertex
100
AcDb3dPolylineVertex
 10
-0.1840000000011059
 20
2.578000000008615
 30
12.487
 70
    32
  0
VERTEX
  5
102
330
F6
100
AcDbEntity
  8
デフォルト
100
AcDbVertex
100
AcDb3dPolylineVertex
 10
-0.1869999999908032
 20
2.328000000008615
 30
12.089
 70
    32
  0
SEQEND
  5
103
330
F6
100
AcDbEntity
  8
デフォルト
  0
POLYLINE
  5
104
330
1F
100
AcDbEntity
  8
デフォルト
100
AcDb3dPolyline
 66
     1
 10
0.0
 20
0.0
 30
0.0
 70
     9
  0
VERTEX
  5
105
330
104
100
AcDbEntity
  8
デフォルト
100
AcDbVertex
100
AcDb3dPolylineVertex
 10
0.2660000000105356
 20
1.453000000008615
 30
10.183
 70
    32
  0
VERTEX
  5
106
330
104
100
AcDbEntity
  8
デフォルト
100
AcDbVertex
100
AcDb3dPolylineVertex
 10
0.0509999999994761
 20
1.421000000002095
 30
10.098
 70
    32
  0
VERTEX
  5
107
330
104
100
AcDbEntity
  8
デフォルト
100
AcDbVertex
100
AcDb3dPolylineVertex
 10
-0.1449999999895226
 20
1.405999999900814
 30
10.107
 70
    32
  0
VERTEX
  5
108
330
104
100
AcDbEntity
  8
デフォルト
100
AcDbVertex
100
AcDb3dPolylineVertex
 10
-0.2379999999902793
 20
1.437000000005355
 30
10.182
 70
    32
  0
VERTEX
  5
109
330
104
100
AcDbEntity
  8
デフォルト
100
AcDbVertex
100
AcDb3dPolylineVertex
 10
-0.2620000000024447
 20
1.530999999900814
 30
10.251
 70
    32
  0
VERTEX
  5
10A
330
104
100
AcDbEntity
  8
デフォルト
100
AcDbVertex
100
AcDb3dPolylineVertex
 10
-0.2109999999956926
 20
1.639999999897555
 30
10.47
 70
    32
  0
VERTEX
  5
10B
330
104
100
AcDbEntity
  8
デフォルト
100
AcDbVertex
100
AcDb3dPolylineVertex
 10
-0.0859999999956926
 20
1.625
 30
10.605
 70
    32
  0
VERTEX
  5
10C
330
104
100
AcDbEntity
  8
デフォルト
100
AcDbVertex
100
AcDb3dPolylineVertex
 10
0.2379999999975553
 20
1.703000000008615
 30
10.6
 70
    32
  0
VERTEX
  5
10D
330
104
100
AcDbEntity
  8
デフォルト
100
AcDbVertex
100
AcDb3dPolylineVertex
 10
0.4020000000091386
 20
1.639999999897555
 30
10.544
 70
    32
  0
VERTEX
  5
10E
330
104
100
AcDbEntity
  8
デフォルト
100
AcDbVertex
100
AcDb3dPolylineVertex
 10
0.5040000000008149
 20
1.639999999897555
 30
10.422
 70
    32
  0
VERTEX
  5
10F
330
104
100
AcDbEntity
  8
デフォルト
100
AcDbVertex
100
AcDb3dPolylineVertex
 10
0.5270000000091386
 20
1.562000000005355
 30
10.304
 70
    32
  0
VERTEX
  5
110
330
104
100
AcDbEntity
  8
デフォルト
100
AcDbVertex
100
AcDb3dPolylineVertex
 10
0.444999999999709
 20
1.5
 30
10.242
 70
    32
  0
SEQEND
  5
111
330
104
100
AcDbEntity
  8
デフォルト
  0
POLYLINE
  5
112
330
1F
100
AcDbEntity
  8
デフォルト
100
AcDb3dPolyline
 66
     1
 10
0.0
 20
0.0
 30
0.0
 70
     9
  0
VERTEX
  5
113
330
112
100
AcDbEntity
  8
デフォルト
100
AcDbVertex
100
AcDb3dPolylineVertex
 10
-0.9060000000026776
 20
1.546000000002095
 30
10.529
 70
    32
  0
VERTEX
  5
114
330
112
100
AcDbEntity
  8
デフォルト
100
AcDbVertex
100
AcDb3dPolylineVertex
 10
-1.156000000002678
 20
1.467999999906169
 30
10.456
 70
    32
  0
VERTEX
  5
115
330
112
100
AcDbEntity
  8
デフォルト
100
AcDbVertex
100
AcDb3dPolylineVertex
 10
-0.819999999999709
 20
1.671000000002095
 30
10.576
 70
    32
  0
VERTEX
  5
116
330
112
100
AcDbEntity
  8
デフォルト
100
AcDbVertex
100
AcDb3dPolylineVertex
 10
-0.7419999999910942
 20
1.671000000002095
 30
10.576
 70
    32
  0
SEQEND
  5
117
330
112
100
AcDbEntity
  8
デフォルト
  0
POLYLINE
  5
118
330
1F
100
AcDbEntity
  8
デフォルト
100
AcDb3dPolyline
 66
     1
 10
0.0
 20
0.0
 30
0.0
 70
     9
  0
VERTEX
  5
119
330
118
100
AcDbEntity
  8
デフォルト
100
AcDbVertex
100
AcDb3dPolylineVertex
 10
-2.726999999991676
 20
2.546000000002095
 30
13.306
 70
    32
  0
VERTEX
  5
11A
330
118
100
AcDbEntity
  8
デフォルト
100
AcDbVertex
100
AcDb3dPolylineVertex
 10
-2.784999999988941
 20
2.625
 30
13.518
 70
    32
  0
VERTEX
  5
11B
330
118
100
AcDbEntity
  8
デフォルト
100
AcDbVertex
100
AcDb3dPolylineVertex
 10
-2.652000000001863
 20
2.655999999900814
 30
13.628
 70
    32
  0
VERTEX
  5
11C
330
118
100
AcDbEntity
  8
デフォルト
100
AcDbVertex
100
AcDb3dPolylineVertex
 10
-2.468999999990046
 20
2.717999999906169
 30
13.673
 70
    32
  0
VERTEX
  5
11D
330
118
100
AcDbEntity
  8
デフォルト
100
AcDbVertex
100
AcDb3dPolylineVertex
 10
-2.262000000002445
 20
2.687000000005355
 30
13.633
 70
    32
  0
VERTEX
  5
11E
330
118
100
AcDbEntity
  8
デフォルト
100
AcDbVertex
100
AcDb3dPolylineVertex
 10
-1.953000000001339
 20
2.73399999999674
 30
13.601
 70
    32
  0
VERTEX
  5
11F
330
118
100
AcDbEntity
  8
デフォルト
100
AcDbVertex
100
AcDb3dPolylineVertex
 10
-2.004000000000815
 20
2.60899999999674
 30
13.328
 70
    32
  0
VERTEX
  5
120
330
118
100
AcDbEntity
  8
デフォルト
100
AcDbVertex
100
AcDb3dPolylineVertex
 10
-2.046999999991385
 20
2.578000000008615
 30
13.312
 70
    32
  0
VERTEX
  5
121
330
118
100
AcDbEntity
  8
デフォルト
100
AcDbVertex
100
AcDb3dPolylineVertex
 10
-2.29299999999057
 20
2.562000000005355
 30
13.263
 70
    32
  0
VERTEX
  5
122
330
118
100
AcDbEntity
  8
デフォルト
100
AcDbVertex
100
AcDb3dPolylineVertex
 10
-2.362999999990279
 20
2.578000000008615
 30
13.205
 70
    32
  0
VERTEX
  5
123
330
118
100
AcDbEntity
  8
デフォルト
100
AcDbVertex
100
AcDb3dPolylineVertex
 10
-2.523000000001048
 20
2.5
 30
13.215
 70
    32
  0
VERTEX
  5
124
330
118
100
AcDbEntity
  8
デフォルト
100
AcDbVertex
100
AcDb3dPolylineVertex
 10
-2.637000000002445
 20
2.5
 30
13.227
 70
    32
  0
SEQEND
  5
125
330
118
100
AcDbEntity
  8
デフォルト
  0
POLYLINE
  5
126
330
1F
100
AcDbEntity
  8
デフォルト
100
AcDb3dPolyline
 66
     1
 10
0.0
 20
0.0
 30
0.0
 70
     9
  0
VERTEX
  5
127
330
126
100
AcDbEntity
  8
デフォルト
100
AcDbVertex
100
AcDb3dPolylineVertex
 10
-0.7620000000024447
 20
2.125
 30
11.816
 70
    32
  0
VERTEX
  5
128
330
126
100
AcDbEntity
  8
デフォルト
100
AcDbVertex
100
AcDb3dPolylineVertex
 10
-0.7889999999897555
 20
2.030999999900814
 30
11.629
 70
    32
  0
VERTEX
  5
129
330
126
100
AcDbEntity
  8
デフォルト
100
AcDbVertex
100
AcDb3dPolylineVertex
 10
-0.8439999999900465
 20
2.014999999897555
 30
11.527
 70
    32
  0
VERTEX
  5
12A
330
126
100
AcDbEntity
  8
デフォルト
100
AcDbVertex
100
AcDb3dPolylineVertex
 10
-1.175999999999476
 20
1.921000000002095
 30
11.524
 70
    32
  0
VERTEX
  5
12B
330
126
100
AcDbEntity
  8
デフォルト
100
AcDbVertex
100
AcDb3dPolylineVertex
 10
-1.781000000002678
 20
1.889999999897555
 30
11.638
 70
    32
  0
VERTEX
  5
12C
330
126
100
AcDbEntity
  8
デフォルト
100
AcDbVertex
100
AcDb3dPolylineVertex
 10
-1.796999999991385
 20
1.953000000008615
 30
11.828
 70
    32
  0
VERTEX
  5
12D
330
126
100
AcDbEntity
  8
デフォルト
100
AcDbVertex
100
AcDb3dPolylineVertex
 10
-1.733999999989464
 20
2.078000000008615
 30
12.053
 70
    32
  0
VERTEX
  5
12E
330
126
100
AcDbEntity
  8
デフォルト
100
AcDbVertex
100
AcDb3dPolylineVertex
 10
-1.565999999991618
 20
2.23399999999674
 30
12.239
 70
    32
  0
VERTEX
  5
12F
330
126
100
AcDbEntity
  8
デフォルト
100
AcDbVertex
100
AcDb3dPolylineVertex
 10
-1.409999999988941
 20
2.155999999900814
 30
12.158
 70
    32
  0
VERTEX
  5
130
330
126
100
AcDbEntity
  8
デフォルト
100
AcDbVertex
100
AcDb3dPolylineVertex
 10
-1.116999999991094
 20
2.171000000002095
 30
12.07
 70
    32
  0
VERTEX
  5
131
330
126
100
AcDbEntity
  8
デフォルト
100
AcDbVertex
100
AcDb3dPolylineVertex
 10
-0.8119999999908032
 20
2.155999999900814
 30
11.918
 70
    32
  0
SEQEND
  5
132
330
126
100
AcDbEntity
  8
デフォルト
  0
POLYLINE
  5
133
330
1F
100
AcDbEntity
  8
デフォルト
100
AcDb3dPolyline
 66
     1
 10
0.0
 20
0.0
 30
0.0
 70
     9
  0
VERTEX
  5
134
330
133
100
AcDbEntity
  8
デフォルト
100
AcDbVertex
100
AcDb3dPolylineVertex
 10
1.883000000008906
 20
0.6399999998975545
 30
7.972000000000001
 70
    32
  0
VERTEX
  5
135
330
133
100
AcDbEntity
  8
デフォルト
100
AcDbVertex
100
AcDb3dPolylineVertex
 10
1.61699999999837
 20
0.625
 30
7.932000000000002
 70
    32
  0
VERTEX
  5
136
330
133
100
AcDbEntity
  8
デフォルト
100
AcDbVertex
100
AcDb3dPolylineVertex
 10
1.410000000010768
 20
0.6710000000020955
 30
7.926000000000002
 70
    32
  0
VERTEX
  5
137
330
133
100
AcDbEntity
  8
デフォルト
100
AcDbVertex
100
AcDb3dPolylineVertex
 10
1.218999999997322
 20
0.75
 30
8.091999999999999
 70
    32
  0
VERTEX
  5
138
330
133
100
AcDbEntity
  8
デフォルト
100
AcDbVertex
100
AcDb3dPolylineVertex
 10
1.245999999999185
 20
0.8120000000053551
 30
8.314999999999998
 70
    32
  0
VERTEX
  5
139
330
133
100
AcDbEntity
  8
デフォルト
100
AcDbVertex
100
AcDb3dPolylineVertex
 10
1.487999999997555
 20
0.7809999999008141
 30
8.393999999999998
 70
    32
  0
VERTEX
  5
13A
330
133
100
AcDbEntity
  8
デフォルト
100
AcDbVertex
100
AcDb3dPolylineVertex
 10
1.718999999997322
 20
0.875
 30
8.418
 70
    32
  0
VERTEX
  5
13B
330
133
100
AcDbEntity
  8
デフォルト
100
AcDbVertex
100
AcDb3dPolylineVertex
 10
1.987999999997555
 20
0.8280000000086147
 30
8.294000000000004
 70
    32
  0
VERTEX
  5
13C
330
133
100
AcDbEntity
  8
デフォルト
100
AcDbVertex
100
AcDb3dPolylineVertex
 10
2.035000000010768
 20
0.7030000000086147
 30
8.041000000000004
 70
    32
  0
VERTEX
  5
13D
330
133
100
AcDbEntity
  8
デフォルト
100
AcDbVertex
100
AcDb3dPolylineVertex
 10
1.995999999999185
 20
0.6710000000020955
 30
7.981000000000002
 70
    32
  0
SEQEND
  5
13E
330
133
100
AcDbEntity
  8
デフォルト
  0
POLYLINE
  5
13F
330
1F
100
AcDbEntity
  8
デフォルト
100
AcDb3dPolyline
 66
     1
 10
0.0
 20
0.0
 30
0.0
 70
     9
  0
VERTEX
  5
140
330
13F
100
AcDbEntity
  8
デフォルト
100
AcDbVertex
100
AcDb3dPolylineVertex
 10
0.5860000000102445
 20
1.687000000005355
 30
10.576
 70
    32
  0
VERTEX
  5
141
330
13F
100
AcDbEntity
  8
デフォルト
100
AcDbVertex
100
AcDb3dPolylineVertex
 10
0.4490000000005239
 20
1.671000000002095
 30
10.602
 70
    32
  0
VERTEX
  5
142
330
13F
100
AcDbEntity
  8
デフォルト
100
AcDbVertex
100
AcDb3dPolylineVertex
 10
0.3360000000102445
 20
1.687000000005355
 30
10.575
 70
    32
  0
VERTEX
  5
143
330
13F
100
AcDbEntity
  8
デフォルト
100
AcDbVertex
100
AcDb3dPolylineVertex
 10
0.2620000000097207
 20
1.73399999999674
 30
10.607
 70
    32
  0
VERTEX
  5
144
330
13F
100
AcDbEntity
  8
デフォルト
100
AcDbVertex
100
AcDb3dPolylineVertex
 10
0.2419999999983702
 20
1.796000000002095
 30
10.689
 70
    32
  0
VERTEX
  5
145
330
13F
100
AcDbEntity
  8
デフォルト
100
AcDbVertex
100
AcDb3dPolylineVertex
 10
0.25
 20
1.75
 30
10.724
 70
    32
  0
VERTEX
  5
146
330
13F
100
AcDbEntity
  8
デフォルト
100
AcDbVertex
100
AcDb3dPolylineVertex
 10
0.2269999999989523
 20
1.796000000002095
 30
10.897
 70
    32
  0
VERTEX
  5
147
330
13F
100
AcDbEntity
  8
デフォルト
100
AcDbVertex
100
AcDb3dPolylineVertex
 10
0.1719999999986612
 20
2.014999999897555
 30
11.269
 70
    32
  0
VERTEX
  5
148
330
13F
100
AcDbEntity
  8
デフォルト
100
AcDbVertex
100
AcDb3dPolylineVertex
 10
0.2189999999973224
 20
2.014999999897555
 30
11.381
 70
    32
  0
VERTEX
  5
149
330
13F
100
AcDbEntity
  8
デフォルト
100
AcDbVertex
100
AcDb3dPolylineVertex
 10
0.6840000000083819
 20
1.687000000005355
 30
10.59
 70
    32
  0
SEQEND
  5
14A
330
13F
100
AcDbEntity
  8
デフォルト
  0
POLYLINE
  5
14B
330
1F
100
AcDbEntity
  8
デフォルト
100
AcDb3dPolyline
 66
     1
 10
0.0
 20
0.0
 30
0.0
 70
     9
  0
VERTEX
  5
14C
330
14B
100
AcDbEntity
  8
デフォルト
100
AcDbVertex
100
AcDb3dPolylineVertex
 10
1.590000000011059
 20
2.10899999999674
 30
11.297
 70
    32
  0
VERTEX
  5
14D
330
14B
100
AcDbEntity
  8
デフォルト
100
AcDbVertex
100
AcDb3dPolylineVertex
 10
1.190999999998894
 20
2.10899999999674
 30
11.301
 70
    32
  0
VERTEX
  5
14E
330
14B
100
AcDbEntity
  8
デフォルト
100
AcDbVertex
100
AcDb3dPolylineVertex
 10
0.9729999999981374
 20
2.125
 30
11.352
 70
    32
  0
VERTEX
  5
14F
330
14B
100
AcDbEntity
  8
デフォルト
100
AcDbVertex
100
AcDb3dPolylineVertex
 10
0.9769999999989523
 20
2.187000000005355
 30
11.488
 70
    32
  0
VERTEX
  5
150
330
14B
100
AcDbEntity
  8
デフォルト
100
AcDbVertex
100
AcDb3dPolylineVertex
 10
1.074000000000524
 20
2.280999999900814
 30
11.66
 70
    32
  0
VERTEX
  5
151
330
14B
100
AcDbEntity
  8
デフォルト
100
AcDbVertex
100
AcDb3dPolylineVertex
 10
1.112999999997555
 20
2.264999999897555
 30
11.687
 70
    32
  0
VERTEX
  5
152
330
14B
100
AcDbEntity
  8
デフォルト
100
AcDbVertex
100
AcDb3dPolylineVertex
 10
1.190999999998894
 20
2.375
 30
11.815
 70
    32
  0
VERTEX
  5
153
330
14B
100
AcDbEntity
  8
デフォルト
100
AcDbVertex
100
AcDb3dPolylineVertex
 10
1.211000000010245
 20
2.35899999999674
 30
11.855
 70
    32
  0
VERTEX
  5
154
330
14B
100
AcDbEntity
  8
デフォルト
100
AcDbVertex
100
AcDb3dPolylineVertex
 10
1.89500000001135
 20
2.187000000005355
 30
11.388
 70
    32
  0
SEQEND
  5
155
330
14B
100
AcDbEntity
  8
デフォルト
  0
POLYLINE
  5
156
330
1F
100
AcDbEntity
  8
デフォルト
100
AcDb3dPolyline
 66
     1
 10
0.0
 20
0.0
 30
0.0
 70
     9
  0
VERTEX
  5
157
330
156
100
AcDbEntity
  8
デフォルト
100
AcDbVertex
100
AcDb3dPolylineVertex
 10
0.0310000000099535
 20
1.155999999900814
 30
9.305999999999997
 70
    32
  0
VERTEX
  5
158
330
156
100
AcDbEntity
  8
デフォルト
100
AcDbVertex
100
AcDb3dPolylineVertex
 10
-0.2889999999897555
 20
1.078000000008615
 30
9.243000000000002
 70
    32
  0
VERTEX
  5
159
330
156
100
AcDbEntity
  8
デフォルト
100
AcDbVertex
100
AcDb3dPolylineVertex
 10
-0.5659999999916181
 20
1.125
 30
9.179000000000002
 70
    32
  0
VERTEX
  5
15A
330
156
100
AcDbEntity
  8
デフォルト
100
AcDbVertex
100
AcDb3dPolylineVertex
 10
-0.6759999999994761
 20
1.139999999897555
 30
9.262
 70
    32
  0
VERTEX
  5
15B
330
156
100
AcDbEntity
  8
デフォルト
100
AcDbVertex
100
AcDb3dPolylineVertex
 10
-0.7229999999908614
 20
1.203000000008615
 30
9.408000000000001
 70
    32
  0
VERTEX
  5
15C
330
156
100
AcDbEntity
  8
デフォルト
100
AcDbVertex
100
AcDb3dPolylineVertex
 10
-0.569999999999709
 20
1.328000000008615
 30
9.963000000000001
 70
    32
  0
VERTEX
  5
15D
330
156
100
AcDbEntity
  8
デフォルト
100
AcDbVertex
100
AcDb3dPolylineVertex
 10
-0.1449999999895226
 20
1.375
 30
9.992000000000004
 70
    32
  0
VERTEX
  5
15E
330
156
100
AcDbEntity
  8
デフォルト
100
AcDbVertex
100
AcDb3dPolylineVertex
 10
0.0160000000105356
 20
1.389999999897555
 30
9.907000000000004
 70
    32
  0
SEQEND
  5
15F
330
156
100
AcDbEntity
  8
デフォルト
  0
POLYLINE
  5
160
330
1F
100
AcDbEntity
  8
デフォルト
100
AcDb3dPolyline
 66
     1
 10
0.0
 20
0.0
 30
0.0
 70
     9
  0
VERTEX
  5
161
330
160
100
AcDbEntity
  8
デフォルト
100
AcDbVertex
100
AcDb3dPolylineVertex
 10
-4.300999999999476
 20
1.812000000005355
 30
12.103
 70
    32
  0
VERTEX
  5
162
330
160
100
AcDbEntity
  8
デフォルト
100
AcDbVertex
100
AcDb3dPolylineVertex
 10
-4.074000000000524
 20
1.764999999897555
 30
11.959
 70
    32
  0
VERTEX
  5
163
330
160
100
AcDbEntity
  8
デフォルト
100
AcDbVertex
100
AcDb3dPolylineVertex
 10
-4.093999999990046
 20
1.73399999999674
 30
11.905
 70
    32
  0
VERTEX
  5
164
330
160
100
AcDbEntity
  8
デフォルト
100
AcDbVertex
100
AcDb3dPolylineVertex
 10
-4.186999999990803
 20
1.671000000002095
 30
11.768
 70
    32
  0
VERTEX
  5
165
330
160
100
AcDbEntity
  8
デフォルト
100
AcDbVertex
100
AcDb3dPolylineVertex
 10
-4.430000000000291
 20
1.592999999906169
 30
11.563
 70
    32
  0
VERTEX
  5
166
330
160
100
AcDbEntity
  8
デフォルト
100
AcDbVertex
100
AcDb3dPolylineVertex
 10
-4.656000000002678
 20
1.578000000008615
 30
11.519
 70
    32
  0
VERTEX
  5
167
330
160
100
AcDbEntity
  8
デフォルト
100
AcDbVertex
100
AcDb3dPolylineVertex
 10
-4.754000000000815
 20
1.75
 30
11.96
 70
    32
  0
VERTEX
  5
168
330
160
100
AcDbEntity
  8
デフォルト
100
AcDbVertex
100
AcDb3dPolylineVertex
 10
-4.644999999989523
 20
1.796000000002095
 30
12.049
 70
    32
  0
SEQEND
  5
169
330
160
100
AcDbEntity
  8
デフォルト
  0
POLYLINE
  5
16A
330
1F
100
AcDbEntity
  8
デフォルト
100
AcDb3dPolyline
 66
     1
 10
0.0
 20
0.0
 30
0.0
 70
     9
  0
VERTEX
  5
16B
330
16A
100
AcDbEntity
  8
デフォルト
100
AcDbVertex
100
AcDb3dPolylineVertex
 10
-4.38300000000163
 20
2.171000000002095
 30
13.074
 70
    32
  0
VERTEX
  5
16C
330
16A
100
AcDbEntity
  8
デフォルト
100
AcDbVertex
100
AcDb3dPolylineVertex
 10
-4.186999999990803
 20
2.203000000008615
 30
13.071
 70
    32
  0
VERTEX
  5
16D
330
16A
100
AcDbEntity
  8
デフォルト
100
AcDbVertex
100
AcDb3dPolylineVertex
 10
-4.108999999989464
 20
2.171000000002095
 30
12.934
 70
    32
  0
VERTEX
  5
16E
330
16A
100
AcDbEntity
  8
デフォルト
100
AcDbVertex
100
AcDb3dPolylineVertex
 10
-4.152000000001863
 20
2.10899999999674
 30
12.69
 70
    32
  0
VERTEX
  5
16F
330
16A
100
AcDbEntity
  8
デフォルト
100
AcDbVertex
100
AcDb3dPolylineVertex
 10
-4.394999999989523
 20
2.092999999906169
 30
12.663
 70
    32
  0
VERTEX
  5
170
330
16A
100
AcDbEntity
  8
デフォルト
100
AcDbVertex
100
AcDb3dPolylineVertex
 10
-5.0
 20
1.967999999906169
 30
12.716
 70
    32
  0
VERTEX
  5
171
330
16A
100
AcDbEntity
  8
デフォルト
100
AcDbVertex
100
AcDb3dPolylineVertex
 10
-5.262000000002445
 20
2.0
 30
12.728
 70
    32
  0
VERTEX
  5
172
330
16A
100
AcDbEntity
  8
デフォルト
100
AcDbVertex
100
AcDb3dPolylineVertex
 10
-5.29299999999057
 20
2.0
 30
12.784
 70
    32
  0
VERTEX
  5
173
330
16A
100
AcDbEntity
  8
デフォルト
100
AcDbVertex
100
AcDb3dPolylineVertex
 10
-5.265999999988708
 20
2.046000000002095
 30
13.019
 70
    32
  0
VERTEX
  5
174
330
16A
100
AcDbEntity
  8
デフォルト
100
AcDbVertex
100
AcDb3dPolylineVertex
 10
-5.171999999991385
 20
2.078000000008615
 30
13.1
 70
    32
  0
SEQEND
  5
175
330
16A
100
AcDbEntity
  8
デフォルト
  0
POLYLINE
  5
176
330
1F
100
AcDbEntity
  8
デフォルト
100
AcDb3dPolyline
 66
     1
 10
0.0
 20
0.0
 30
0.0
 70
     9
  0
VERTEX
  5
177
330
176
100
AcDbEntity
  8
デフォルト
100
AcDbVertex
100
AcDb3dPolylineVertex
 10
0.8009999999994761
 20
2.078000000008615
 30
11.356
 70
    32
  0
VERTEX
  5
178
330
176
100
AcDbEntity
  8
デフォルト
100
AcDbVertex
100
AcDb3dPolylineVertex
 10
0.4689999999973224
 20
2.062000000005355
 30
11.438
 70
    32
  0
VERTEX
  5
179
330
176
100
AcDbEntity
  8
デフォルト
100
AcDbVertex
100
AcDb3dPolylineVertex
 10
0.3360000000102445
 20
2.203000000008615
 30
11.721
 70
    32
  0
VERTEX
  5
17A
330
176
100
AcDbEntity
  8
デフォルト
100
AcDbVertex
100
AcDb3dPolylineVertex
 10
0.4919999999983702
 20
2.342999999906169
 30
11.962
 70
    32
  0
VERTEX
  5
17B
330
176
100
AcDbEntity
  8
デフォルト
100
AcDbVertex
100
AcDb3dPolylineVertex
 10
0.6759999999994761
 20
2.312000000005355
 30
11.968
 70
    32
  0
VERTEX
  5
17C
330
176
100
AcDbEntity
  8
デフォルト
100
AcDbVertex
100
AcDb3dPolylineVertex
 10
0.7850000000107684
 20
2.312000000005355
 30
11.944
 70
    32
  0
VERTEX
  5
17D
330
176
100
AcDbEntity
  8
デフォルト
100
AcDbVertex
100
AcDb3dPolylineVertex
 10
0.8709999999991851
 20
2.375
 30
11.958
 70
    32
  0
VERTEX
  5
17E
330
176
100
AcDbEntity
  8
デフォルト
100
AcDbVertex
100
AcDb3dPolylineVertex
 10
0.940999999998894
 20
2.35899999999674
 30
11.925
 70
    32
  0
VERTEX
  5
17F
330
176
100
AcDbEntity
  8
デフォルト
100
AcDbVertex
100
AcDb3dPolylineVertex
 10
0.9879999999975553
 20
2.280999999900814
 30
11.82
 70
    32
  0
VERTEX
  5
180
330
176
100
AcDbEntity
  8
デフォルト
100
AcDbVertex
100
AcDb3dPolylineVertex
 10
0.9219999999986612
 20
2.139999999897555
 30
11.455
 70
    32
  0
SEQEND
  5
181
330
176
100
AcDbEntity
  8
デフォルト
  0
POLYLINE
  5
182
330
1F
100
AcDbEntity
  8
デフォルト
100
AcDb3dPolyline
 66
     1
 10
0.0
 20
0.0
 30
0.0
 70
     9
  0
VERTEX
  5
183
330
182
100
AcDbEntity
  8
デフォルト
100
AcDbVertex
100
AcDb3dPolylineVertex
 10
-4.733999999989464
 20
1.078000000008615
 30
10.588
 70
    32
  0
VERTEX
  5
184
330
182
100
AcDbEntity
  8
デフォルト
100
AcDbVertex
100
AcDb3dPolylineVertex
 10
-4.811999999990803
 20
1.10899999999674
 30
10.488
 70
    32
  0
VERTEX
  5
185
330
182
100
AcDbEntity
  8
デフォルト
100
AcDbVertex
100
AcDb3dPolylineVertex
 10
-4.835999999995693
 20
1.203000000008615
 30
10.434
 70
    32
  0
VERTEX
  5
186
330
182
100
AcDbEntity
  8
デフォルト
100
AcDbVertex
100
AcDb3dPolylineVertex
 10
-4.898000000001048
 20
1.062000000005355
 30
10.444
 70
    32
  0
VERTEX
  5
187
330
182
100
AcDbEntity
  8
デフォルト
100
AcDbVertex
100
AcDb3dPolylineVertex
 10
-5.089999999989232
 20
1.062000000005355
 30
10.525
 70
    32
  0
VERTEX
  5
188
330
182
100
AcDbEntity
  8
デフォルト
100
AcDbVertex
100
AcDb3dPolylineVertex
 10
-5.16799999999057
 20
1.030999999900814
 30
10.52
 70
    32
  0
VERTEX
  5
189
330
182
100
AcDbEntity
  8
デフォルト
100
AcDbVertex
100
AcDb3dPolylineVertex
 10
-5.116999999991094
 20
1.078000000008615
 30
10.537
 70
    32
  0
VERTEX
  5
18A
330
182
100
AcDbEntity
  8
デフォルト
100
AcDbVertex
100
AcDb3dPolylineVertex
 10
-4.796999999991385
 20
1.046000000002095
 30
10.597
 70
    32
  0
SEQEND
  5
18B
330
182
100
AcDbEntity
  8
デフォルト
  0
POLYLINE
  5
18C
330
1F
100
AcDbEntity
  8
デフォルト
100
AcDb3dPolyline
 66
     1
 10
0.0
 20
0.0
 30
0.0
 70
     9
  0
VERTEX
  5
18D
330
18C
100
AcDbEntity
  8
デフォルト
100
AcDbVertex
100
AcDb3dPolylineVertex
 10
-1.784999999988941
 20
2.030999999900814
 30
12.008
 70
    32
  0
VERTEX
  5
18E
330
18C
100
AcDbEntity
  8
デフォルト
100
AcDbVertex
100
AcDb3dPolylineVertex
 10
-1.858999999989464
 20
1.875
 30
11.755
 70
    32
  0
VERTEX
  5
18F
330
18C
100
AcDbEntity
  8
デフォルト
100
AcDbVertex
100
AcDb3dPolylineVertex
 10
-2.199000000000524
 20
1.73399999999674
 30
11.579
 70
    32
  0
VERTEX
  5
190
330
18C
100
AcDbEntity
  8
デフォルト
100
AcDbVertex
100
AcDb3dPolylineVertex
 10
-2.625
 20
1.703000000008615
 30
11.551
 70
    32
  0
VERTEX
  5
191
330
18C
100
AcDbEntity
  8
デフォルト
100
AcDbVertex
100
AcDb3dPolylineVertex
 10
-2.72999999998865
 20
1.780999999900814
 30
11.632
 70
    32
  0
VERTEX
  5
192
330
18C
100
AcDbEntity
  8
デフォルト
100
AcDbVertex
100
AcDb3dPolylineVertex
 10
-2.703000000001339
 20
2.062000000005355
 30
11.992
 70
    32
  0
VERTEX
  5
193
330
18C
100
AcDbEntity
  8
デフォルト
100
AcDbVertex
100
AcDb3dPolylineVertex
 10
-2.597999999990861
 20
2.046000000002095
 30
12.062
 70
    32
  0
VERTEX
  5
194
330
18C
100
AcDbEntity
  8
デフォルト
100
AcDbVertex
100
AcDb3dPolylineVertex
 10
-2.284999999988941
 20
2.139999999897555
 30
12.189
 70
    32
  0
VERTEX
  5
195
330
18C
100
AcDbEntity
  8
デフォルト
100
AcDbVertex
100
AcDb3dPolylineVertex
 10
-2.031000000002678
 20
2.125
 30
12.21
 70
    32
  0
VERTEX
  5
196
330
18C
100
AcDbEntity
  8
デフォルト
100
AcDbVertex
100
AcDb3dPolylineVertex
 10
-1.847999999990861
 20
2.187000000005355
 30
12.144
 70
    32
  0
VERTEX
  5
197
330
18C
100
AcDbEntity
  8
デフォルト
100
AcDbVertex
100
AcDb3dPolylineVertex
 10
-1.796999999991385
 20
2.155999999900814
 30
12.088
 70
    32
  0
SEQEND
  5
198
330
18C
100
AcDbEntity
  8
デフォルト
  0
POLYLINE
  5
199
330
1F
100
AcDbEntity
  8
デフォルト
100
AcDb3dPolyline
 66
     1
 10
0.0
 20
0.0
 30
0.0
 70
     9
  0
VERTEX
  5
19A
330
199
100
AcDbEntity
  8
デフォルト
100
AcDbVertex
100
AcDb3dPolylineVertex
 10
-2.226999999991676
 20
0.5309999999008141
 30
8.530000000000001
 70
    32
  0
VERTEX
  5
19B
330
199
100
AcDbEntity
  8
デフォルト
100
AcDbVertex
100
AcDb3dPolylineVertex
 10
-1.995999999999185
 20
0.5309999999008141
 30
8.545000000000002
 70
    32
  0
VERTEX
  5
19C
330
199
100
AcDbEntity
  8
デフォルト
100
AcDbVertex
100
AcDb3dPolylineVertex
 10
-1.85499999998865
 20
0.7030000000086147
 30
8.533000000000001
 70
    32
  0
VERTEX
  5
19D
330
199
100
AcDbEntity
  8
デフォルト
100
AcDbVertex
100
AcDb3dPolylineVertex
 10
-1.733999999989464
 20
0.7339999999967404
 30
8.518
 70
    32
  0
VERTEX
  5
19E
330
199
100
AcDbEntity
  8
デフォルト
100
AcDbVertex
100
AcDb3dPolylineVertex
 10
-1.648000000001048
 20
0.6559999999008141
 30
8.475999999999999
 70
    32
  0
VERTEX
  5
19F
330
199
100
AcDbEntity
  8
デフォルト
100
AcDbVertex
100
AcDb3dPolylineVertex
 10
-1.675999999999476
 20
0.5
 30
8.353000000000002
 70
    32
  0
VERTEX
  5
1A0
330
199
100
AcDbEntity
  8
デフォルト
100
AcDbVertex
100
AcDb3dPolylineVertex
 10
-1.839999999989232
 20
0.4059999999008141
 30
8.294000000000004
 70
    32
  0
VERTEX
  5
1A1
330
199
100
AcDbEntity
  8
デフォルト
100
AcDbVertex
100
AcDb3dPolylineVertex
 10
-1.97999999998865
 20
0.3899999998975545
 30
8.231000000000002
 70
    32
  0
VERTEX
  5
1A2
330
199
100
AcDbEntity
  8
デフォルト
100
AcDbVertex
100
AcDb3dPolylineVertex
 10
-2.10499999998865
 20
0.375
 30
8.240000000000002
 70
    32
  0
VERTEX
  5
1A3
330
199
100
AcDbEntity
  8
デフォルト
100
AcDbVertex
100
AcDb3dPolylineVertex
 10
-2.311999999990803
 20
0.4679999999061693
 30
8.492000000000004
 70
    32
  0
SEQEND
  5
1A4
330
199
100
AcDbEntity
  8
デフォルト
  0
POLYLINE
  5
1A5
330
1F
100
AcDbEntity
  8
デフォルト
100
AcDb3dPolyline
 66
     1
 10
0.0
 20
0.0
 30
0.0
 70
     9
  0
VERTEX
  5
1A6
330
1A5
100
AcDbEntity
  8
デフォルト
100
AcDbVertex
100
AcDb3dPolylineVertex
 10
-2.061999999990803
 20
1.25
 30
10.183
 70
    32
  0
VERTEX
  5
1A7
330
1A5
100
AcDbEntity
  8
デフォルト
100
AcDbVertex
100
AcDb3dPolylineVertex
 10
-2.140999999988708
 20
1.139999999897555
 30
9.963999999999999
 70
    32
  0
VERTEX
  5
1A8
330
1A5
100
AcDbEntity
  8
デフォルト
100
AcDbVertex
100
AcDb3dPolylineVertex
 10
-2.22999999998865
 20
1.139999999897555
 30
9.989000000000004
 70
    32
  0
VERTEX
  5
1A9
330
1A5
100
AcDbEntity
  8
デフォルト
100
AcDbVertex
100
AcDb3dPolylineVertex
 10
-2.218999999990046
 20
1.217999999906169
 30
10.016
 70
    32
  0
VERTEX
  5
1AA
330
1A5
100
AcDbEntity
  8
デフォルト
100
AcDbVertex
100
AcDb3dPolylineVertex
 10
-2.116999999991094
 20
1.342999999906169
 30
10.199
 70
    32
  0
SEQEND
  5
1AB
330
1A5
100
AcDbEntity
  8
デフォルト
  0
POLYLINE
  5
1AC
330
1F
100
AcDbEntity
  8
デフォルト
100
AcDb3dPolyline
 66
     1
 10
0.0
 20
0.0
 30
0.0
 70
     9
  0
VERTEX
  5
1AD
330
1AC
100
AcDbEntity
  8
デフォルト
100
AcDbVertex
100
AcDb3dPolylineVertex
 10
0.8629999999975553
 20
0.8429999999061693
 30
8.579
 70
    32
  0
VERTEX
  5
1AE
330
1AC
100
AcDbEntity
  8
デフォルト
100
AcDbVertex
100
AcDb3dPolylineVertex
 10
0.7770000000091386
 20
0.8589999999967404
 30
8.497999999999998
 70
    32
  0
VERTEX
  5
1AF
330
1AC
100
AcDbEntity
  8
デフォルト
100
AcDbVertex
100
AcDb3dPolylineVertex
 10
0.6600000000107684
 20
0.8429999999061693
 30
8.497
 70
    32
  0
VERTEX
  5
1B0
330
1AC
100
AcDbEntity
  8
デフォルト
100
AcDbVertex
100
AcDb3dPolylineVertex
 10
0.3830000000089058
 20
0.8899999998975545
 30
8.698
 70
    32
  0
VERTEX
  5
1B1
330
1AC
100
AcDbEntity
  8
デフォルト
100
AcDbVertex
100
AcDb3dPolylineVertex
 10
0.3280000000086147
 20
1.092999999906169
 30
8.847000000000001
 70
    32
  0
VERTEX
  5
1B2
330
1AC
100
AcDbEntity
  8
デフォルト
100
AcDbVertex
100
AcDb3dPolylineVertex
 10
0.4409999999988941
 20
1.187000000005355
 30
9.175000000000004
 70
    32
  0
VERTEX
  5
1B3
330
1AC
100
AcDbEntity
  8
デフォルト
100
AcDbVertex
100
AcDb3dPolylineVertex
 10
0.694999999999709
 20
1.264999999897555
 30
9.316000000000003
 70
    32
  0
VERTEX
  5
1B4
330
1AC
100
AcDbEntity
  8
デフォルト
100
AcDbVertex
100
AcDb3dPolylineVertex
 10
0.8360000000102445
 20
1.25
 30
9.277999999999999
 70
    32
  0
VERTEX
  5
1B5
330
1AC
100
AcDbEntity
  8
デフォルト
100
AcDbVertex
100
AcDb3dPolylineVertex
 10
0.9140000000043074
 20
1.187000000005355
 30
9.213000000000001
 70
    32
  0
VERTEX
  5
1B6
330
1AC
100
AcDbEntity
  8
デフォルト
100
AcDbVertex
100
AcDb3dPolylineVertex
 10
0.9840000000112923
 20
1.203000000008615
 30
9.204999999999998
 70
    32
  0
VERTEX
  5
1B7
330
1AC
100
AcDbEntity
  8
デフォルト
100
AcDbVertex
100
AcDb3dPolylineVertex
 10
0.75
 20
1.139999999897555
 30
9.197000000000003
 70
    32
  0
VERTEX
  5
1B8
330
1AC
100
AcDbEntity
  8
デフォルト
100
AcDbVertex
100
AcDb3dPolylineVertex
 10
0.6520000000091386
 20
1.014999999897555
 30
8.944000000000003
 70
    32
  0
VERTEX
  5
1B9
330
1AC
100
AcDbEntity
  8
デフォルト
100
AcDbVertex
100
AcDb3dPolylineVertex
 10
0.6480000000083237
 20
0.9530000000086147
 30
8.788000000000004
 70
    32
  0
VERTEX
  5
1BA
330
1AC
100
AcDbEntity
  8
デフォルト
100
AcDbVertex
100
AcDb3dPolylineVertex
 10
0.7770000000091386
 20
0.9059999999008141
 30
8.688000000000002
 70
    32
  0
VERTEX
  5
1BB
330
1AC
100
AcDbEntity
  8
デフォルト
100
AcDbVertex
100
AcDb3dPolylineVertex
 10
1.016000000010536
 20
0.9679999999061693
 30
8.707
 70
    32
  0
VERTEX
  5
1BC
330
1AC
100
AcDbEntity
  8
デフォルト
100
AcDbVertex
100
AcDb3dPolylineVertex
 10
0.944999999999709
 20
0.9059999999008141
 30
8.703000000000003
 70
    32
  0
SEQEND
  5
1BD
330
1AC
100
AcDbEntity
  8
デフォルト
  0
POLYLINE
  5
1BE
330
1F
100
AcDbEntity
  8
デフォルト
100
AcDb3dPolyline
 66
     1
 10
0.0
 20
0.0
 30
0.0
 70
     9
  0
VERTEX
  5
1BF
330
1BE
100
AcDbEntity
  8
デフォルト
100
AcDbVertex
100
AcDb3dPolylineVertex
 10
1.555000000000291
 20
1.25
 30
9.308999999999997
 70
    32
  0
VERTEX
  5
1C0
330
1BE
100
AcDbEntity
  8
デフォルト
100
AcDbVertex
100
AcDb3dPolylineVertex
 10
2.0
 20
1.296000000002095
 30
9.297000000000004
 70
    32
  0
VERTEX
  5
1C1
330
1BE
100
AcDbEntity
  8
デフォルト
100
AcDbVertex
100
AcDb3dPolylineVertex
 10
2.300999999999476
 20
1.25
 30
9.232
 70
    32
  0
VERTEX
  5
1C2
330
1BE
100
AcDbEntity
  8
デフォルト
100
AcDbVertex
100
AcDb3dPolylineVertex
 10
2.33200000000943
 20
1.125
 30
8.965000000000003
 70
    32
  0
SEQEND
  5
1C3
330
1BE
100
AcDbEntity
  8
デフォルト
  0
POLYLINE
  5
1C4
330
1F
100
AcDbEntity
  8
デフォルト
100
AcDb3dPolyline
 66
     1
 10
0.0
 20
0.0
 30
0.0
 70
     9
  0
VERTEX
  5
1C5
330
1C4
100
AcDbEntity
  8
デフォルト
100
AcDbVertex
100
AcDb3dPolylineVertex
 10
-1.921999999991385
 20
2.655999999900814
 30
13.381
 70
    32
  0
VERTEX
  5
1C6
330
1C4
100
AcDbEntity
  8
デフォルト
100
AcDbVertex
100
AcDb3dPolylineVertex
 10
-1.940999999991618
 20
2.717999999906169
 30
13.557
 70
    32
  0
VERTEX
  5
1C7
330
1C4
100
AcDbEntity
  8
デフォルト
100
AcDbVertex
100
AcDb3dPolylineVertex
 10
-1.870999999999185
 20
2.842999999906169
 30
13.864
 70
    32
  0
VERTEX
  5
1C8
330
1C4
100
AcDbEntity
  8
デフォルト
100
AcDbVertex
100
AcDb3dPolylineVertex
 10
-1.409999999988941
 20
3.0
 30
14.025
 70
    32
  0
VERTEX
  5
1C9
330
1C4
100
AcDbEntity
  8
デフォルト
100
AcDbVertex
100
AcDb3dPolylineVertex
 10
-1.332000000002154
 20
2.967999999906169
 30
13.999
 70
    32
  0
VERTEX
  5
1CA
330
1C4
100
AcDbEntity
  8
デフォルト
100
AcDbVertex
100
AcDb3dPolylineVertex
 10
-1.171999999991385
 20
2.905999999900814
 30
13.807
 70
    32
  0
VERTEX
  5
1CB
330
1C4
100
AcDbEntity
  8
デフォルト
100
AcDbVertex
100
AcDb3dPolylineVertex
 10
-1.241999999991094
 20
2.905999999900814
 30
13.487
 70
    32
  0
VERTEX
  5
1CC
330
1C4
100
AcDbEntity
  8
デフォルト
100
AcDbVertex
100
AcDb3dPolylineVertex
 10
-1.41799999999057
 20
2.75
 30
13.414
 70
    32
  0
VERTEX
  5
1CD
330
1C4
100
AcDbEntity
  8
デフォルト
100
AcDbVertex
100
AcDb3dPolylineVertex
 10
-1.824000000000524
 20
2.625
 30
13.34
 70
    32
  0
SEQEND
  5
1CE
330
1C4
100
AcDbEntity
  8
デフォルト
  0
POLYLINE
  5
1CF
330
1F
100
AcDbEntity
  8
デフォルト
100
AcDb3dPolyline
 66
     1
 10
0.0
 20
0.0
 30
0.0
 70
     9
  0
VERTEX
  5
1D0
330
1CF
100
AcDbEntity
  8
デフォルト
100
AcDbVertex
100
AcDb3dPolylineVertex
 10
1.324000000000524
 20
2.405999999900814
 30
11.935
 70
    32
  0
VERTEX
  5
1D1
330
1CF
100
AcDbEntity
  8
デフォルト
100
AcDbVertex
100
AcDb3dPolylineVertex
 10
1.425999999999476
 20
2.453000000008615
 30
11.994
 70
    32
  0
VERTEX
  5
1D2
330
1CF
100
AcDbEntity
  8
デフォルト
100
AcDbVertex
100
AcDb3dPolylineVertex
 10
1.593999999997322
 20
2.437000000005355
 30
12.001
 70
    32
  0
VERTEX
  5
1D3
330
1CF
100
AcDbEntity
  8
デフォルト
100
AcDbVertex
100
AcDb3dPolylineVertex
 10
1.976999999998952
 20
2.48399999999674
 30
11.977
 70
    32
  0
VERTEX
  5
1D4
330
1CF
100
AcDbEntity
  8
デフォルト
100
AcDbVertex
100
AcDb3dPolylineVertex
 10
2.097999999998137
 20
2.467999999906169
 30
11.911
 70
    32
  0
VERTEX
  5
1D5
330
1CF
100
AcDbEntity
  8
デフォルト
100
AcDbVertex
100
AcDb3dPolylineVertex
 10
1.995999999999185
 20
2.328000000008615
 30
11.552
 70
    32
  0
VERTEX
  5
1D6
330
1CF
100
AcDbEntity
  8
デフォルト
100
AcDbVertex
100
AcDb3dPolylineVertex
 10
1.940999999998894
 20
2.217999999906169
 30
11.449
 70
    32
  0
VERTEX
  5
1D7
330
1CF
100
AcDbEntity
  8
デフォルト
100
AcDbVertex
100
AcDb3dPolylineVertex
 10
1.289000000004307
 20
2.389999999897555
 30
11.906
 70
    32
  0
SEQEND
  5
1D8
330
1CF
100
AcDbEntity
  8
デフォルト
  0
POLYLINE
  5
1D9
330
1F
100
AcDbEntity
  8
デフォルト
100
AcDb3dPolyline
 66
     1
 10
0.0
 20
0.0
 30
0.0
 70
     9
  0
VERTEX
  5
1DA
330
1D9
100
AcDbEntity
  8
デフォルト
100
AcDbVertex
100
AcDb3dPolylineVertex
 10
1.737999999997555
 20
3.23399999999674
 30
13.772
 70
    32
  0
VERTEX
  5
1DB
330
1D9
100
AcDbEntity
  8
デフォルト
100
AcDbVertex
100
AcDb3dPolylineVertex
 10
2.58200000000943
 20
3.264999999897555
 30
13.559
 70
    32
  0
VERTEX
  5
1DC
330
1D9
100
AcDbEntity
  8
デフォルト
100
AcDbVertex
100
AcDb3dPolylineVertex
 10
2.539000000004307
 20
3.203000000008615
 30
13.366
 70
    32
  0
VERTEX
  5
1DD
330
1D9
100
AcDbEntity
  8
デフォルト
100
AcDbVertex
100
AcDb3dPolylineVertex
 10
2.39500000001135
 20
3.139999999897555
 30
13.267
 70
    32
  0
VERTEX
  5
1DE
330
1D9
100
AcDbEntity
  8
デフォルト
100
AcDbVertex
100
AcDb3dPolylineVertex
 10
1.910000000010768
 20
3.062000000005355
 30
13.251
 70
    32
  0
VERTEX
  5
1DF
330
1D9
100
AcDbEntity
  8
デフォルト
100
AcDbVertex
100
AcDb3dPolylineVertex
 10
1.684000000008382
 20
3.062000000005355
 30
13.336
 70
    32
  0
VERTEX
  5
1E0
330
1D9
100
AcDbEntity
  8
デフォルト
100
AcDbVertex
100
AcDb3dPolylineVertex
 10
1.633000000008906
 20
3.203000000008615
 30
13.733
 70
    32
  0
SEQEND
  5
1E1
330
1D9
100
AcDbEntity
  8
デフォルト
  0
POLYLINE
  5
1E2
330
1F
100
AcDbEntity
  8
デフォルト
100
AcDb3dPolyline
 66
     1
 10
0.0
 20
0.0
 30
0.0
 70
     9
  0
VERTEX
  5
1E3
330
1E2
100
AcDbEntity
  8
デフォルト
100
AcDbVertex
100
AcDb3dPolylineVertex
 10
-5.284999999988941
 20
1.655999999900814
 30
11.954
 70
    32
  0
VERTEX
  5
1E4
330
1E2
100
AcDbEntity
  8
デフォルト
100
AcDbVertex
100
AcDb3dPolylineVertex
 10
-4.898000000001048
 20
1.717999999906169
 30
11.915
 70
    32
  0
VERTEX
  5
1E5
330
1E2
100
AcDbEntity
  8
デフォルト
100
AcDbVertex
100
AcDb3dPolylineVertex
 10
-4.745999999999185
 20
1.687000000005355
 30
11.803
 70
    32
  0
VERTEX
  5
1E6
330
1E2
100
AcDbEntity
  8
デフォルト
100
AcDbVertex
100
AcDb3dPolylineVertex
 10
-4.699000000000524
 20
1.60899999999674
 30
11.558
 70
    32
  0
VERTEX
  5
1E7
330
1E2
100
AcDbEntity
  8
デフォルト
100
AcDbVertex
100
AcDb3dPolylineVertex
 10
-4.851999999991676
 20
1.437000000005355
 30
11.402
 70
    32
  0
VERTEX
  5
1E8
330
1E2
100
AcDbEntity
  8
デフォルト
100
AcDbVertex
100
AcDb3dPolylineVertex
 10
-5.10499999998865
 20
1.48399999999674
 30
11.408
 70
    32
  0
VERTEX
  5
1E9
330
1E2
100
AcDbEntity
  8
デフォルト
100
AcDbVertex
100
AcDb3dPolylineVertex
 10
-5.460999999995693
 20
1.514999999897555
 30
11.512
 70
    32
  0
VERTEX
  5
1EA
330
1E2
100
AcDbEntity
  8
デフォルト
100
AcDbVertex
100
AcDb3dPolylineVertex
 10
-5.47999999998865
 20
1.655999999900814
 30
11.882
 70
    32
  0
VERTEX
  5
1EB
330
1E2
100
AcDbEntity
  8
デフォルト
100
AcDbVertex
100
AcDb3dPolylineVertex
 10
-5.457000000002154
 20
1.655999999900814
 30
11.923
 70
    32
  0
SEQEND
  5
1EC
330
1E2
100
AcDbEntity
  8
デフォルト
  0
POLYLINE
  5
1ED
330
1F
100
AcDbEntity
  8
デフォルト
100
AcDb3dPolyline
 66
     1
 10
0.0
 20
0.0
 30
0.0
 70
     9
  0
VERTEX
  5
1EE
330
1ED
100
AcDbEntity
  8
デフォルト
100
AcDbVertex
100
AcDb3dPolylineVertex
 10
-3.366999999991094
 20
2.530999999900814
 30
13.303
 70
    32
  0
VERTEX
  5
1EF
330
1ED
100
AcDbEntity
  8
デフォルト
100
AcDbVertex
100
AcDb3dPolylineVertex
 10
-3.366999999991094
 20
2.514999999897555
 30
13.546
 70
    32
  0
VERTEX
  5
1F0
330
1ED
100
AcDbEntity
  8
デフォルト
100
AcDbVertex
100
AcDb3dPolylineVertex
 10
-3.288999999989755
 20
2.546000000002095
 30
13.577
 70
    32
  0
VERTEX
  5
1F1
330
1ED
100
AcDbEntity
  8
デフォルト
100
AcDbVertex
100
AcDb3dPolylineVertex
 10
-3.04299999999057
 20
2.592999999906169
 30
13.598
 70
    32
  0
VERTEX
  5
1F2
330
1ED
100
AcDbEntity
  8
デフォルト
100
AcDbVertex
100
AcDb3dPolylineVertex
 10
-2.765999999988708
 20
2.562000000005355
 30
13.39
 70
    32
  0
VERTEX
  5
1F3
330
1ED
100
AcDbEntity
  8
デフォルト
100
AcDbVertex
100
AcDb3dPolylineVertex
 10
-2.765999999988708
 20
2.546000000002095
 30
13.317
 70
    32
  0
VERTEX
  5
1F4
330
1ED
100
AcDbEntity
  8
デフォルト
100
AcDbVertex
100
AcDb3dPolylineVertex
 10
-2.832000000002154
 20
2.48399999999674
 30
13.234
 70
    32
  0
VERTEX
  5
1F5
330
1ED
100
AcDbEntity
  8
デフォルト
100
AcDbVertex
100
AcDb3dPolylineVertex
 10
-2.995999999999185
 20
2.467999999906169
 30
13.186
 70
    32
  0
VERTEX
  5
1F6
330
1ED
100
AcDbEntity
  8
デフォルト
100
AcDbVertex
100
AcDb3dPolylineVertex
 10
-3.328000000001339
 20
2.514999999897555
 30
13.257
 70
    32
  0
SEQEND
  5
1F7
330
1ED
100
AcDbEntity
  8
デフォルト
  0
POLYLINE
  5
1F8
330
1F
100
AcDbEntity
  8
デフォルト
100
AcDb3dPolyline
 66
     1
 10
0.0
 20
0.0
 30
0.0
 70
     9
  0
VERTEX
  5
1F9
330
1F8
100
AcDbEntity
  8
デフォルト
100
AcDbVertex
100
AcDb3dPolylineVertex
 10
-4.074000000000524
 20
1.592999999906169
 30
11.566
 70
    32
  0
VERTEX
  5
1FA
330
1F8
100
AcDbEntity
  8
デフォルト
100
AcDbVertex
100
AcDb3dPolylineVertex
 10
-4.012000000002445
 20
1.578000000008615
 30
11.51
 70
    32
  0
VERTEX
  5
1FB
330
1F8
100
AcDbEntity
  8
デフォルト
100
AcDbVertex
100
AcDb3dPolylineVertex
 10
-3.913999999989755
 20
1.453000000008615
 30
11.177
 70
    32
  0
VERTEX
  5
1FC
330
1F8
100
AcDbEntity
  8
デフォルト
100
AcDbVertex
100
AcDb3dPolylineVertex
 10
-3.934000000001106
 20
1.389999999897555
 30
11.01
 70
    32
  0
VERTEX
  5
1FD
330
1F8
100
AcDbEntity
  8
デフォルト
100
AcDbVertex
100
AcDb3dPolylineVertex
 10
-4.538999999989755
 20
1.296000000002095
 30
10.918
 70
    32
  0
VERTEX
  5
1FE
330
1F8
100
AcDbEntity
  8
デフォルト
100
AcDbVertex
100
AcDb3dPolylineVertex
 10
-4.663999999989755
 20
1.375
 30
11.201
 70
    32
  0
VERTEX
  5
1FF
330
1F8
100
AcDbEntity
  8
デフォルト
100
AcDbVertex
100
AcDb3dPolylineVertex
 10
-4.637000000002445
 20
1.546000000002095
 30
11.425
 70
    32
  0
VERTEX
  5
200
330
1F8
100
AcDbEntity
  8
デフォルト
100
AcDbVertex
100
AcDb3dPolylineVertex
 10
-4.504000000000815
 20
1.546000000002095
 30
11.521
 70
    32
  0
SEQEND
  5
201
330
1F8
100
AcDbEntity
  8
デフォルト
  0
POLYLINE
  5
202
330
1F
100
AcDbEntity
  8
デフォルト
100
AcDb3dPolyline
 66
     1
 10
0.0
 20
0.0
 30
0.0
 70
     9
  0
VERTEX
  5
203
330
202
100
AcDbEntity
  8
デフォルト
100
AcDbVertex
100
AcDb3dPolylineVertex
 10
-0.930000000000291
 20
2.405999999900814
 30
12.478
 70
    32
  0
VERTEX
  5
204
330
202
100
AcDbEntity
  8
デフォルト
100
AcDbVertex
100
AcDb3dPolylineVertex
 10
-0.9179999999905704
 20
2.405999999900814
 30
12.438
 70
    32
  0
VERTEX
  5
205
330
202
100
AcDbEntity
  8
デフォルト
100
AcDbVertex
100
AcDb3dPolylineVertex
 10
-0.9649999999892316
 20
2.405999999900814
 30
12.45
 70
    32
  0
VERTEX
  5
206
330
202
100
AcDbEntity
  8
デフォルト
100
AcDbVertex
100
AcDb3dPolylineVertex
 10
-0.934000000001106
 20
2.421000000002095
 30
12.474
 70
    32
  0
VERTEX
  5
207
330
202
100
AcDbEntity
  8
デフォルト
100
AcDbVertex
100
AcDb3dPolylineVertex
 10
-0.9609999999956926
 20
2.421000000002095
 30
12.512
 70
    32
  0
VERTEX
  5
208
330
202
100
AcDbEntity
  8
デフォルト
100
AcDbVertex
100
AcDb3dPolylineVertex
 10
-1.10499999998865
 20
2.437000000005355
 30
12.634
 70
    32
  0
VERTEX
  5
209
330
202
100
AcDbEntity
  8
デフォルト
100
AcDbVertex
100
AcDb3dPolylineVertex
 10
-1.218999999990046
 20
2.48399999999674
 30
12.682
 70
    32
  0
VERTEX
  5
20A
330
202
100
AcDbEntity
  8
デフォルト
100
AcDbVertex
100
AcDb3dPolylineVertex
 10
-1.207000000002154
 20
2.546000000002095
 30
12.779
 70
    32
  0
VERTEX
  5
20B
330
202
100
AcDbEntity
  8
デフォルト
100
AcDbVertex
100
AcDb3dPolylineVertex
 10
-1.184000000001106
 20
2.530999999900814
 30
12.895
 70
    32
  0
SEQEND
  5
20C
330
202
100
AcDbEntity
  8
デフォルト
  0
POLYLINE
  5
20D
330
1F
100
AcDbEntity
  8
デフォルト
100
AcDb3dPolyline
 66
     1
 10
0.0
 20
0.0
 30
0.0
 70
     9
  0
VERTEX
  5
20E
330
20D
100
AcDbEntity
  8
デフォルト
100
AcDbVertex
100
AcDb3dPolylineVertex
 10
-3.75
 20
2.655999999900814
 30
14.097
 70
    32
  0
VERTEX
  5
20F
330
20D
100
AcDbEntity
  8
デフォルト
100
AcDbVertex
100
AcDb3dPolylineVertex
 10
-3.714999999989232
 20
2.625
 30
14.043
 70
    32
  0
VERTEX
  5
210
330
20D
100
AcDbEntity
  8
デフォルト
100
AcDbVertex
100
AcDb3dPolylineVertex
 10
-3.800999999999476
 20
2.530999999900814
 30
13.781
 70
    32
  0
VERTEX
  5
211
330
20D
100
AcDbEntity
  8
デフォルト
100
AcDbVertex
100
AcDb3dPolylineVertex
 10
-4.04299999999057
 20
2.453000000008615
 30
13.698
 70
    32
  0
VERTEX
  5
212
330
20D
100
AcDbEntity
  8
デフォルト
100
AcDbVertex
100
AcDb3dPolylineVertex
 10
-4.324000000000524
 20
2.467999999906169
 30
13.727
 70
    32
  0
VERTEX
  5
213
330
20D
100
AcDbEntity
  8
デフォルト
100
AcDbVertex
100
AcDb3dPolylineVertex
 10
-4.241999999991094
 20
2.5
 30
13.912
 70
    32
  0
VERTEX
  5
214
330
20D
100
AcDbEntity
  8
デフォルト
100
AcDbVertex
100
AcDb3dPolylineVertex
 10
-4.237999999990279
 20
2.592999999906169
 30
14.042
 70
    32
  0
SEQEND
  5
215
330
20D
100
AcDbEntity
  8
デフォルト
  0
POLYLINE
  5
216
330
1F
100
AcDbEntity
  8
デフォルト
100
AcDb3dPolyline
 66
     1
 10
0.0
 20
0.0
 30
0.0
 70
     9
  0
VERTEX
  5
217
330
216
100
AcDbEntity
  8
デフォルト
100
AcDbVertex
100
AcDb3dPolylineVertex
 10
-4.38300000000163
 20
0.9370000000053551
 30
10.169
 70
    32
  0
VERTEX
  5
218
330
216
100
AcDbEntity
  8
デフォルト
100
AcDbVertex
100
AcDb3dPolylineVertex
 10
-4.375
 20
0.9059999999008141
 30
10.115
 70
    32
  0
VERTEX
  5
219
330
216
100
AcDbEntity
  8
デフォルト
100
AcDbVertex
100
AcDb3dPolylineVertex
 10
-4.953000000001339
 20
0.7339999999967404
 30
9.942
 70
    32
  0
VERTEX
  5
21A
330
216
100
AcDbEntity
  8
デフォルト
100
AcDbVertex
100
AcDb3dPolylineVertex
 10
-4.930000000000291
 20
0.7339999999967404
 30
9.883000000000003
 70
    32
  0
VERTEX
  5
21B
330
216
100
AcDbEntity
  8
デフォルト
100
AcDbVertex
100
AcDb3dPolylineVertex
 10
-4.957000000002154
 20
0.7179999999061693
 30
9.896
 70
    32
  0
VERTEX
  5
21C
330
216
100
AcDbEntity
  8
デフォルト
100
AcDbVertex
100
AcDb3dPolylineVertex
 10
-5.00800000000163
 20
0.7960000000020955
 30
10.085
 70
    32
  0
VERTEX
  5
21D
330
216
100
AcDbEntity
  8
デフォルト
100
AcDbVertex
100
AcDb3dPolylineVertex
 10
-4.987999999990279
 20
0.8429999999061693
 30
10.183
 70
    32
  0
VERTEX
  5
21E
330
216
100
AcDbEntity
  8
デフォルト
100
AcDbVertex
100
AcDb3dPolylineVertex
 10
-4.930000000000291
 20
0.8899999998975545
 30
10.309
 70
    32
  0
VERTEX
  5
21F
330
216
100
AcDbEntity
  8
デフォルト
100
AcDbVertex
100
AcDb3dPolylineVertex
 10
-4.828000000001339
 20
0.9679999999061693
 30
10.367
 70
    32
  0
VERTEX
  5
220
330
216
100
AcDbEntity
  8
デフォルト
100
AcDbVertex
100
AcDb3dPolylineVertex
 10
-4.828000000001339
 20
1.014999999897555
 30
10.377
 70
    32
  0
VERTEX
  5
221
330
216
100
AcDbEntity
  8
デフォルト
100
AcDbVertex
100
AcDb3dPolylineVertex
 10
-4.925999999999476
 20
1.030999999900814
 30
10.447
 70
    32
  0
VERTEX
  5
222
330
216
100
AcDbEntity
  8
デフォルト
100
AcDbVertex
100
AcDb3dPolylineVertex
 10
-4.675999999999476
 20
1.030999999900814
 30
10.328
 70
    32
  0
VERTEX
  5
223
330
216
100
AcDbEntity
  8
デフォルト
100
AcDbVertex
100
AcDb3dPolylineVertex
 10
-4.483999999989464
 20
0.9679999999061693
 30
10.27
 70
    32
  0
SEQEND
  5
224
330
216
100
AcDbEntity
  8
デフォルト
  0
POLYLINE
  5
225
330
1F
100
AcDbEntity
  8
デフォルト
100
AcDb3dPolyline
 66
     1
 10
0.0
 20
0.0
 30
0.0
 70
     9
  0
VERTEX
  5
226
330
225
100
AcDbEntity
  8
デフォルト
100
AcDbVertex
100
AcDb3dPolylineVertex
 10
1.987999999997555
 20
1.328000000008615
 30
9.508000000000003
 70
    32
  0
VERTEX
  5
227
330
225
100
AcDbEntity
  8
デフォルト
100
AcDbVertex
100
AcDb3dPolylineVertex
 10
2.211000000010245
 20
1.578000000008615
 30
9.938000000000002
 70
    32
  0
VERTEX
  5
228
330
225
100
AcDbEntity
  8
デフォルト
100
AcDbVertex
100
AcDb3dPolylineVertex
 10
2.555000000000291
 20
1.296000000002095
 30
9.346000000000004
 70
    32
  0
VERTEX
  5
229
330
225
100
AcDbEntity
  8
デフォルト
100
AcDbVertex
100
AcDb3dPolylineVertex
 10
2.362999999997555
 20
1.296000000002095
 30
9.311
 70
    32
  0
VERTEX
  5
22A
330
225
100
AcDbEntity
  8
デフォルト
100
AcDbVertex
100
AcDb3dPolylineVertex
 10
2.203000000008615
 20
1.264999999897555
 30
9.344999999999999
 70
    32
  0
VERTEX
  5
22B
330
225
100
AcDbEntity
  8
デフォルト
100
AcDbVertex
100
AcDb3dPolylineVertex
 10
2.027000000009139
 20
1.296000000002095
 30
9.343000000000004
 70
    32
  0
SEQEND
  5
22C
330
225
100
AcDbEntity
  8
デフォルト
  0
POLYLINE
  5
22D
330
1F
100
AcDbEntity
  8
デフォルト
100
AcDb3dPolyline
 66
     1
 10
0.0
 20
0.0
 30
0.0
 70
     9
  0
VERTEX
  5
22E
330
22D
100
AcDbEntity
  8
デフォルト
100
AcDbVertex
100
AcDb3dPolylineVertex
 10
-1.125
 20
2.578000000008615
 30
13.013
 70
    32
  0
VERTEX
  5
22F
330
22D
100
AcDbEntity
  8
デフォルト
100
AcDbVertex
100
AcDb3dPolylineVertex
 10
-1.137000000002445
 20
2.625
 30
13.064
 70
    32
  0
VERTEX
  5
230
330
22D
100
AcDbEntity
  8
デフォルト
100
AcDbVertex
100
AcDb3dPolylineVertex
 10
-1.226999999991676
 20
2.655999999900814
 30
13.18
 70
    32
  0
VERTEX
  5
231
330
22D
100
AcDbEntity
  8
デフォルト
100
AcDbVertex
100
AcDb3dPolylineVertex
 10
-1.190999999991618
 20
2.75
 30
13.372
 70
    32
  0
VERTEX
  5
232
330
22D
100
AcDbEntity
  8
デフォルト
100
AcDbVertex
100
AcDb3dPolylineVertex
 10
-0.8949999999895226
 20
2.875
 30
13.579
 70
    32
  0
VERTEX
  5
233
330
22D
100
AcDbEntity
  8
デフォルト
100
AcDbVertex
100
AcDb3dPolylineVertex
 10
-0.75
 20
2.875
 30
13.541
 70
    32
  0
VERTEX
  5
234
330
22D
100
AcDbEntity
  8
デフォルト
100
AcDbVertex
100
AcDb3dPolylineVertex
 10
-0.7229999999908614
 20
2.796000000002095
 30
13.291
 70
    32
  0
VERTEX
  5
235
330
22D
100
AcDbEntity
  8
デフォルト
100
AcDbVertex
100
AcDb3dPolylineVertex
 10
-0.7620000000024447
 20
2.75
 30
13.197
 70
    32
  0
VERTEX
  5
236
330
22D
100
AcDbEntity
  8
デフォルト
100
AcDbVertex
100
AcDb3dPolylineVertex
 10
-1.065999999991618
 20
2.578000000008615
 30
12.976
 70
    32
  0
SEQEND
  5
237
330
22D
100
AcDbEntity
  8
デフォルト
  0
POLYLINE
  5
238
330
1F
100
AcDbEntity
  8
デフォルト
100
AcDb3dPolyline
 66
     1
 10
0.0
 20
0.0
 30
0.0
 70
     9
  0
VERTEX
  5
239
330
238
100
AcDbEntity
  8
デフォルト
100
AcDbVertex
100
AcDb3dPolylineVertex
 10
-3.72999999998865
 20
0.9370000000053551
 30
9.975000000000001
 70
    32
  0
VERTEX
  5
23A
330
238
100
AcDbEntity
  8
デフォルト
100
AcDbVertex
100
AcDb3dPolylineVertex
 10
-3.745999999999185
 20
0.7030000000086147
 30
9.418
 70
    32
  0
VERTEX
  5
23B
330
238
100
AcDbEntity
  8
デフォルト
100
AcDbVertex
100
AcDb3dPolylineVertex
 10
-3.828000000001339
 20
0.6559999999008141
 30
9.319000000000003
 70
    32
  0
VERTEX
  5
23C
330
238
100
AcDbEntity
  8
デフォルト
100
AcDbVertex
100
AcDb3dPolylineVertex
 10
-3.936999999990803
 20
0.6089999999967404
 30
9.289000000000001
 70
    32
  0
VERTEX
  5
23D
330
238
100
AcDbEntity
  8
デフォルト
100
AcDbVertex
100
AcDb3dPolylineVertex
 10
-4.406000000002678
 20
0.625
 30
9.448999999999998
 70
    32
  0
VERTEX
  5
23E
330
238
100
AcDbEntity
  8
デフォルト
100
AcDbVertex
100
AcDb3dPolylineVertex
 10
-4.35499999998865
 20
0.9210000000020955
 30
10.001
 70
    32
  0
VERTEX
  5
23F
330
238
100
AcDbEntity
  8
デフォルト
100
AcDbVertex
100
AcDb3dPolylineVertex
 10
-4.358999999989464
 20
0.9210000000020955
 30
10.142
 70
    32
  0
VERTEX
  5
240
330
238
100
AcDbEntity
  8
デフォルト
100
AcDbVertex
100
AcDb3dPolylineVertex
 10
-4.152000000001863
 20
0.9210000000020955
 30
10.15
 70
    32
  0
VERTEX
  5
241
330
238
100
AcDbEntity
  8
デフォルト
100
AcDbVertex
100
AcDb3dPolylineVertex
 10
-4.027000000001863
 20
1.030999999900814
 30
10.209
 70
    32
  0
VERTEX
  5
242
330
238
100
AcDbEntity
  8
デフォルト
100
AcDbVertex
100
AcDb3dPolylineVertex
 10
-4.0
 20
1.0
 30
10.216
 70
    32
  0
VERTEX
  5
243
330
238
100
AcDbEntity
  8
デフォルト
100
AcDbVertex
100
AcDb3dPolylineVertex
 10
-3.741999999991094
 20
0.9839999999967404
 30
10.123
 70
    32
  0
SEQEND
  5
244
330
238
100
AcDbEntity
  8
デフォルト
  0
POLYLINE
  5
245
330
1F
100
AcDbEntity
  8
デフォルト
100
AcDb3dPolyline
 66
     1
 10
0.0
 20
0.0
 30
0.0
 70
     9
  0
VERTEX
  5
246
330
245
100
AcDbEntity
  8
デフォルト
100
AcDbVertex
100
AcDb3dPolylineVertex
 10
-3.608999999989464
 20
0.3120000000053551
 30
8.546
 70
    32
  0
VERTEX
  5
247
330
245
100
AcDbEntity
  8
デフォルト
100
AcDbVertex
100
AcDb3dPolylineVertex
 10
-3.406000000002678
 20
0.2960000000020955
 30
8.533000000000001
 70
    32
  0
VERTEX
  5
248
330
245
100
AcDbEntity
  8
デフォルト
100
AcDbVertex
100
AcDb3dPolylineVertex
 10
-3.152000000001863
 20
0.2809999999008141
 30
8.436999999999998
 70
    32
  0
VERTEX
  5
249
330
245
100
AcDbEntity
  8
デフォルト
100
AcDbVertex
100
AcDb3dPolylineVertex
 10
-2.995999999999185
 20
0.1559999999008141
 30
8.407000000000004
 70
    32
  0
VERTEX
  5
24A
330
245
100
AcDbEntity
  8
デフォルト
100
AcDbVertex
100
AcDb3dPolylineVertex
 10
-3.00800000000163
 20
0.0
 30
8.472999999999999
 70
    32
  0
VERTEX
  5
24B
330
245
100
AcDbEntity
  8
デフォルト
100
AcDbVertex
100
AcDb3dPolylineVertex
 10
-3.082000000002154
 20
-0.0789999999979045
 30
8.536999999999999
 70
    32
  0
VERTEX
  5
24C
330
245
100
AcDbEntity
  8
デフォルト
100
AcDbVertex
100
AcDb3dPolylineVertex
 10
-3.171999999991385
 20
-0.0469999999913853
 30
8.581000000000003
 70
    32
  0
VERTEX
  5
24D
330
245
100
AcDbEntity
  8
デフォルト
100
AcDbVertex
100
AcDb3dPolylineVertex
 10
-3.210999999995693
 20
-0.1410000000032596
 30
8.578000000000003
 70
    32
  0
VERTEX
  5
24E
330
245
100
AcDbEntity
  8
デフォルト
100
AcDbVertex
100
AcDb3dPolylineVertex
 10
-3.207000000002154
 20
-0.1410000000032596
 30
8.512
 70
    32
  0
VERTEX
  5
24F
330
245
100
AcDbEntity
  8
デフォルト
100
AcDbVertex
100
AcDb3dPolylineVertex
 10
-3.214999999989232
 20
-0.25
 30
8.487000000000002
 70
    32
  0
VERTEX
  5
250
330
245
100
AcDbEntity
  8
デフォルト
100
AcDbVertex
100
AcDb3dPolylineVertex
 10
-3.765999999988708
 20
0.0460000000020955
 30
8.563000000000002
 70
    32
  0
VERTEX
  5
251
330
245
100
AcDbEntity
  8
デフォルト
100
AcDbVertex
100
AcDb3dPolylineVertex
 10
-3.75
 20
0.25
 30
8.567
 70
    32
  0
SEQEND
  5
252
330
245
100
AcDbEntity
  8
デフォルト
  0
POLYLINE
  5
253
330
1F
100
AcDbEntity
  8
デフォルト
100
AcDb3dPolyline
 66
     1
 10
0.0
 20
0.0
 30
0.0
 70
     9
  0
VERTEX
  5
254
330
253
100
AcDbEntity
  8
デフォルト
100
AcDbVertex
100
AcDb3dPolylineVertex
 10
0.3240000000005239
 20
0.6089999999967404
 30
7.991
 70
    32
  0
VERTEX
  5
255
330
253
100
AcDbEntity
  8
デフォルト
100
AcDbVertex
100
AcDb3dPolylineVertex
 10
0.1600000000107684
 20
0.5780000000086147
 30
8.006999999999998
 70
    32
  0
VERTEX
  5
256
330
253
100
AcDbEntity
  8
デフォルト
100
AcDbVertex
100
AcDb3dPolylineVertex
 10
0.0080000000089058
 20
0.6399999998975545
 30
8.146999999999998
 70
    32
  0
VERTEX
  5
257
330
253
100
AcDbEntity
  8
デフォルト
100
AcDbVertex
100
AcDb3dPolylineVertex
 10
-0.180000000000291
 20
0.6870000000053551
 30
8.131
 70
    32
  0
VERTEX
  5
258
330
253
100
AcDbEntity
  8
デフォルト
100
AcDbVertex
100
AcDb3dPolylineVertex
 10
-0.2620000000024447
 20
0.7179999999061693
 30
8.222000000000001
 70
    32
  0
VERTEX
  5
259
330
253
100
AcDbEntity
  8
デフォルト
100
AcDbVertex
100
AcDb3dPolylineVertex
 10
-0.2459999999991851
 20
0.7649999998975545
 30
8.335999999999999
 70
    32
  0
VERTEX
  5
25A
330
253
100
AcDbEntity
  8
デフォルト
100
AcDbVertex
100
AcDb3dPolylineVertex
 10
0.0820000000094296
 20
0.7649999998975545
 30
8.439999999999998
 70
    32
  0
VERTEX
  5
25B
330
253
100
AcDbEntity
  8
デフォルト
100
AcDbVertex
100
AcDb3dPolylineVertex
 10
-0.0040000000008149
 20
0.7649999998975545
 30
8.399000000000001
 70
    32
  0
VERTEX
  5
25C
330
253
100
AcDbEntity
  8
デフォルト
100
AcDbVertex
100
AcDb3dPolylineVertex
 10
0.0160000000105356
 20
0.6710000000020955
 30
8.195
 70
    32
  0
VERTEX
  5
25D
330
253
100
AcDbEntity
  8
デフォルト
100
AcDbVertex
100
AcDb3dPolylineVertex
 10
0.1370000000097207
 20
0.5929999999061693
 30
8.032000000000004
 70
    32
  0
SEQEND
  5
25E
330
253
100
AcDbEntity
  8
デフォルト
  0
POLYLINE
  5
25F
330
1F
100
AcDbEntity
  8
デフォルト
100
AcDb3dPolyline
 66
     1
 10
0.0
 20
0.0
 30
0.0
 70
     9
  0
VERTEX
  5
260
330
25F
100
AcDbEntity
  8
デフォルト
100
AcDbVertex
100
AcDb3dPolylineVertex
 10
1.434000000008382
 20
1.875
 30
10.772
 70
    32
  0
VERTEX
  5
261
330
25F
100
AcDbEntity
  8
デフォルト
100
AcDbVertex
100
AcDb3dPolylineVertex
 10
1.164000000004307
 20
1.842999999906169
 30
10.784
 70
    32
  0
VERTEX
  5
262
330
25F
100
AcDbEntity
  8
デフォルト
100
AcDbVertex
100
AcDb3dPolylineVertex
 10
1.101999999998952
 20
1.921000000002095
 30
10.798
 70
    32
  0
VERTEX
  5
263
330
25F
100
AcDbEntity
  8
デフォルト
100
AcDbVertex
100
AcDb3dPolylineVertex
 10
1.046999999998661
 20
2.014999999897555
 30
11.196
 70
    32
  0
VERTEX
  5
264
330
25F
100
AcDbEntity
  8
デフォルト
100
AcDbVertex
100
AcDb3dPolylineVertex
 10
1.226999999998952
 20
2.078000000008615
 30
11.265
 70
    32
  0
VERTEX
  5
265
330
25F
100
AcDbEntity
  8
デフォルト
100
AcDbVertex
100
AcDb3dPolylineVertex
 10
1.440999999998894
 20
2.10899999999674
 30
11.284
 70
    32
  0
VERTEX
  5
266
330
25F
100
AcDbEntity
  8
デフォルト
100
AcDbVertex
100
AcDb3dPolylineVertex
 10
1.495999999999185
 20
2.092999999906169
 30
11.239
 70
    32
  0
VERTEX
  5
267
330
25F
100
AcDbEntity
  8
デフォルト
100
AcDbVertex
100
AcDb3dPolylineVertex
 10
1.527000000009139
 20
2.046000000002095
 30
11.107
 70
    32
  0
VERTEX
  5
268
330
25F
100
AcDbEntity
  8
デフォルト
100
AcDbVertex
100
AcDb3dPolylineVertex
 10
1.504000000000815
 20
1.905999999900814
 30
10.831
 70
    32
  0
SEQEND
  5
269
330
25F
100
AcDbEntity
  8
デフォルト
  0
POLYLINE
  5
26A
330
1F
100
AcDbEntity
  8
デフォルト
100
AcDb3dPolyline
 66
     1
 10
0.0
 20
0.0
 30
0.0
 70
     9
  0
VERTEX
  5
26B
330
26A
100
AcDbEntity
  8
デフォルト
100
AcDbVertex
100
AcDb3dPolylineVertex
 10
-3.269999999989523
 20
2.264999999897555
 30
12.795
 70
    32
  0
VERTEX
  5
26C
330
26A
100
AcDbEntity
  8
デフォルト
100
AcDbVertex
100
AcDb3dPolylineVertex
 10
-3.305000000000291
 20
2.328000000008615
 30
12.974
 70
    32
  0
VERTEX
  5
26D
330
26A
100
AcDbEntity
  8
デフォルト
100
AcDbVertex
100
AcDb3dPolylineVertex
 10
-3.375
 20
2.389999999897555
 30
13.056
 70
    32
  0
VERTEX
  5
26E
330
26A
100
AcDbEntity
  8
デフォルト
100
AcDbVertex
100
AcDb3dPolylineVertex
 10
-3.35499999998865
 20
2.437000000005355
 30
13.127
 70
    32
  0
VERTEX
  5
26F
330
26A
100
AcDbEntity
  8
デフォルト
100
AcDbVertex
100
AcDb3dPolylineVertex
 10
-3.265999999988708
 20
2.375
 30
13.188
 70
    32
  0
VERTEX
  5
270
330
26A
100
AcDbEntity
  8
デフォルト
100
AcDbVertex
100
AcDb3dPolylineVertex
 10
-3.050999999999476
 20
2.437000000005355
 30
13.153
 70
    32
  0
VERTEX
  5
271
330
26A
100
AcDbEntity
  8
デフォルト
100
AcDbVertex
100
AcDb3dPolylineVertex
 10
-2.555000000000291
 20
2.48399999999674
 30
13.194
 70
    32
  0
VERTEX
  5
272
330
26A
100
AcDbEntity
  8
デフォルト
100
AcDbVertex
100
AcDb3dPolylineVertex
 10
-2.309000000001106
 20
2.530999999900814
 30
13.012
 70
    32
  0
VERTEX
  5
273
330
26A
100
AcDbEntity
  8
デフォルト
100
AcDbVertex
100
AcDb3dPolylineVertex
 10
-2.375
 20
2.389999999897555
 30
12.742
 70
    32
  0
VERTEX
  5
274
330
26A
100
AcDbEntity
  8
デフォルト
100
AcDbVertex
100
AcDb3dPolylineVertex
 10
-2.561999999990803
 20
2.312000000005355
 30
12.712
 70
    32
  0
VERTEX
  5
275
330
26A
100
AcDbEntity
  8
デフォルト
100
AcDbVertex
100
AcDb3dPolylineVertex
 10
-2.879000000000815
 20
2.264999999897555
 30
12.674
 70
    32
  0
VERTEX
  5
276
330
26A
100
AcDbEntity
  8
デフォルト
100
AcDbVertex
100
AcDb3dPolylineVertex
 10
-3.163999999989755
 20
2.23399999999674
 30
12.758
 70
    32
  0
VERTEX
  5
277
330
26A
100
AcDbEntity
  8
デフォルト
100
AcDbVertex
100
AcDb3dPolylineVertex
 10
-3.262000000002445
 20
2.25
 30
12.727
 70
    32
  0
SEQEND
  5
278
330
26A
100
AcDbEntity
  8
デフォルト
  0
POLYLINE
  5
279
330
1F
100
AcDbEntity
  8
デフォルト
100
AcDb3dPolyline
 66
     1
 10
0.0
 20
0.0
 30
0.0
 70
     9
  0
VERTEX
  5
27A
330
279
100
AcDbEntity
  8
デフォルト
100
AcDbVertex
100
AcDb3dPolylineVertex
 10
0.3280000000086147
 20
2.828000000008615
 30
13.191
 70
    32
  0
VERTEX
  5
27B
330
279
100
AcDbEntity
  8
デフォルト
100
AcDbVertex
100
AcDb3dPolylineVertex
 10
0.4769999999989523
 20
2.842999999906169
 30
13.121
 70
    32
  0
VERTEX
  5
27C
330
279
100
AcDbEntity
  8
デフォルト
100
AcDbVertex
100
AcDb3dPolylineVertex
 10
0.5120000000097207
 20
2.73399999999674
 30
12.832
 70
    32
  0
VERTEX
  5
27D
330
279
100
AcDbEntity
  8
デフォルト
100
AcDbVertex
100
AcDb3dPolylineVertex
 10
0.4060000000099535
 20
2.655999999900814
 30
12.678
 70
    32
  0
VERTEX
  5
27E
330
279
100
AcDbEntity
  8
デフォルト
100
AcDbVertex
100
AcDb3dPolylineVertex
 10
0.2810000000099535
 20
2.639999999897555
 30
12.666
 70
    32
  0
VERTEX
  5
27F
330
279
100
AcDbEntity
  8
デフォルト
100
AcDbVertex
100
AcDb3dPolylineVertex
 10
0.0160000000105356
 20
2.592999999906169
 30
12.678
 70
    32
  0
VERTEX
  5
280
330
279
100
AcDbEntity
  8
デフォルト
100
AcDbVertex
100
AcDb3dPolylineVertex
 10
-0.4689999999900465
 20
2.717999999906169
 30
13.128
 70
    32
  0
SEQEND
  5
281
330
279
100
AcDbEntity
  8
デフォルト
  0
POLYLINE
  5
282
330
1F
100
AcDbEntity
  8
デフォルト
100
AcDb3dPolyline
 66
     1
 10
0.0
 20
0.0
 30
0.0
 70
     9
  0
VERTEX
  5
283
330
282
100
AcDbEntity
  8
デフォルト
100
AcDbVertex
100
AcDb3dPolylineVertex
 10
-1.659999999988941
 20
1.625
 30
10.852
 70
    32
  0
VERTEX
  5
284
330
282
100
AcDbEntity
  8
デフォルト
100
AcDbVertex
100
AcDb3dPolylineVertex
 10
-1.828000000001339
 20
1.639999999897555
 30
11.056
 70
    32
  0
VERTEX
  5
285
330
282
100
AcDbEntity
  8
デフォルト
100
AcDbVertex
100
AcDb3dPolylineVertex
 10
-1.902000000001863
 20
1.796000000002095
 30
11.501
 70
    32
  0
VERTEX
  5
286
330
282
100
AcDbEntity
  8
デフォルト
100
AcDbVertex
100
AcDb3dPolylineVertex
 10
-1.796999999991385
 20
1.842999999906169
 30
11.531
 70
    32
  0
VERTEX
  5
287
330
282
100
AcDbEntity
  8
デフォルト
100
AcDbVertex
100
AcDb3dPolylineVertex
 10
-1.436999999990803
 20
1.842999999906169
 30
11.519
 70
    32
  0
VERTEX
  5
288
330
282
100
AcDbEntity
  8
デフォルト
100
AcDbVertex
100
AcDb3dPolylineVertex
 10
-1.25800000000163
 20
1.889999999897555
 30
11.503
 70
    32
  0
VERTEX
  5
289
330
282
100
AcDbEntity
  8
デフォルト
100
AcDbVertex
100
AcDb3dPolylineVertex
 10
-1.328000000001339
 20
1.717999999906169
 30
11.138
 70
    32
  0
VERTEX
  5
28A
330
282
100
AcDbEntity
  8
デフォルト
100
AcDbVertex
100
AcDb3dPolylineVertex
 10
-1.483999999989464
 20
1.639999999897555
 30
10.88
 70
    32
  0
VERTEX
  5
28B
330
282
100
AcDbEntity
  8
デフォルト
100
AcDbVertex
100
AcDb3dPolylineVertex
 10
-1.453000000001339
 20
1.671000000002095
 30
10.851
 70
    32
  0
SEQEND
  5
28C
330
282
100
AcDbEntity
  8
デフォルト
  0
POLYLINE
  5
28D
330
1F
100
AcDbEntity
  8
デフォルト
100
AcDb3dPolyline
 66
     1
 10
0.0
 20
0.0
 30
0.0
 70
     9
  0
VERTEX
  5
28E
330
28D
100
AcDbEntity
  8
デフォルト
100
AcDbVertex
100
AcDb3dPolylineVertex
 10
-5.534999999988941
 20
0.625
 30
9.852000000000004
 70
    32
  0
VERTEX
  5
28F
330
28D
100
AcDbEntity
  8
デフォルト
100
AcDbVertex
100
AcDb3dPolylineVertex
 10
-5.582000000002154
 20
0.6559999999008141
 30
9.920000000000002
 70
    32
  0
VERTEX
  5
290
330
28D
100
AcDbEntity
  8
デフォルト
100
AcDbVertex
100
AcDb3dPolylineVertex
 10
-5.362999999990279
 20
0.7030000000086147
 30
9.981000000000002
 70
    32
  0
VERTEX
  5
291
330
28D
100
AcDbEntity
  8
デフォルト
100
AcDbVertex
100
AcDb3dPolylineVertex
 10
-5.245999999999185
 20
0.6870000000053551
 30
9.849000000000004
 70
    32
  0
SEQEND
  5
292
330
28D
100
AcDbEntity
  8
デフォルト
  0
POLYLINE
  5
293
330
1F
100
AcDbEntity
  8
デフォルト
100
AcDb3dPolyline
 66
     1
 10
0.0
 20
0.0
 30
0.0
 70
     9
  0
VERTEX
  5
294
330
293
100
AcDbEntity
  8
デフォルト
100
AcDbVertex
100
AcDb3dPolylineVertex
 10
2.375
 20
1.639999999897555
 30
10.061
 70
    32
  0
VERTEX
  5
295
330
293
100
AcDbEntity
  8
デフォルト
100
AcDbVertex
100
AcDb3dPolylineVertex
 10
2.152000000009139
 20
1.639999999897555
 30
10.026
 70
    32
  0
VERTEX
  5
296
330
293
100
AcDbEntity
  8
デフォルト
100
AcDbVertex
100
AcDb3dPolylineVertex
 10
1.625
 20
1.546000000002095
 30
10.022
 70
    32
  0
VERTEX
  5
297
330
293
100
AcDbEntity
  8
デフォルト
100
AcDbVertex
100
AcDb3dPolylineVertex
 10
1.468999999997322
 20
1.639999999897555
 30
10.14
 70
    32
  0
VERTEX
  5
298
330
293
100
AcDbEntity
  8
デフォルト
100
AcDbVertex
100
AcDb3dPolylineVertex
 10
1.273000000008324
 20
1.796000000002095
 30
10.611
 70
    32
  0
VERTEX
  5
299
330
293
100
AcDbEntity
  8
デフォルト
100
AcDbVertex
100
AcDb3dPolylineVertex
 10
1.24199999999837
 20
1.889999999897555
 30
10.715
 70
    32
  0
VERTEX
  5
29A
330
293
100
AcDbEntity
  8
デフォルト
100
AcDbVertex
100
AcDb3dPolylineVertex
 10
1.902000000009139
 20
1.921000000002095
 30
10.796
 70
    32
  0
VERTEX
  5
29B
330
293
100
AcDbEntity
  8
デフォルト
100
AcDbVertex
100
AcDb3dPolylineVertex
 10
2.33200000000943
 20
2.0
 30
10.819
 70
    32
  0
VERTEX
  5
29C
330
293
100
AcDbEntity
  8
デフォルト
100
AcDbVertex
100
AcDb3dPolylineVertex
 10
2.402000000009139
 20
1.953000000008615
 30
10.73
 70
    32
  0
VERTEX
  5
29D
330
293
100
AcDbEntity
  8
デフォルト
100
AcDbVertex
100
AcDb3dPolylineVertex
 10
2.398000000008324
 20
1.889999999897555
 30
10.645
 70
    32
  0
VERTEX
  5
29E
330
293
100
AcDbEntity
  8
デフォルト
100
AcDbVertex
100
AcDb3dPolylineVertex
 10
2.539000000004307
 20
1.796000000002095
 30
10.398
 70
    32
  0
SEQEND
  5
29F
330
293
100
AcDbEntity
  8
デフォルト
  0
POLYLINE
  5
2A0
330
1F
100
AcDbEntity
  8
デフォルト
100
AcDb3dPolyline
 66
     1
 10
0.0
 20
0.0
 30
0.0
 70
     9
  0
VERTEX
  5
2A1
330
2A0
100
AcDbEntity
  8
デフォルト
100
AcDbVertex
100
AcDb3dPolylineVertex
 10
-2.995999999999185
 20
0.2809999999008141
 30
8.354
 70
    32
  0
VERTEX
  5
2A2
330
2A0
100
AcDbEntity
  8
デフォルト
100
AcDbVertex
100
AcDb3dPolylineVertex
 10
-2.887000000002445
 20
0.2809999999008141
 30
8.302
 70
    32
  0
VERTEX
  5
2A3
330
2A0
100
AcDbEntity
  8
デフォルト
100
AcDbVertex
100
AcDb3dPolylineVertex
 10
-2.828000000001339
 20
0.3280000000086147
 30
8.357
 70
    32
  0
VERTEX
  5
2A4
330
2A0
100
AcDbEntity
  8
デフォルト
100
AcDbVertex
100
AcDb3dPolylineVertex
 10
-2.718999999990046
 20
0.4370000000053551
 30
8.36
 70
    32
  0
VERTEX
  5
2A5
330
2A0
100
AcDbEntity
  8
デフォルト
100
AcDbVertex
100
AcDb3dPolylineVertex
 10
-2.54299999999057
 20
0.3429999999061693
 30
8.243000000000002
 70
    32
  0
VERTEX
  5
2A6
330
2A0
100
AcDbEntity
  8
デフォルト
100
AcDbVertex
100
AcDb3dPolylineVertex
 10
-2.387000000002445
 20
0.3429999999061693
 30
8.204
 70
    32
  0
VERTEX
  5
2A7
330
2A0
100
AcDbEntity
  8
デフォルト
100
AcDbVertex
100
AcDb3dPolylineVertex
 10
-2.265999999988708
 20
0.3589999999967404
 30
8.228000000000002
 70
    32
  0
VERTEX
  5
2A8
330
2A0
100
AcDbEntity
  8
デフォルト
100
AcDbVertex
100
AcDb3dPolylineVertex
 10
-2.254000000000815
 20
0.3120000000053551
 30
8.186999999999998
 70
    32
  0
VERTEX
  5
2A9
330
2A0
100
AcDbEntity
  8
デフォルト
100
AcDbVertex
100
AcDb3dPolylineVertex
 10
-2.281000000002678
 20
0.1870000000053551
 30
8.172000000000004
 70
    32
  0
VERTEX
  5
2AA
330
2A0
100
AcDbEntity
  8
デフォルト
100
AcDbVertex
100
AcDb3dPolylineVertex
 10
-2.964999999989232
 20
-0.2969999999913853
 30
8.384999999999998
 70
    32
  0
VERTEX
  5
2AB
330
2A0
100
AcDbEntity
  8
デフォルト
100
AcDbVertex
100
AcDb3dPolylineVertex
 10
-3.0
 20
-0.2660000000032596
 30
8.402000000000001
 70
    32
  0
VERTEX
  5
2AC
330
2A0
100
AcDbEntity
  8
デフォルト
100
AcDbVertex
100
AcDb3dPolylineVertex
 10
-2.949000000000524
 20
-0.1570000000938307
 30
8.364000000000004
 70
    32
  0
VERTEX
  5
2AD
330
2A0
100
AcDbEntity
  8
デフォルト
100
AcDbVertex
100
AcDb3dPolylineVertex
 10
-2.991999999991094
 20
-0.0160000000032596
 30
8.332
 70
    32
  0
VERTEX
  5
2AE
330
2A0
100
AcDbEntity
  8
デフォルト
100
AcDbVertex
100
AcDb3dPolylineVertex
 10
-2.97999999998865
 20
0.0620000000053551
 30
8.381
 70
    32
  0
VERTEX
  5
2AF
330
2A0
100
AcDbEntity
  8
デフォルト
100
AcDbVertex
100
AcDb3dPolylineVertex
 10
-3.023000000001048
 20
0.2179999999061693
 30
8.386000000000003
 70
    32
  0
SEQEND
  5
2B0
330
2A0
100
AcDbEntity
  8
デフォルト
  0
POLYLINE
  5
2B1
330
1F
100
AcDbEntity
  8
デフォルト
100
AcDb3dPolyline
 66
     1
 10
0.0
 20
0.0
 30
0.0
 70
     9
  0
VERTEX
  5
2B2
330
2B1
100
AcDbEntity
  8
デフォルト
100
AcDbVertex
100
AcDb3dPolylineVertex
 10
-4.25
 20
2.030999999900814
 30
12.65
 70
    32
  0
VERTEX
  5
2B3
330
2B1
100
AcDbEntity
  8
デフォルト
100
AcDbVertex
100
AcDb3dPolylineVertex
 10
-3.995999999999185
 20
2.062000000005355
 30
12.642
 70
    32
  0
VERTEX
  5
2B4
330
2B1
100
AcDbEntity
  8
デフォルト
100
AcDbVertex
100
AcDb3dPolylineVertex
 10
-3.898000000001048
 20
2.030999999900814
 30
12.588
 70
    32
  0
VERTEX
  5
2B5
330
2B1
100
AcDbEntity
  8
デフォルト
100
AcDbVertex
100
AcDb3dPolylineVertex
 10
-3.835999999995693
 20
2.062000000005355
 30
12.567
 70
    32
  0
VERTEX
  5
2B6
330
2B1
100
AcDbEntity
  8
デフォルト
100
AcDbVertex
100
AcDb3dPolylineVertex
 10
-3.796999999991385
 20
2.0
 30
12.44
 70
    32
  0
VERTEX
  5
2B7
330
2B1
100
AcDbEntity
  8
デフォルト
100
AcDbVertex
100
AcDb3dPolylineVertex
 10
-3.824000000000524
 20
1.875
 30
12.181
 70
    32
  0
VERTEX
  5
2B8
330
2B1
100
AcDbEntity
  8
デフォルト
100
AcDbVertex
100
AcDb3dPolylineVertex
 10
-3.870999999999185
 20
1.842999999906169
 30
12.109
 70
    32
  0
VERTEX
  5
2B9
330
2B1
100
AcDbEntity
  8
デフォルト
100
AcDbVertex
100
AcDb3dPolylineVertex
 10
-4.41799999999057
 20
1.842999999906169
 30
12.135
 70
    32
  0
VERTEX
  5
2BA
330
2B1
100
AcDbEntity
  8
デフォルト
100
AcDbVertex
100
AcDb3dPolylineVertex
 10
-4.35499999998865
 20
1.98399999999674
 30
12.575
 70
    32
  0
SEQEND
  5
2BB
330
2B1
100
AcDbEntity
  8
デフォルト
  0
POLYLINE
  5
2BC
330
1F
100
AcDbEntity
  8
デフォルト
100
AcDb3dPolyline
 66
     1
 10
0.0
 20
0.0
 30
0.0
 70
     9
  0
VERTEX
  5
2BD
330
2BC
100
AcDbEntity
  8
デフォルト
100
AcDbVertex
100
AcDb3dPolylineVertex
 10
0.6600000000107684
 20
2.592999999906169
 30
12.302
 70
    32
  0
VERTEX
  5
2BE
330
2BC
100
AcDbEntity
  8
デフォルト
100
AcDbVertex
100
AcDb3dPolylineVertex
 10
0.7890000000043074
 20
2.578000000008615
 30
12.394
 70
    32
  0
VERTEX
  5
2BF
330
2BC
100
AcDbEntity
  8
デフォルト
100
AcDbVertex
100
AcDb3dPolylineVertex
 10
0.9259999999994761
 20
2.578000000008615
 30
12.387
 70
    32
  0
VERTEX
  5
2C0
330
2BC
100
AcDbEntity
  8
デフォルト
100
AcDbVertex
100
AcDb3dPolylineVertex
 10
1.125
 20
2.639999999897555
 30
12.456
 70
    32
  0
VERTEX
  5
2C1
330
2BC
100
AcDbEntity
  8
デフォルト
100
AcDbVertex
100
AcDb3dPolylineVertex
 10
1.25
 20
2.655999999900814
 30
12.441
 70
    32
  0
VERTEX
  5
2C2
330
2BC
100
AcDbEntity
  8
デフォルト
100
AcDbVertex
100
AcDb3dPolylineVertex
 10
1.315999999998894
 20
2.546000000002095
 30
12.289
 70
    32
  0
VERTEX
  5
2C3
330
2BC
100
AcDbEntity
  8
デフォルト
100
AcDbVertex
100
AcDb3dPolylineVertex
 10
1.336000000010245
 20
2.437000000005355
 30
11.99
 70
    32
  0
VERTEX
  5
2C4
330
2BC
100
AcDbEntity
  8
デフォルト
100
AcDbVertex
100
AcDb3dPolylineVertex
 10
0.9570000000094296
 20
2.375
 30
11.939
 70
    32
  0
VERTEX
  5
2C5
330
2BC
100
AcDbEntity
  8
デフォルト
100
AcDbVertex
100
AcDb3dPolylineVertex
 10
0.7660000000105356
 20
2.389999999897555
 30
11.996
 70
    32
  0
VERTEX
  5
2C6
330
2BC
100
AcDbEntity
  8
デフォルト
100
AcDbVertex
100
AcDb3dPolylineVertex
 10
0.7229999999981374
 20
2.546000000002095
 30
12.116
 70
    32
  0
VERTEX
  5
2C7
330
2BC
100
AcDbEntity
  8
デフォルト
100
AcDbVertex
100
AcDb3dPolylineVertex
 10
0.6560000000099535
 20
2.546000000002095
 30
12.228
 70
    32
  0
SEQEND
  5
2C8
330
2BC
100
AcDbEntity
  8
デフォルト
  0
POLYLINE
  5
2C9
330
1F
100
AcDbEntity
  8
デフォルト
100
AcDb3dPolyline
 66
     1
 10
0.0
 20
0.0
 30
0.0
 70
     9
  0
VERTEX
  5
2CA
330
2C9
100
AcDbEntity
  8
デフォルト
100
AcDbVertex
100
AcDb3dPolylineVertex
 10
-4.35499999998865
 20
2.25
 30
13.187
 70
    32
  0
VERTEX
  5
2CB
330
2C9
100
AcDbEntity
  8
デフォルト
100
AcDbVertex
100
AcDb3dPolylineVertex
 10
-4.222999999990861
 20
2.421000000002095
 30
13.637
 70
    32
  0
VERTEX
  5
2CC
330
2C9
100
AcDbEntity
  8
デフォルト
100
AcDbVertex
100
AcDb3dPolylineVertex
 10
-3.796999999991385
 20
2.421000000002095
 30
13.644
 70
    32
  0
VERTEX
  5
2CD
330
2C9
100
AcDbEntity
  8
デフォルト
100
AcDbVertex
100
AcDb3dPolylineVertex
 10
-3.531000000002678
 20
2.48399999999674
 30
13.609
 70
    32
  0
VERTEX
  5
2CE
330
2C9
100
AcDbEntity
  8
デフォルト
100
AcDbVertex
100
AcDb3dPolylineVertex
 10
-3.453000000001339
 20
2.514999999897555
 30
13.55
 70
    32
  0
VERTEX
  5
2CF
330
2C9
100
AcDbEntity
  8
デフォルト
100
AcDbVertex
100
AcDb3dPolylineVertex
 10
-3.406000000002678
 20
2.48399999999674
 30
13.31
 70
    32
  0
VERTEX
  5
2D0
330
2C9
100
AcDbEntity
  8
デフォルト
100
AcDbVertex
100
AcDb3dPolylineVertex
 10
-3.421999999991385
 20
2.405999999900814
 30
13.093
 70
    32
  0
VERTEX
  5
2D1
330
2C9
100
AcDbEntity
  8
デフォルト
100
AcDbVertex
100
AcDb3dPolylineVertex
 10
-3.839999999989232
 20
2.25
 30
13.068
 70
    32
  0
SEQEND
  5
2D2
330
2C9
100
AcDbEntity
  8
デフォルト
  0
POLYLINE
  5
2D3
330
1F
100
AcDbEntity
  8
デフォルト
100
AcDb3dPolyline
 66
     1
 10
0.0
 20
0.0
 30
0.0
 70
     9
  0
VERTEX
  5
2D4
330
2D3
100
AcDbEntity
  8
デフォルト
100
AcDbVertex
100
AcDb3dPolylineVertex
 10
-1.0
 20
2.421000000002095
 30
12.481
 70
    32
  0
VERTEX
  5
2D5
330
2D3
100
AcDbEntity
  8
デフォルト
100
AcDbVertex
100
AcDb3dPolylineVertex
 10
-1.078000000001339
 20
2.280999999900814
 30
12.268
 70
    32
  0
VERTEX
  5
2D6
330
2D3
100
AcDbEntity
  8
デフォルト
100
AcDbVertex
100
AcDb3dPolylineVertex
 10
-1.210999999995693
 20
2.25
 30
12.22
 70
    32
  0
VERTEX
  5
2D7
330
2D3
100
AcDbEntity
  8
デフォルト
100
AcDbVertex
100
AcDb3dPolylineVertex
 10
-1.464999999989232
 20
2.23399999999674
 30
12.228
 70
    32
  0
VERTEX
  5
2D8
330
2D3
100
AcDbEntity
  8
デフォルト
100
AcDbVertex
100
AcDb3dPolylineVertex
 10
-1.652000000001863
 20
2.312000000005355
 30
12.307
 70
    32
  0
VERTEX
  5
2D9
330
2D3
100
AcDbEntity
  8
デフォルト
100
AcDbVertex
100
AcDb3dPolylineVertex
 10
-1.726999999991676
 20
2.375
 30
12.41
 70
    32
  0
VERTEX
  5
2DA
330
2D3
100
AcDbEntity
  8
デフォルト
100
AcDbVertex
100
AcDb3dPolylineVertex
 10
-1.663999999989755
 20
2.405999999900814
 30
12.712
 70
    32
  0
VERTEX
  5
2DB
330
2D3
100
AcDbEntity
  8
デフォルト
100
AcDbVertex
100
AcDb3dPolylineVertex
 10
-1.22999999998865
 20
2.453000000008615
 30
12.674
 70
    32
  0
VERTEX
  5
2DC
330
2D3
100
AcDbEntity
  8
デフォルト
100
AcDbVertex
100
AcDb3dPolylineVertex
 10
-1.101999999991676
 20
2.421000000002095
 30
12.619
 70
    32
  0
SEQEND
  5
2DD
330
2D3
100
AcDbEntity
  8
デフォルト
  0
POLYLINE
  5
2DE
330
1F
100
AcDbEntity
  8
デフォルト
100
AcDb3dPolyline
 66
     1
 10
0.0
 20
0.0
 30
0.0
 70
     9
  0
VERTEX
  5
2DF
330
2DE
100
AcDbEntity
  8
デフォルト
100
AcDbVertex
100
AcDb3dPolylineVertex
 10
0.8360000000102445
 20
0.875
 30
8.652999999999999
 70
    32
  0
VERTEX
  5
2E0
330
2DE
100
AcDbEntity
  8
デフォルト
100
AcDbVertex
100
AcDb3dPolylineVertex
 10
0.6209999999991851
 20
0.9679999999061693
 30
8.841999999999999
 70
    32
  0
VERTEX
  5
2E1
330
2DE
100
AcDbEntity
  8
デフォルト
100
AcDbVertex
100
AcDb3dPolylineVertex
 10
0.7269999999989523
 20
1.139999999897555
 30
9.179000000000002
 70
    32
  0
VERTEX
  5
2E2
330
2DE
100
AcDbEntity
  8
デフォルト
100
AcDbVertex
100
AcDb3dPolylineVertex
 10
1.012000000009721
 20
1.187000000005355
 30
9.200000000000003
 70
    32
  0
VERTEX
  5
2E3
330
2DE
100
AcDbEntity
  8
デフォルト
100
AcDbVertex
100
AcDb3dPolylineVertex
 10
1.160000000010768
 20
1.23399999999674
 30
9.158000000000001
 70
    32
  0
VERTEX
  5
2E4
330
2DE
100
AcDbEntity
  8
デフォルト
100
AcDbVertex
100
AcDb3dPolylineVertex
 10
1.171999999998661
 20
1.155999999900814
 30
9.047000000000004
 70
    32
  0
VERTEX
  5
2E5
330
2DE
100
AcDbEntity
  8
デフォルト
100
AcDbVertex
100
AcDb3dPolylineVertex
 10
1.069999999999709
 20
1.014999999897555
 30
8.788000000000004
 70
    32
  0
VERTEX
  5
2E6
330
2DE
100
AcDbEntity
  8
デフォルト
100
AcDbVertex
100
AcDb3dPolylineVertex
 10
0.8870000000097207
 20
0.875
 30
8.639000000000003
 70
    32
  0
SEQEND
  5
2E7
330
2DE
100
AcDbEntity
  8
デフォルト
  0
POLYLINE
  5
2E8
330
1F
100
AcDbEntity
  8
デフォルト
100
AcDb3dPolyline
 66
     1
 10
0.0
 20
0.0
 30
0.0
 70
     9
  0
VERTEX
  5
2E9
330
2E8
100
AcDbEntity
  8
デフォルト
100
AcDbVertex
100
AcDb3dPolylineVertex
 10
-1.175999999999476
 20
0.6089999999967404
 30
8.408999999999999
 70
    32
  0
VERTEX
  5
2EA
330
2E8
100
AcDbEntity
  8
デフォルト
100
AcDbVertex
100
AcDb3dPolylineVertex
 10
-1.531000000002678
 20
0.5780000000086147
 30
8.365000000000002
 70
    32
  0
VERTEX
  5
2EB
330
2E8
100
AcDbEntity
  8
デフォルト
100
AcDbVertex
100
AcDb3dPolylineVertex
 10
-1.629000000000815
 20
0.6399999998975545
 30
8.478000000000002
 70
    32
  0
VERTEX
  5
2EC
330
2E8
100
AcDbEntity
  8
デフォルト
100
AcDbVertex
100
AcDb3dPolylineVertex
 10
-1.616999999991094
 20
0.6870000000053551
 30
8.563000000000002
 70
    32
  0
VERTEX
  5
2ED
330
2E8
100
AcDbEntity
  8
デフォルト
100
AcDbVertex
100
AcDb3dPolylineVertex
 10
-1.589999999989232
 20
0.6559999999008141
 30
8.615000000000002
 70
    32
  0
VERTEX
  5
2EE
330
2E8
100
AcDbEntity
  8
デフォルト
100
AcDbVertex
100
AcDb3dPolylineVertex
 10
-1.156000000002678
 20
0.7179999999061693
 30
8.692999999999998
 70
    32
  0
VERTEX
  5
2EF
330
2E8
100
AcDbEntity
  8
デフォルト
100
AcDbVertex
100
AcDb3dPolylineVertex
 10
-1.112999999990279
 20
0.7179999999061693
 30
8.670000000000002
 70
    32
  0
VERTEX
  5
2F0
330
2E8
100
AcDbEntity
  8
デフォルト
100
AcDbVertex
100
AcDb3dPolylineVertex
 10
-1.112999999990279
 20
0.7339999999967404
 30
8.57
 70
    32
  0
VERTEX
  5
2F1
330
2E8
100
AcDbEntity
  8
デフォルト
100
AcDbVertex
100
AcDb3dPolylineVertex
 10
-1.093999999990046
 20
0.6710000000020955
 30
8.509
 70
    32
  0
VERTEX
  5
2F2
330
2E8
100
AcDbEntity
  8
デフォルト
100
AcDbVertex
100
AcDb3dPolylineVertex
 10
-1.120999999999185
 20
0.625
 30
8.429000000000002
 70
    32
  0
SEQEND
  5
2F3
330
2E8
100
AcDbEntity
  8
デフォルト
  0
POLYLINE
  5
2F4
330
1F
100
AcDbEntity
  8
デフォルト
100
AcDb3dPolyline
 66
     1
 10
0.0
 20
0.0
 30
0.0
 70
     9
  0
VERTEX
  5
2F5
330
2F4
100
AcDbEntity
  8
デフォルト
100
AcDbVertex
100
AcDb3dPolylineVertex
 10
-2.54299999999057
 20
2.764999999897555
 30
13.947
 70
    32
  0
VERTEX
  5
2F6
330
2F4
100
AcDbEntity
  8
デフォルト
100
AcDbVertex
100
AcDb3dPolylineVertex
 10
-2.5
 20
2.796000000002095
 30
14.031
 70
    32
  0
VERTEX
  5
2F7
330
2F4
100
AcDbEntity
  8
デフォルト
100
AcDbVertex
100
AcDb3dPolylineVertex
 10
-2.35499999998865
 20
2.842999999906169
 30
14.046
 70
    32
  0
VERTEX
  5
2F8
330
2F4
100
AcDbEntity
  8
デフォルト
100
AcDbVertex
100
AcDb3dPolylineVertex
 10
-1.983999999989464
 20
2.889999999897555
 30
14.0
 70
    32
  0
VERTEX
  5
2F9
330
2F4
100
AcDbEntity
  8
デフォルト
100
AcDbVertex
100
AcDb3dPolylineVertex
 10
-1.906000000002678
 20
2.842999999906169
 30
13.913
 70
    32
  0
VERTEX
  5
2FA
330
2F4
100
AcDbEntity
  8
デフォルト
100
AcDbVertex
100
AcDb3dPolylineVertex
 10
-1.925999999999476
 20
2.796000000002095
 30
13.761
 70
    32
  0
VERTEX
  5
2FB
330
2F4
100
AcDbEntity
  8
デフォルト
100
AcDbVertex
100
AcDb3dPolylineVertex
 10
-2.065999999991618
 20
2.75
 30
13.661
 70
    32
  0
VERTEX
  5
2FC
330
2F4
100
AcDbEntity
  8
デフォルト
100
AcDbVertex
100
AcDb3dPolylineVertex
 10
-2.347999999990861
 20
2.717999999906169
 30
13.662
 70
    32
  0
VERTEX
  5
2FD
330
2F4
100
AcDbEntity
  8
デフォルト
100
AcDbVertex
100
AcDb3dPolylineVertex
 10
-2.468999999990046
 20
2.75
 30
13.711
 70
    32
  0
SEQEND
  5
2FE
330
2F4
100
AcDbEntity
  8
デフォルト
  0
POLYLINE
  5
2FF
330
1F
100
AcDbEntity
  8
デフォルト
100
AcDb3dPolyline
 66
     1
 10
0.0
 20
0.0
 30
0.0
 70
     9
  0
VERTEX
  5
300
330
2FF
100
AcDbEntity
  8
デフォルト
100
AcDbVertex
100
AcDb3dPolylineVertex
 10
2.039000000004307
 20
2.35899999999674
 30
11.599
 70
    32
  0
VERTEX
  5
301
330
2FF
100
AcDbEntity
  8
デフォルト
100
AcDbVertex
100
AcDb3dPolylineVertex
 10
2.664000000004307
 20
2.405999999900814
 30
11.679
 70
    32
  0
VERTEX
  5
302
330
2FF
100
AcDbEntity
  8
デフォルト
100
AcDbVertex
100
AcDb3dPolylineVertex
 10
2.637000000009721
 20
2.23399999999674
 30
11.281
 70
    32
  0
VERTEX
  5
303
330
2FF
100
AcDbEntity
  8
デフォルト
100
AcDbVertex
100
AcDb3dPolylineVertex
 10
2.449000000000524
 20
2.312000000005355
 30
11.245
 70
    32
  0
VERTEX
  5
304
330
2FF
100
AcDbEntity
  8
デフォルト
100
AcDbVertex
100
AcDb3dPolylineVertex
 10
2.262000000009721
 20
2.23399999999674
 30
11.303
 70
    32
  0
VERTEX
  5
305
330
2FF
100
AcDbEntity
  8
デフォルト
100
AcDbVertex
100
AcDb3dPolylineVertex
 10
2.046999999998661
 20
2.217999999906169
 30
11.336
 70
    32
  0
VERTEX
  5
306
330
2FF
100
AcDbEntity
  8
デフォルト
100
AcDbVertex
100
AcDb3dPolylineVertex
 10
2.027000000009139
 20
2.35899999999674
 30
11.419
 70
    32
  0
VERTEX
  5
307
330
2FF
100
AcDbEntity
  8
デフォルト
100
AcDbVertex
100
AcDb3dPolylineVertex
 10
2.023000000008324
 20
2.312000000005355
 30
11.489
 70
    32
  0
SEQEND
  5
308
330
2FF
100
AcDbEntity
  8
デフォルト
  0
POLYLINE
  5
309
330
1F
100
AcDbEntity
  8
デフォルト
100
AcDb3dPolyline
 66
     1
 10
0.0
 20
0.0
 30
0.0
 70
     9
  0
VERTEX
  5
30A
330
309
100
AcDbEntity
  8
デフォルト
100
AcDbVertex
100
AcDb3dPolylineVertex
 10
0.0979999999981374
 20
1.703000000008615
 30
10.65
 70
    32
  0
VERTEX
  5
30B
330
309
100
AcDbEntity
  8
デフォルト
100
AcDbVertex
100
AcDb3dPolylineVertex
 10
-0.3320000000021537
 20
1.655999999900814
 30
10.616
 70
    32
  0
VERTEX
  5
30C
330
309
100
AcDbEntity
  8
デフォルト
100
AcDbVertex
100
AcDb3dPolylineVertex
 10
-0.6480000000010477
 20
1.687000000005355
 30
10.618
 70
    32
  0
VERTEX
  5
30D
330
309
100
AcDbEntity
  8
デフォルト
100
AcDbVertex
100
AcDb3dPolylineVertex
 10
-0.6560000000026776
 20
1.687000000005355
 30
10.83
 70
    32
  0
VERTEX
  5
30E
330
309
100
AcDbEntity
  8
デフォルト
100
AcDbVertex
100
AcDb3dPolylineVertex
 10
-0.6679999999905704
 20
1.764999999897555
 30
11.006
 70
    32
  0
VERTEX
  5
30F
330
309
100
AcDbEntity
  8
デフォルト
100
AcDbVertex
100
AcDb3dPolylineVertex
 10
-0.6019999999916763
 20
1.85899999999674
 30
11.218
 70
    32
  0
VERTEX
  5
310
330
309
100
AcDbEntity
  8
デフォルト
100
AcDbVertex
100
AcDb3dPolylineVertex
 10
-0.4729999999908614
 20
1.953000000008615
 30
11.369
 70
    32
  0
VERTEX
  5
311
330
309
100
AcDbEntity
  8
デフォルト
100
AcDbVertex
100
AcDb3dPolylineVertex
 10
-0.1209999999991851
 20
1.937000000005355
 30
11.357
 70
    32
  0
VERTEX
  5
312
330
309
100
AcDbEntity
  8
デフォルト
100
AcDbVertex
100
AcDb3dPolylineVertex
 10
0.1480000000083237
 20
1.967999999906169
 30
11.263
 70
    32
  0
VERTEX
  5
313
330
309
100
AcDbEntity
  8
デフォルト
100
AcDbVertex
100
AcDb3dPolylineVertex
 10
0.2030000000086147
 20
1.73399999999674
 30
10.702
 70
    32
  0
SEQEND
  5
314
330
309
100
AcDbEntity
  8
デフォルト
  0
POLYLINE
  5
315
330
1F
100
AcDbEntity
  8
デフォルト
100
AcDb3dPolyline
 66
     1
 10
0.0
 20
0.0
 30
0.0
 70
     9
  0
VERTEX
  5
316
330
315
100
AcDbEntity
  8
デフォルト
100
AcDbVertex
100
AcDb3dPolylineVertex
 10
-1.265999999988708
 20
1.328000000008615
 30
10.02
 70
    32
  0
VERTEX
  5
317
330
315
100
AcDbEntity
  8
デフォルト
100
AcDbVertex
100
AcDb3dPolylineVertex
 10
-1.406000000002678
 20
1.342999999906169
 30
9.904000000000003
 70
    32
  0
VERTEX
  5
318
330
315
100
AcDbEntity
  8
デフォルト
100
AcDbVertex
100
AcDb3dPolylineVertex
 10
-1.468999999990046
 20
1.296000000002095
 30
9.908999999999999
 70
    32
  0
VERTEX
  5
319
330
315
100
AcDbEntity
  8
デフォルト
100
AcDbVertex
100
AcDb3dPolylineVertex
 10
-1.589999999989232
 20
1.312000000005355
 30
9.898000000000003
 70
    32
  0
VERTEX
  5
31A
330
315
100
AcDbEntity
  8
デフォルト
100
AcDbVertex
100
AcDb3dPolylineVertex
 10
-1.612999999990279
 20
1.25
 30
9.902999999999999
 70
    32
  0
VERTEX
  5
31B
330
315
100
AcDbEntity
  8
デフォルト
100
AcDbVertex
100
AcDb3dPolylineVertex
 10
-1.79299999999057
 20
1.187000000005355
 30
9.924
 70
    32
  0
VERTEX
  5
31C
330
315
100
AcDbEntity
  8
デフォルト
100
AcDbVertex
100
AcDb3dPolylineVertex
 10
-1.675999999999476
 20
1.203000000008615
 30
9.945999999999998
 70
    32
  0
VERTEX
  5
31D
330
315
100
AcDbEntity
  8
デフォルト
100
AcDbVertex
100
AcDb3dPolylineVertex
 10
-1.625
 20
1.203000000008615
 30
10.044
 70
    32
  0
VERTEX
  5
31E
330
315
100
AcDbEntity
  8
デフォルト
100
AcDbVertex
100
AcDb3dPolylineVertex
 10
-1.765999999988708
 20
1.217999999906169
 30
10.134
 70
    32
  0
VERTEX
  5
31F
330
315
100
AcDbEntity
  8
デフォルト
100
AcDbVertex
100
AcDb3dPolylineVertex
 10
-1.684000000001106
 20
1.217999999906169
 30
10.105
 70
    32
  0
VERTEX
  5
320
330
315
100
AcDbEntity
  8
デフォルト
100
AcDbVertex
100
AcDb3dPolylineVertex
 10
-1.54299999999057
 20
1.25
 30
10.135
 70
    32
  0
VERTEX
  5
321
330
315
100
AcDbEntity
  8
デフォルト
100
AcDbVertex
100
AcDb3dPolylineVertex
 10
-1.309000000001106
 20
1.328000000008615
 30
10.245
 70
    32
  0
VERTEX
  5
322
330
315
100
AcDbEntity
  8
デフォルト
100
AcDbVertex
100
AcDb3dPolylineVertex
 10
-1.194999999999709
 20
1.342999999906169
 30
10.095
 70
    32
  0
SEQEND
  5
323
330
315
100
AcDbEntity
  8
デフォルト
  0
POLYLINE
  5
324
330
1F
100
AcDbEntity
  8
デフォルト
100
AcDb3dPolyline
 66
     1
 10
0.0
 20
0.0
 30
0.0
 70
     9
  0
VERTEX
  5
325
330
324
100
AcDbEntity
  8
デフォルト
100
AcDbVertex
100
AcDb3dPolylineVertex
 10
-2.04299999999057
 20
0.5460000000020955
 30
8.564999999999998
 70
    32
  0
VERTEX
  5
326
330
324
100
AcDbEntity
  8
デフォルト
100
AcDbVertex
100
AcDb3dPolylineVertex
 10
-2.91799999999057
 20
0.4370000000053551
 30
8.584000000000003
 70
    32
  0
VERTEX
  5
327
330
324
100
AcDbEntity
  8
デフォルト
100
AcDbVertex
100
AcDb3dPolylineVertex
 10
-2.991999999991094
 20
0.5
 30
8.750999999999998
 70
    32
  0
VERTEX
  5
328
330
324
100
AcDbEntity
  8
デフォルト
100
AcDbVertex
100
AcDb3dPolylineVertex
 10
-2.97999999998865
 20
0.6559999999008141
 30
9.088000000000001
 70
    32
  0
VERTEX
  5
329
330
324
100
AcDbEntity
  8
デフォルト
100
AcDbVertex
100
AcDb3dPolylineVertex
 10
-2.839999999989232
 20
0.7339999999967404
 30
9.169000000000004
 70
    32
  0
VERTEX
  5
32A
330
324
100
AcDbEntity
  8
デフォルト
100
AcDbVertex
100
AcDb3dPolylineVertex
 10
-2.663999999989755
 20
0.7809999999008141
 30
9.18
 70
    32
  0
VERTEX
  5
32B
330
324
100
AcDbEntity
  8
デフォルト
100
AcDbVertex
100
AcDb3dPolylineVertex
 10
-2.351999999991676
 20
0.7649999998975545
 30
9.194000000000003
 70
    32
  0
VERTEX
  5
32C
330
324
100
AcDbEntity
  8
デフォルト
100
AcDbVertex
100
AcDb3dPolylineVertex
 10
-2.046999999991385
 20
0.8429999999061693
 30
9.117000000000004
 70
    32
  0
VERTEX
  5
32D
330
324
100
AcDbEntity
  8
デフォルト
100
AcDbVertex
100
AcDb3dPolylineVertex
 10
-1.862999999990279
 20
0.6559999999008141
 30
8.707999999999998
 70
    32
  0
VERTEX
  5
32E
330
324
100
AcDbEntity
  8
デフォルト
100
AcDbVertex
100
AcDb3dPolylineVertex
 10
-1.875
 20
0.6399999998975545
 30
8.648000000000003
 70
    32
  0
SEQEND
  5
32F
330
324
100
AcDbEntity
  8
デフォルト
  0
POLYLINE
  5
330
330
1F
100
AcDbEntity
  8
デフォルト
100
AcDb3dPolyline
 66
     1
 10
0.0
 20
0.0
 30
0.0
 70
     9
  0
VERTEX
  5
331
330
330
100
AcDbEntity
  8
デフォルト
100
AcDbVertex
100
AcDb3dPolylineVertex
 10
-0.3909999999887077
 20
0.5
 30
8.039000000000001
 70
    32
  0
VERTEX
  5
332
330
330
100
AcDbEntity
  8
デフォルト
100
AcDbVertex
100
AcDb3dPolylineVertex
 10
-0.4649999999892316
 20
0.4679999999061693
 30
8.044000000000004
 70
    32
  0
VERTEX
  5
333
330
330
100
AcDbEntity
  8
デフォルト
100
AcDbVertex
100
AcDb3dPolylineVertex
 10
-0.6719999999913853
 20
0.5
 30
8.097000000000001
 70
    32
  0
VERTEX
  5
334
330
330
100
AcDbEntity
  8
デフォルト
100
AcDbVertex
100
AcDb3dPolylineVertex
 10
-0.7810000000026776
 20
0.5780000000086147
 30
8.317999999999998
 70
    32
  0
VERTEX
  5
335
330
330
100
AcDbEntity
  8
デフォルト
100
AcDbVertex
100
AcDb3dPolylineVertex
 10
-0.75
 20
0.625
 30
8.387999999999998
 70
    32
  0
VERTEX
  5
336
330
330
100
AcDbEntity
  8
デフォルト
100
AcDbVertex
100
AcDb3dPolylineVertex
 10
-0.6409999999887077
 20
0.5929999999061693
 30
8.405000000000001
 70
    32
  0
VERTEX
  5
337
330
330
100
AcDbEntity
  8
デフォルト
100
AcDbVertex
100
AcDb3dPolylineVertex
 10
-0.3629999999902793
 20
0.7179999999061693
 30
8.302
 70
    32
  0
VERTEX
  5
338
330
330
100
AcDbEntity
  8
デフォルト
100
AcDbVertex
100
AcDb3dPolylineVertex
 10
-0.2969999999913853
 20
0.6870000000053551
 30
8.185000000000002
 70
    32
  0
VERTEX
  5
339
330
330
100
AcDbEntity
  8
デフォルト
100
AcDbVertex
100
AcDb3dPolylineVertex
 10
-0.2969999999913853
 20
0.5
 30
8.082
 70
    32
  0
SEQEND
  5
33A
330
330
100
AcDbEntity
  8
デフォルト
  0
POLYLINE
  5
33B
330
1F
100
AcDbEntity
  8
デフォルト
100
AcDb3dPolyline
 66
     1
 10
0.0
 20
0.0
 30
0.0
 70
     9
  0
VERTEX
  5
33C
330
33B
100
AcDbEntity
  8
デフォルト
100
AcDbVertex
100
AcDb3dPolylineVertex
 10
-3.472999999990861
 20
1.889999999897555
 30
11.918
 70
    32
  0
VERTEX
  5
33D
330
33B
100
AcDbEntity
  8
デフォルト
100
AcDbVertex
100
AcDb3dPolylineVertex
 10
-3.601999999991676
 20
1.75
 30
11.689
 70
    32
  0
VERTEX
  5
33E
330
33B
100
AcDbEntity
  8
デフォルト
100
AcDbVertex
100
AcDb3dPolylineVertex
 10
-3.940999999991618
 20
1.687000000005355
 30
11.688
 70
    32
  0
VERTEX
  5
33F
330
33B
100
AcDbEntity
  8
デフォルト
100
AcDbVertex
100
AcDb3dPolylineVertex
 10
-4.065999999991618
 20
1.687000000005355
 30
11.75
 70
    32
  0
VERTEX
  5
340
330
33B
100
AcDbEntity
  8
デフォルト
100
AcDbVertex
100
AcDb3dPolylineVertex
 10
-4.04299999999057
 20
1.764999999897555
 30
11.988
 70
    32
  0
VERTEX
  5
341
330
33B
100
AcDbEntity
  8
デフォルト
100
AcDbVertex
100
AcDb3dPolylineVertex
 10
-3.835999999995693
 20
1.828000000008615
 30
12.078
 70
    32
  0
VERTEX
  5
342
330
33B
100
AcDbEntity
  8
デフォルト
100
AcDbVertex
100
AcDb3dPolylineVertex
 10
-3.527000000001863
 20
1.875
 30
12.016
 70
    32
  0
SEQEND
  5
343
330
33B
100
AcDbEntity
  8
デフォルト
  0
POLYLINE
  5
344
330
1F
100
AcDbEntity
  8
デフォルト
100
AcDb3dPolyline
 66
     1
 10
0.0
 20
0.0
 30
0.0
 70
     9
  0
VERTEX
  5
345
330
344
100
AcDbEntity
  8
デフォルト
100
AcDbVertex
100
AcDb3dPolylineVertex
 10
-3.38300000000163
 20
1.389999999897555
 30
10.846
 70
    32
  0
VERTEX
  5
346
330
344
100
AcDbEntity
  8
デフォルト
100
AcDbVertex
100
AcDb3dPolylineVertex
 10
-3.343999999990046
 20
1.296000000002095
 30
10.728
 70
    32
  0
VERTEX
  5
347
330
344
100
AcDbEntity
  8
デフォルト
100
AcDbVertex
100
AcDb3dPolylineVertex
 10
-3.680000000000291
 20
1.280999999900814
 30
10.686
 70
    32
  0
VERTEX
  5
348
330
344
100
AcDbEntity
  8
デフォルト
100
AcDbVertex
100
AcDb3dPolylineVertex
 10
-3.72999999998865
 20
1.312000000005355
 30
10.716
 70
    32
  0
VERTEX
  5
349
330
344
100
AcDbEntity
  8
デフォルト
100
AcDbVertex
100
AcDb3dPolylineVertex
 10
-3.726999999991676
 20
1.405999999900814
 30
10.849
 70
    32
  0
SEQEND
  5
34A
330
344
100
AcDbEntity
  8
デフォルト
  0
POLYLINE
  5
34B
330
1F
100
AcDbEntity
  8
デフォルト
100
AcDb3dPolyline
 66
     1
 10
0.0
 20
0.0
 30
0.0
 70
     9
  0
VERTEX
  5
34C
330
34B
100
AcDbEntity
  8
デフォルト
100
AcDbVertex
100
AcDb3dPolylineVertex
 10
-1.171999999991385
 20
2.530999999900814
 30
12.892
 70
    32
  0
VERTEX
  5
34D
330
34B
100
AcDbEntity
  8
デフォルト
100
AcDbVertex
100
AcDb3dPolylineVertex
 10
-0.7810000000026776
 20
2.703000000008615
 30
13.154
 70
    32
  0
VERTEX
  5
34E
330
34B
100
AcDbEntity
  8
デフォルト
100
AcDbVertex
100
AcDb3dPolylineVertex
 10
-0.5939999999900465
 20
2.671000000002095
 30
13.055
 70
    32
  0
VERTEX
  5
34F
330
34B
100
AcDbEntity
  8
デフォルト
100
AcDbVertex
100
AcDb3dPolylineVertex
 10
-0.5389999999897555
 20
2.639999999897555
 30
12.948
 70
    32
  0
VERTEX
  5
350
330
34B
100
AcDbEntity
  8
デフォルト
100
AcDbVertex
100
AcDb3dPolylineVertex
 10
-0.7849999999889405
 20
2.389999999897555
 30
12.49
 70
    32
  0
VERTEX
  5
351
330
34B
100
AcDbEntity
  8
デフォルト
100
AcDbVertex
100
AcDb3dPolylineVertex
 10
-0.8709999999991851
 20
2.389999999897555
 30
12.444
 70
    32
  0
SEQEND
  5
352
330
34B
100
AcDbEntity
  8
デフォルト
  0
POLYLINE
  5
353
330
1F
100
AcDbEntity
  8
デフォルト
100
AcDb3dPolyline
 66
     1
 10
0.0
 20
0.0
 30
0.0
 70
     9
  0
VERTEX
  5
354
330
353
100
AcDbEntity
  8
デフォルト
100
AcDbVertex
100
AcDb3dPolylineVertex
 10
-4.440999999991618
 20
2.062000000005355
 30
12.647
 70
    32
  0
VERTEX
  5
355
330
353
100
AcDbEntity
  8
デフォルト
100
AcDbVertex
100
AcDb3dPolylineVertex
 10
-4.339999999989232
 20
2.030999999900814
 30
12.616
 70
    32
  0
VERTEX
  5
356
330
353
100
AcDbEntity
  8
デフォルト
100
AcDbVertex
100
AcDb3dPolylineVertex
 10
-4.398000000001048
 20
1.937000000005355
 30
12.517
 70
    32
  0
VERTEX
  5
357
330
353
100
AcDbEntity
  8
デフォルト
100
AcDbVertex
100
AcDb3dPolylineVertex
 10
-4.589999999989232
 20
1.905999999900814
 30
12.514
 70
    32
  0
VERTEX
  5
358
330
353
100
AcDbEntity
  8
デフォルト
100
AcDbVertex
100
AcDb3dPolylineVertex
 10
-4.63300000000163
 20
1.937000000005355
 30
12.566
 70
    32
  0
VERTEX
  5
359
330
353
100
AcDbEntity
  8
デフォルト
100
AcDbVertex
100
AcDb3dPolylineVertex
 10
-4.589999999989232
 20
2.0
 30
12.623
 70
    32
  0
SEQEND
  5
35A
330
353
100
AcDbEntity
  8
デフォルト
  0
POLYLINE
  5
35B
330
1F
100
AcDbEntity
  8
デフォルト
100
AcDb3dPolyline
 66
     1
 10
0.0
 20
0.0
 30
0.0
 70
     9
  0
VERTEX
  5
35C
330
35B
100
AcDbEntity
  8
デフォルト
100
AcDbVertex
100
AcDb3dPolylineVertex
 10
-4.10499999998865
 20
0.5620000000053551
 30
9.221000000000004
 70
    32
  0
VERTEX
  5
35D
330
35B
100
AcDbEntity
  8
デフォルト
100
AcDbVertex
100
AcDb3dPolylineVertex
 10
-4.023000000001048
 20
0.4210000000020955
 30
8.89
 70
    32
  0
VERTEX
  5
35E
330
35B
100
AcDbEntity
  8
デフォルト
100
AcDbVertex
100
AcDb3dPolylineVertex
 10
-4.04299999999057
 20
0.3589999999967404
 30
8.665
 70
    32
  0
VERTEX
  5
35F
330
35B
100
AcDbEntity
  8
デフォルト
100
AcDbVertex
100
AcDb3dPolylineVertex
 10
-4.120999999999185
 20
0.3120000000053551
 30
8.591000000000001
 70
    32
  0
VERTEX
  5
360
330
35B
100
AcDbEntity
  8
デフォルト
100
AcDbVertex
100
AcDb3dPolylineVertex
 10
-4.218999999990046
 20
0.2809999999008141
 30
8.575000000000003
 70
    32
  0
VERTEX
  5
361
330
35B
100
AcDbEntity
  8
デフォルト
100
AcDbVertex
100
AcDb3dPolylineVertex
 10
-4.406000000002678
 20
0.25
 30
8.584000000000003
 70
    32
  0
VERTEX
  5
362
330
35B
100
AcDbEntity
  8
デフォルト
100
AcDbVertex
100
AcDb3dPolylineVertex
 10
-4.523000000001048
 20
0.2649999998975545
 30
8.642000000000003
 70
    32
  0
VERTEX
  5
363
330
35B
100
AcDbEntity
  8
デフォルト
100
AcDbVertex
100
AcDb3dPolylineVertex
 10
-4.777000000001863
 20
0.25
 30
8.634
 70
    32
  0
VERTEX
  5
364
330
35B
100
AcDbEntity
  8
デフォルト
100
AcDbVertex
100
AcDb3dPolylineVertex
 10
-4.983999999989464
 20
0.2809999999008141
 30
8.704
 70
    32
  0
VERTEX
  5
365
330
35B
100
AcDbEntity
  8
デフォルト
100
AcDbVertex
100
AcDb3dPolylineVertex
 10
-5.22999999998865
 20
0.4210000000020955
 30
9.058999999999997
 70
    32
  0
VERTEX
  5
366
330
35B
100
AcDbEntity
  8
デフォルト
100
AcDbVertex
100
AcDb3dPolylineVertex
 10
-5.116999999991094
 20
0.5309999999008141
 30
9.392000000000003
 70
    32
  0
VERTEX
  5
367
330
35B
100
AcDbEntity
  8
デフォルト
100
AcDbVertex
100
AcDb3dPolylineVertex
 10
-4.108999999989464
 20
0.6089999999967404
 30
9.297000000000004
 70
    32
  0
SEQEND
  5
368
330
35B
100
AcDbEntity
  8
デフォルト
  0
POLYLINE
  5
369
330
1F
100
AcDbEntity
  8
デフォルト
100
AcDb3dPolyline
 66
     1
 10
0.0
 20
0.0
 30
0.0
 70
     9
  0
VERTEX
  5
36A
330
369
100
AcDbEntity
  8
デフォルト
100
AcDbVertex
100
AcDb3dPolylineVertex
 10
2.160000000010768
 20
0.8899999998975545
 30
8.555
 70
    32
  0
VERTEX
  5
36B
330
369
100
AcDbEntity
  8
デフォルト
100
AcDbVertex
100
AcDb3dPolylineVertex
 10
1.995999999999185
 20
0.9210000000020955
 30
8.468000000000004
 70
    32
  0
VERTEX
  5
36C
330
369
100
AcDbEntity
  8
デフォルト
100
AcDbVertex
100
AcDb3dPolylineVertex
 10
1.805000000000291
 20
0.9210000000020955
 30
8.459000000000003
 70
    32
  0
VERTEX
  5
36D
330
369
100
AcDbEntity
  8
デフォルト
100
AcDbVertex
100
AcDb3dPolylineVertex
 10
1.565999999998894
 20
1.0
 30
8.484000000000002
 70
    32
  0
VERTEX
  5
36E
330
369
100
AcDbEntity
  8
デフォルト
100
AcDbVertex
100
AcDb3dPolylineVertex
 10
1.414000000004307
 20
1.155999999900814
 30
8.767000000000003
 70
    32
  0
VERTEX
  5
36F
330
369
100
AcDbEntity
  8
デフォルト
100
AcDbVertex
100
AcDb3dPolylineVertex
 10
1.465000000011059
 20
1.264999999897555
 30
9.233000000000004
 70
    32
  0
VERTEX
  5
370
330
369
100
AcDbEntity
  8
デフォルト
100
AcDbVertex
100
AcDb3dPolylineVertex
 10
2.324000000000524
 20
1.078000000008615
 30
8.896999999999998
 70
    32
  0
VERTEX
  5
371
330
369
100
AcDbEntity
  8
デフォルト
100
AcDbVertex
100
AcDb3dPolylineVertex
 10
2.362999999997555
 20
1.0
 30
8.727000000000004
 70
    32
  0
SEQEND
  5
372
330
369
100
AcDbEntity
  8
デフォルト
  0
POLYLINE
  5
373
330
1F
100
AcDbEntity
  8
デフォルト
100
AcDb3dPolyline
 66
     1
 10
0.0
 20
0.0
 30
0.0
 70
     9
  0
VERTEX
  5
374
330
373
100
AcDbEntity
  8
デフォルト
100
AcDbVertex
100
AcDb3dPolylineVertex
 10
-0.3399999999892316
 20
3.014999999897555
 30
13.905
 70
    32
  0
VERTEX
  5
375
330
373
100
AcDbEntity
  8
デフォルト
100
AcDbVertex
100
AcDb3dPolylineVertex
 10
-0.3439999999900465
 20
2.937000000005355
 30
13.873
 70
    32
  0
VERTEX
  5
376
330
373
100
AcDbEntity
  8
デフォルト
100
AcDbVertex
100
AcDb3dPolylineVertex
 10
-0.3669999999910942
 20
3.0
 30
13.797
 70
    32
  0
VERTEX
  5
377
330
373
100
AcDbEntity
  8
デフォルト
100
AcDbVertex
100
AcDb3dPolylineVertex
 10
-0.2580000000016298
 20
3.0
 30
13.78
 70
    32
  0
VERTEX
  5
378
330
373
100
AcDbEntity
  8
デフォルト
100
AcDbVertex
100
AcDb3dPolylineVertex
 10
-0.2419999999910942
 20
2.967999999906169
 30
13.697
 70
    32
  0
VERTEX
  5
379
330
373
100
AcDbEntity
  8
デフォルト
100
AcDbVertex
100
AcDb3dPolylineVertex
 10
-0.3830000000016298
 20
2.953000000008615
 30
13.653
 70
    32
  0
VERTEX
  5
37A
330
373
100
AcDbEntity
  8
デフォルト
100
AcDbVertex
100
AcDb3dPolylineVertex
 10
-0.6520000000018626
 20
2.967999999906169
 30
13.698
 70
    32
  0
VERTEX
  5
37B
330
373
100
AcDbEntity
  8
デフォルト
100
AcDbVertex
100
AcDb3dPolylineVertex
 10
-0.7580000000016298
 20
3.0
 30
13.944
 70
    32
  0
VERTEX
  5
37C
330
373
100
AcDbEntity
  8
デフォルト
100
AcDbVertex
100
AcDb3dPolylineVertex
 10
-0.75
 20
3.030999999900814
 30
13.958
 70
    32
  0
VERTEX
  5
37D
330
373
100
AcDbEntity
  8
デフォルト
100
AcDbVertex
100
AcDb3dPolylineVertex
 10
-0.6129999999902793
 20
3.014999999897555
 30
13.997
 70
    32
  0
VERTEX
  5
37E
330
373
100
AcDbEntity
  8
デフォルト
100
AcDbVertex
100
AcDb3dPolylineVertex
 10
-0.3519999999916763
 20
3.014999999897555
 30
13.982
 70
    32
  0
VERTEX
  5
37F
330
373
100
AcDbEntity
  8
デフォルト
100
AcDbVertex
100
AcDb3dPolylineVertex
 10
-0.1869999999908032
 20
3.092999999906169
 30
14.004
 70
    32
  0
SEQEND
  5
380
330
373
100
AcDbEntity
  8
デフォルト
  0
POLYLINE
  5
381
330
1F
100
AcDbEntity
  8
デフォルト
100
AcDb2dPolyline
 66
     1
 10
0.0
 20
0.0
 30
-3.934931625259405
 70
     1
210
-0.2501144631809472
220
0.770445775790335
230
-0.5863924128725878
  0
VERTEX
  5
382
330
381
100
AcDbEntity
  8
デフォルト
100
AcDbVertex
100
AcDb2dVertex
 10
2.524687145290245
 20
7.532569941452555
 30
-3.934931625259405
  0
VERTEX
  5
383
330
381
100
AcDbEntity
  8
デフォルト
100
AcDbVertex
100
AcDb2dVertex
 10
2.659163789073868
 20
7.411586338117506
 30
-3.934931625259405
  0
VERTEX
  5
384
330
381
100
AcDbEntity
  8
デフォルト
100
AcDbVertex
100
AcDb2dVertex
 10
2.851417300599727
 20
7.544915207098994
 30
-3.934931625259405
  0
SEQEND
  5
385
330
381
100
AcDbEntity
  8
デフォルト
  0
POLYLINE
  5
386
330
1F
100
AcDbEntity
  8
デフォルト
100
AcDb3dPolyline
 66
     1
 10
0.0
 20
0.0
 30
0.0
 70
     9
  0
VERTEX
  5
387
330
386
100
AcDbEntity
  8
デフォルト
100
AcDbVertex
100
AcDb3dPolylineVertex
 10
0.1719999999986612
 20
0.7649999998975545
 30
8.490000000000002
 70
    32
  0
VERTEX
  5
388
330
386
100
AcDbEntity
  8
デフォルト
100
AcDbVertex
100
AcDb3dPolylineVertex
 10
0.0200000000113505
 20
0.7649999998975545
 30
8.475000000000001
 70
    32
  0
VERTEX
  5
389
330
386
100
AcDbEntity
  8
デフォルト
100
AcDbVertex
100
AcDb3dPolylineVertex
 10
-0.1209999999991851
 20
0.8429999999061693
 30
8.563000000000002
 70
    32
  0
VERTEX
  5
38A
330
386
100
AcDbEntity
  8
デフォルト
100
AcDbVertex
100
AcDb3dPolylineVertex
 10
-0.1759999999994761
 20
0.8899999998975545
 30
8.777000000000001
 70
    32
  0
VERTEX
  5
38B
330
386
100
AcDbEntity
  8
デフォルト
100
AcDbVertex
100
AcDb3dPolylineVertex
 10
-0.3009999999994761
 20
1.062000000005355
 30
9.091999999999999
 70
    32
  0
VERTEX
  5
38C
330
386
100
AcDbEntity
  8
デフォルト
100
AcDbVertex
100
AcDb3dPolylineVertex
 10
-0.25
 20
1.078000000008615
 30
9.21
 70
    32
  0
VERTEX
  5
38D
330
386
100
AcDbEntity
  8
デフォルト
100
AcDbVertex
100
AcDb3dPolylineVertex
 10
-0.1560000000026776
 20
1.10899999999674
 30
9.250999999999998
 70
    32
  0
VERTEX
  5
38E
330
386
100
AcDbEntity
  8
デフォルト
100
AcDbVertex
100
AcDb3dPolylineVertex
 10
0.0979999999981374
 20
1.171000000002095
 30
9.253999999999998
 70
    32
  0
VERTEX
  5
38F
330
386
100
AcDbEntity
  8
デフォルト
100
AcDbVertex
100
AcDb3dPolylineVertex
 10
0.1880000000091968
 20
1.171000000002095
 30
9.149000000000001
 70
    32
  0
VERTEX
  5
390
330
386
100
AcDbEntity
  8
デフォルト
100
AcDbVertex
100
AcDb3dPolylineVertex
 10
0.2189999999973224
 20
1.092999999906169
 30
8.966000000000001
 70
    32
  0
VERTEX
  5
391
330
386
100
AcDbEntity
  8
デフォルト
100
AcDbVertex
100
AcDb3dPolylineVertex
 10
0.2030000000086147
 20
0.9370000000053551
 30
8.843000000000004
 70
    32
  0
VERTEX
  5
392
330
386
100
AcDbEntity
  8
デフォルト
100
AcDbVertex
100
AcDb3dPolylineVertex
 10
0.2300000000104774
 20
0.7960000000020955
 30
8.563000000000002
 70
    32
  0
SEQEND
  5
393
330
386
100
AcDbEntity
  8
デフォルト
  0
POLYLINE
  5
394
330
1F
100
AcDbEntity
  8
デフォルト
100
AcDb3dPolyline
 66
     1
 10
0.0
 20
0.0
 30
0.0
 70
     9
  0
VERTEX
  5
395
330
394
100
AcDbEntity
  8
デフォルト
100
AcDbVertex
100
AcDb3dPolylineVertex
 10
-1.226999999991676
 20
1.453000000008615
 30
10.498
 70
    32
  0
VERTEX
  5
396
330
394
100
AcDbEntity
  8
デフォルト
100
AcDbVertex
100
AcDb3dPolylineVertex
 10
-1.265999999988708
 20
1.375
 30
10.346
 70
    32
  0
VERTEX
  5
397
330
394
100
AcDbEntity
  8
デフォルト
100
AcDbVertex
100
AcDb3dPolylineVertex
 10
-1.464999999989232
 20
1.280999999900814
 30
10.179
 70
    32
  0
VERTEX
  5
398
330
394
100
AcDbEntity
  8
デフォルト
100
AcDbVertex
100
AcDb3dPolylineVertex
 10
-2.012000000002445
 20
1.23399999999674
 30
10.176
 70
    32
  0
VERTEX
  5
399
330
394
100
AcDbEntity
  8
デフォルト
100
AcDbVertex
100
AcDb3dPolylineVertex
 10
-2.082000000002154
 20
1.280999999900814
 30
10.237
 70
    32
  0
VERTEX
  5
39A
330
394
100
AcDbEntity
  8
デフォルト
100
AcDbVertex
100
AcDb3dPolylineVertex
 10
-2.148000000001048
 20
1.375
 30
10.483
 70
    32
  0
VERTEX
  5
39B
330
394
100
AcDbEntity
  8
デフォルト
100
AcDbVertex
100
AcDb3dPolylineVertex
 10
-2.116999999991094
 20
1.453000000008615
 30
10.629
 70
    32
  0
VERTEX
  5
39C
330
394
100
AcDbEntity
  8
デフォルト
100
AcDbVertex
100
AcDb3dPolylineVertex
 10
-1.983999999989464
 20
1.514999999897555
 30
10.749
 70
    32
  0
VERTEX
  5
39D
330
394
100
AcDbEntity
  8
デフォルト
100
AcDbVertex
100
AcDb3dPolylineVertex
 10
-1.75
 20
1.5
 30
10.74
 70
    32
  0
VERTEX
  5
39E
330
394
100
AcDbEntity
  8
デフォルト
100
AcDbVertex
100
AcDb3dPolylineVertex
 10
-1.589999999989232
 20
1.546000000002095
 30
10.723
 70
    32
  0
VERTEX
  5
39F
330
394
100
AcDbEntity
  8
デフォルト
100
AcDbVertex
100
AcDb3dPolylineVertex
 10
-1.319999999999709
 20
1.514999999897555
 30
10.66
 70
    32
  0
VERTEX
  5
3A0
330
394
100
AcDbEntity
  8
デフォルト
100
AcDbVertex
100
AcDb3dPolylineVertex
 10
-1.241999999991094
 20
1.514999999897555
 30
10.616
 70
    32
  0
SEQEND
  5
3A1
330
394
100
AcDbEntity
  8
デフォルト
  0
POLYLINE
  5
3A2
330
1F
100
AcDbEntity
  8
デフォルト
100
AcDb3dPolyline
 66
     1
 10
0.0
 20
0.0
 30
0.0
 70
     9
  0
VERTEX
  5
3A3
330
3A2
100
AcDbEntity
  8
デフォルト
100
AcDbVertex
100
AcDb3dPolylineVertex
 10
-3.75800000000163
 20
1.328000000008615
 30
10.791
 70
    32
  0
VERTEX
  5
3A4
330
3A2
100
AcDbEntity
  8
デフォルト
100
AcDbVertex
100
AcDb3dPolylineVertex
 10
-3.75800000000163
 20
1.203000000008615
 30
10.582
 70
    32
  0
VERTEX
  5
3A5
330
3A2
100
AcDbEntity
  8
デフォルト
100
AcDbVertex
100
AcDb3dPolylineVertex
 10
-3.909999999988941
 20
1.030999999900814
 30
10.268
 70
    32
  0
VERTEX
  5
3A6
330
3A2
100
AcDbEntity
  8
デフォルト
100
AcDbVertex
100
AcDb3dPolylineVertex
 10
-3.964999999989232
 20
1.014999999897555
 30
10.239
 70
    32
  0
VERTEX
  5
3A7
330
3A2
100
AcDbEntity
  8
デフォルト
100
AcDbVertex
100
AcDb3dPolylineVertex
 10
-4.680000000000291
 20
1.0
 30
10.453
 70
    32
  0
VERTEX
  5
3A8
330
3A2
100
AcDbEntity
  8
デフォルト
100
AcDbVertex
100
AcDb3dPolylineVertex
 10
-4.769999999989523
 20
1.062000000005355
 30
10.539
 70
    32
  0
VERTEX
  5
3A9
330
3A2
100
AcDbEntity
  8
デフォルト
100
AcDbVertex
100
AcDb3dPolylineVertex
 10
-4.629000000000815
 20
1.203000000008615
 30
10.698
 70
    32
  0
VERTEX
  5
3AA
330
3A2
100
AcDbEntity
  8
デフォルト
100
AcDbVertex
100
AcDb3dPolylineVertex
 10
-4.565999999991618
 20
1.25
 30
10.818
 70
    32
  0
VERTEX
  5
3AB
330
3A2
100
AcDbEntity
  8
デフォルト
100
AcDbVertex
100
AcDb3dPolylineVertex
 10
-4.38300000000163
 20
1.312000000005355
 30
10.92
 70
    32
  0
VERTEX
  5
3AC
330
3A2
100
AcDbEntity
  8
デフォルト
100
AcDbVertex
100
AcDb3dPolylineVertex
 10
-4.027000000001863
 20
1.280999999900814
 30
10.903
 70
    32
  0
VERTEX
  5
3AD
330
3A2
100
AcDbEntity
  8
デフォルト
100
AcDbVertex
100
AcDb3dPolylineVertex
 10
-3.832000000002154
 20
1.35899999999674
 30
10.888
 70
    32
  0
SEQEND
  5
3AE
330
3A2
100
AcDbEntity
  8
デフォルト
  0
POLYLINE
  5
3AF
330
1F
100
AcDbEntity
  8
デフォルト
100
AcDb3dPolyline
 66
     1
 10
0.0
 20
0.0
 30
0.0
 70
     9
  0
VERTEX
  5
3B0
330
3AF
100
AcDbEntity
  8
デフォルト
100
AcDbVertex
100
AcDb3dPolylineVertex
 10
-4.406000000002678
 20
0.8589999999967404
 30
9.974000000000004
 70
    32
  0
VERTEX
  5
3B1
330
3AF
100
AcDbEntity
  8
デフォルト
100
AcDbVertex
100
AcDb3dPolylineVertex
 10
-4.409999999988941
 20
0.8120000000053551
 30
9.881999999999998
 70
    32
  0
VERTEX
  5
3B2
330
3AF
100
AcDbEntity
  8
デフォルト
100
AcDbVertex
100
AcDb3dPolylineVertex
 10
-4.913999999989755
 20
0.7179999999061693
 30
9.858000000000004
 70
    32
  0
VERTEX
  5
3B3
330
3AF
100
AcDbEntity
  8
デフォルト
100
AcDbVertex
100
AcDb3dPolylineVertex
 10
-4.930000000000291
 20
0.7339999999967404
 30
9.886000000000003
 70
    32
  0
VERTEX
  5
3B4
330
3AF
100
AcDbEntity
  8
デフォルト
100
AcDbVertex
100
AcDb3dPolylineVertex
 10
-4.866999999991094
 20
0.75
 30
9.974000000000004
 70
    32
  0
VERTEX
  5
3B5
330
3AF
100
AcDbEntity
  8
デフォルト
100
AcDbVertex
100
AcDb3dPolylineVertex
 10
-4.680000000000291
 20
0.7960000000020955
 30
10.008
 70
    32
  0
VERTEX
  5
3B6
330
3AF
100
AcDbEntity
  8
デフォルト
100
AcDbVertex
100
AcDb3dPolylineVertex
 10
-4.585999999995693
 20
0.875
 30
10.075
 70
    32
  0
VERTEX
  5
3B7
330
3AF
100
AcDbEntity
  8
デフォルト
100
AcDbVertex
100
AcDb3dPolylineVertex
 10
-4.387000000002445
 20
0.875
 30
10.006
 70
    32
  0
SEQEND
  5
3B8
330
3AF
100
AcDbEntity
  8
デフォルト
  0
POLYLINE
  5
3B9
330
1F
100
AcDbEntity
  8
デフォルト
100
AcDb3dPolyline
 66
     1
 10
0.0
 20
0.0
 30
0.0
 70
     9
  0
VERTEX
  5
3BA
330
3B9
100
AcDbEntity
  8
デフォルト
100
AcDbVertex
100
AcDb3dPolylineVertex
 10
0.0160000000105356
 20
2.98399999999674
 30
13.654
 70
    32
  0
VERTEX
  5
3BB
330
3B9
100
AcDbEntity
  8
デフォルト
100
AcDbVertex
100
AcDb3dPolylineVertex
 10
0.3280000000086147
 20
3.030999999900814
 30
13.636
 70
    32
  0
VERTEX
  5
3BC
330
3B9
100
AcDbEntity
  8
デフォルト
100
AcDbVertex
100
AcDb3dPolylineVertex
 10
0.4340000000083819
 20
3.046000000002095
 30
13.555
 70
    32
  0
VERTEX
  5
3BD
330
3B9
100
AcDbEntity
  8
デフォルト
100
AcDbVertex
100
AcDb3dPolylineVertex
 10
0.4259999999994761
 20
2.98399999999674
 30
13.396
 70
    32
  0
VERTEX
  5
3BE
330
3B9
100
AcDbEntity
  8
デフォルト
100
AcDbVertex
100
AcDb3dPolylineVertex
 10
0.2540000000008149
 20
2.85899999999674
 30
13.259
 70
    32
  0
VERTEX
  5
3BF
330
3B9
100
AcDbEntity
  8
デフォルト
100
AcDbVertex
100
AcDb3dPolylineVertex
 10
-0.2580000000016298
 20
2.780999999900814
 30
13.207
 70
    32
  0
VERTEX
  5
3C0
330
3B9
100
AcDbEntity
  8
デフォルト
100
AcDbVertex
100
AcDb3dPolylineVertex
 10
-0.3439999999900465
 20
2.937000000005355
 30
13.626
 70
    32
  0
SEQEND
  5
3C1
330
3B9
100
AcDbEntity
  8
デフォルト
  0
POLYLINE
  5
3C2
330
1F
100
AcDbEntity
  8
デフォルト
100
AcDb3dPolyline
 66
     1
 10
0.0
 20
0.0
 30
0.0
 70
     9
  0
VERTEX
  5
3C3
330
3C2
100
AcDbEntity
  8
デフォルト
100
AcDbVertex
100
AcDb3dPolylineVertex
 10
-3.175999999999476
 20
0.9370000000053551
 30
9.902000000000001
 70
    32
  0
VERTEX
  5
3C4
330
3C2
100
AcDbEntity
  8
デフォルト
100
AcDbVertex
100
AcDb3dPolylineVertex
 10
-3.112999999990279
 20
0.75
 30
9.453000000000003
 70
    32
  0
VERTEX
  5
3C5
330
3C2
100
AcDbEntity
  8
デフォルト
100
AcDbVertex
100
AcDb3dPolylineVertex
 10
-3.694999999999709
 20
0.9370000000053551
 30
9.944000000000003
 70
    32
  0
VERTEX
  5
3C6
330
3C2
100
AcDbEntity
  8
デフォルト
100
AcDbVertex
100
AcDb3dPolylineVertex
 10
-3.640999999988708
 20
0.9370000000053551
 30
10.046
 70
    32
  0
VERTEX
  5
3C7
330
3C2
100
AcDbEntity
  8
デフォルト
100
AcDbVertex
100
AcDb3dPolylineVertex
 10
-3.574000000000524
 20
0.9679999999061693
 30
10.058
 70
    32
  0
VERTEX
  5
3C8
330
3C2
100
AcDbEntity
  8
デフォルト
100
AcDbVertex
100
AcDb3dPolylineVertex
 10
-3.332000000002154
 20
0.9679999999061693
 30
10.001
 70
    32
  0
VERTEX
  5
3C9
330
3C2
100
AcDbEntity
  8
デフォルト
100
AcDbVertex
100
AcDb3dPolylineVertex
 10
-3.199000000000524
 20
0.9839999999967404
 30
10.014
 70
    32
  0
SEQEND
  5
3CA
330
3C2
100
AcDbEntity
  8
デフォルト
  0
POLYLINE
  5
3CB
330
1F
100
AcDbEntity
  8
デフォルト
100
AcDb3dPolyline
 66
     1
 10
0.0
 20
0.0
 30
0.0
 70
     9
  0
VERTEX
  5
3CC
330
3CB
100
AcDbEntity
  8
デフォルト
100
AcDbVertex
100
AcDb3dPolylineVertex
 10
-3.265999999988708
 20
2.578000000008615
 30
13.608
 70
    32
  0
VERTEX
  5
3CD
330
3CB
100
AcDbEntity
  8
デフォルト
100
AcDbVertex
100
AcDb3dPolylineVertex
 10
-3.284999999988941
 20
2.639999999897555
 30
13.724
 70
    32
  0
VERTEX
  5
3CE
330
3CB
100
AcDbEntity
  8
デフォルト
100
AcDbVertex
100
AcDb3dPolylineVertex
 10
-3.184000000001106
 20
2.671000000002095
 30
13.845
 70
    32
  0
VERTEX
  5
3CF
330
3CB
100
AcDbEntity
  8
デフォルト
100
AcDbVertex
100
AcDb3dPolylineVertex
 10
-3.108999999989464
 20
2.592999999906169
 30
13.614
 70
    32
  0
VERTEX
  5
3D0
330
3CB
100
AcDbEntity
  8
デフォルト
100
AcDbVertex
100
AcDb3dPolylineVertex
 10
-3.214999999989232
 20
2.562000000005355
 30
13.581
 70
    32
  0
SEQEND
  5
3D1
330
3CB
100
AcDbEntity
  8
デフォルト
  0
POLYLINE
  5
3D2
330
1F
100
AcDbEntity
  8
デフォルト
100
AcDb3dPolyline
 66
     1
 10
0.0
 20
0.0
 30
0.0
 70
     9
  0
VERTEX
  5
3D3
330
3D2
100
AcDbEntity
  8
デフォルト
100
AcDbVertex
100
AcDb3dPolylineVertex
 10
1.347999999998137
 20
1.671000000002095
 30
10.317
 70
    32
  0
VERTEX
  5
3D4
330
3D2
100
AcDbEntity
  8
デフォルト
100
AcDbVertex
100
AcDb3dPolylineVertex
 10
1.410000000010768
 20
1.828000000008615
 30
10.102
 70
    32
  0
VERTEX
  5
3D5
330
3D2
100
AcDbEntity
  8
デフォルト
100
AcDbVertex
100
AcDb3dPolylineVertex
 10
1.434000000008382
 20
1.764999999897555
 30
10.022
 70
    32
  0
VERTEX
  5
3D6
330
3D2
100
AcDbEntity
  8
デフォルト
100
AcDbVertex
100
AcDb3dPolylineVertex
 10
1.137000000009721
 20
1.60899999999674
 30
9.929000000000002
 70
    32
  0
VERTEX
  5
3D7
330
3D2
100
AcDbEntity
  8
デフォルト
100
AcDbVertex
100
AcDb3dPolylineVertex
 10
1.050999999999476
 20
1.514999999897555
 30
9.977000000000004
 70
    32
  0
VERTEX
  5
3D8
330
3D2
100
AcDbEntity
  8
デフォルト
100
AcDbVertex
100
AcDb3dPolylineVertex
 10
1.069999999999709
 20
1.5
 30
10.07
 70
    32
  0
VERTEX
  5
3D9
330
3D2
100
AcDbEntity
  8
デフォルト
100
AcDbVertex
100
AcDb3dPolylineVertex
 10
1.129000000000815
 20
1.546000000002095
 30
10.173
 70
    32
  0
VERTEX
  5
3DA
330
3D2
100
AcDbEntity
  8
デフォルト
100
AcDbVertex
100
AcDb3dPolylineVertex
 10
1.296999999998661
 20
1.671000000002095
 30
10.348
 70
    32
  0
VERTEX
  5
3DB
330
3D2
100
AcDbEntity
  8
デフォルト
100
AcDbVertex
100
AcDb3dPolylineVertex
 10
1.33200000000943
 20
1.687000000005355
 30
10.359
 70
    32
  0
SEQEND
  5
3DC
330
3D2
100
AcDbEntity
  8
デフォルト
  0
POLYLINE
  5
3DD
330
1F
100
AcDbEntity
  8
デフォルト
100
AcDb3dPolyline
 66
     1
 10
0.0
 20
0.0
 30
0.0
 70
     9
  0
VERTEX
  5
3DE
330
3DD
100
AcDbEntity
  8
デフォルト
100
AcDbVertex
100
AcDb3dPolylineVertex
 10
-2.534999999988941
 20
1.703000000008615
 30
11.449
 70
    32
  0
VERTEX
  5
3DF
330
3DD
100
AcDbEntity
  8
デフォルト
100
AcDbVertex
100
AcDb3dPolylineVertex
 10
-2.559000000001106
 20
1.655999999900814
 30
11.317
 70
    32
  0
VERTEX
  5
3E0
330
3DD
100
AcDbEntity
  8
デフォルト
100
AcDbVertex
100
AcDb3dPolylineVertex
 10
-2.710999999995693
 20
1.578000000008615
 30
11.198
 70
    32
  0
VERTEX
  5
3E1
330
3DD
100
AcDbEntity
  8
デフォルト
100
AcDbVertex
100
AcDb3dPolylineVertex
 10
-3.019999999989523
 20
1.703000000008615
 30
11.544
 70
    32
  0
VERTEX
  5
3E2
330
3DD
100
AcDbEntity
  8
デフォルト
100
AcDbVertex
100
AcDb3dPolylineVertex
 10
-2.644999999989523
 20
1.717999999906169
 30
11.509
 70
    32
  0
SEQEND
  5
3E3
330
3DD
100
AcDbEntity
  8
デフォルト
  0
POLYLINE
  5
3E4
330
1F
100
AcDbEntity
  8
デフォルト
100
AcDb3dPolyline
 66
     1
 10
0.0
 20
0.0
 30
0.0
 70
     9
  0
VERTEX
  5
3E5
330
3E4
100
AcDbEntity
  8
デフォルト
100
AcDbVertex
100
AcDb3dPolylineVertex
 10
-0.3870000000024447
 20
0.6710000000020955
 30
8.401000000000003
 70
    32
  0
VERTEX
  5
3E6
330
3E4
100
AcDbEntity
  8
デフォルト
100
AcDbVertex
100
AcDb3dPolylineVertex
 10
-0.9879999999902793
 20
0.6559999999008141
 30
8.425000000000004
 70
    32
  0
VERTEX
  5
3E7
330
3E4
100
AcDbEntity
  8
デフォルト
100
AcDbVertex
100
AcDb3dPolylineVertex
 10
-1.055000000000291
 20
0.7030000000086147
 30
8.490000000000002
 70
    32
  0
VERTEX
  5
3E8
330
3E4
100
AcDbEntity
  8
デフォルト
100
AcDbVertex
100
AcDb3dPolylineVertex
 10
-1.065999999991618
 20
0.7809999999008141
 30
8.718000000000004
 70
    32
  0
VERTEX
  5
3E9
330
3E4
100
AcDbEntity
  8
デフォルト
100
AcDbVertex
100
AcDb3dPolylineVertex
 10
-1.159999999988941
 20
0.9530000000086147
 30
8.924
 70
    32
  0
VERTEX
  5
3EA
330
3E4
100
AcDbEntity
  8
デフォルト
100
AcDbVertex
100
AcDb3dPolylineVertex
 10
-1.144999999989523
 20
1.062000000005355
 30
8.972000000000001
 70
    32
  0
VERTEX
  5
3EB
330
3E4
100
AcDbEntity
  8
デフォルト
100
AcDbVertex
100
AcDb3dPolylineVertex
 10
-1.10499999998865
 20
1.030999999900814
 30
8.997
 70
    32
  0
VERTEX
  5
3EC
330
3E4
100
AcDbEntity
  8
デフォルト
100
AcDbVertex
100
AcDb3dPolylineVertex
 10
-0.8949999999895226
 20
1.078000000008615
 30
9.122
 70
    32
  0
VERTEX
  5
3ED
330
3E4
100
AcDbEntity
  8
デフォルト
100
AcDbVertex
100
AcDb3dPolylineVertex
 10
-0.7299999999886495
 20
1.10899999999674
 30
9.158999999999999
 70
    32
  0
VERTEX
  5
3EE
330
3E4
100
AcDbEntity
  8
デフォルト
100
AcDbVertex
100
AcDb3dPolylineVertex
 10
-0.3980000000010477
 20
1.078000000008615
 30
9.175000000000004
 70
    32
  0
VERTEX
  5
3EF
330
3E4
100
AcDbEntity
  8
デフォルト
100
AcDbVertex
100
AcDb3dPolylineVertex
 10
-0.319999999999709
 20
1.092999999906169
 30
9.106000000000002
 70
    32
  0
VERTEX
  5
3F0
330
3E4
100
AcDbEntity
  8
デフォルト
100
AcDbVertex
100
AcDb3dPolylineVertex
 10
-0.2229999999908614
 20
0.9530000000086147
 30
8.89
 70
    32
  0
VERTEX
  5
3F1
330
3E4
100
AcDbEntity
  8
デフォルト
100
AcDbVertex
100
AcDb3dPolylineVertex
 10
-0.194999999999709
 20
0.8280000000086147
 30
8.553000000000004
 70
    32
  0
VERTEX
  5
3F2
330
3E4
100
AcDbEntity
  8
デフォルト
100
AcDbVertex
100
AcDb3dPolylineVertex
 10
-0.194999999999709
 20
0.7339999999967404
 30
8.436
 70
    32
  0
SEQEND
  5
3F3
330
3E4
100
AcDbEntity
  8
デフォルト
  0
POLYLINE
  5
3F4
330
1F
100
AcDbEntity
  8
デフォルト
100
AcDb3dPolyline
 66
     1
 10
0.0
 20
0.0
 30
0.0
 70
     9
  0
VERTEX
  5
3F5
330
3F4
100
AcDbEntity
  8
デフォルト
100
AcDbVertex
100
AcDb3dPolylineVertex
 10
-2.75
 20
0.75
 30
9.201
 70
    32
  0
VERTEX
  5
3F6
330
3F4
100
AcDbEntity
  8
デフォルト
100
AcDbVertex
100
AcDb3dPolylineVertex
 10
-2.890999999988708
 20
0.7030000000086147
 30
9.298000000000002
 70
    32
  0
VERTEX
  5
3F7
330
3F4
100
AcDbEntity
  8
デフォルト
100
AcDbVertex
100
AcDb3dPolylineVertex
 10
-2.936999999990803
 20
0.7179999999061693
 30
9.445
 70
    32
  0
VERTEX
  5
3F8
330
3F4
100
AcDbEntity
  8
デフォルト
100
AcDbVertex
100
AcDb3dPolylineVertex
 10
-2.921999999991385
 20
0.75
 30
9.430999999999997
 70
    32
  0
VERTEX
  5
3F9
330
3F4
100
AcDbEntity
  8
デフォルト
100
AcDbVertex
100
AcDb3dPolylineVertex
 10
-3.00800000000163
 20
0.75
 30
9.442
 70
    32
  0
VERTEX
  5
3FA
330
3F4
100
AcDbEntity
  8
デフォルト
100
AcDbVertex
100
AcDb3dPolylineVertex
 10
-3.116999999991094
 20
1.0
 30
10.024
 70
    32
  0
VERTEX
  5
3FB
330
3F4
100
AcDbEntity
  8
デフォルト
100
AcDbVertex
100
AcDb3dPolylineVertex
 10
-3.004000000000815
 20
1.046000000002095
 30
10.04
 70
    32
  0
VERTEX
  5
3FC
330
3F4
100
AcDbEntity
  8
デフォルト
100
AcDbVertex
100
AcDb3dPolylineVertex
 10
-2.835999999995693
 20
1.030999999900814
 30
9.959000000000003
 70
    32
  0
VERTEX
  5
3FD
330
3F4
100
AcDbEntity
  8
デフォルト
100
AcDbVertex
100
AcDb3dPolylineVertex
 10
-2.555000000000291
 20
0.875
 30
9.469000000000001
 70
    32
  0
VERTEX
  5
3FE
330
3F4
100
AcDbEntity
  8
デフォルト
100
AcDbVertex
100
AcDb3dPolylineVertex
 10
-2.675999999999476
 20
0.875
 30
9.297000000000004
 70
    32
  0
SEQEND
  5
3FF
330
3F4
100
AcDbEntity
  8
デフォルト
  0
POLYLINE
  5
400
330
1F
100
AcDbEntity
  8
デフォルト
100
AcDb3dPolyline
 66
     1
 10
0.0
 20
0.0
 30
0.0
 70
     9
  0
VERTEX
  5
401
330
400
100
AcDbEntity
  8
デフォルト
100
AcDbVertex
100
AcDb3dPolylineVertex
 10
0.8240000000005239
 20
3.171000000002095
 30
13.965
 70
    32
  0
VERTEX
  5
402
330
400
100
AcDbEntity
  8
デフォルト
100
AcDbVertex
100
AcDb3dPolylineVertex
 10
0.8910000000105356
 20
3.171000000002095
 30
13.919
 70
    32
  0
VERTEX
  5
403
330
400
100
AcDbEntity
  8
デフォルト
100
AcDbVertex
100
AcDb3dPolylineVertex
 10
0.9340000000083819
 20
3.10899999999674
 30
13.769
 70
    32
  0
VERTEX
  5
404
330
400
100
AcDbEntity
  8
デフォルト
100
AcDbVertex
100
AcDb3dPolylineVertex
 10
0.9530000000086147
 20
3.062000000005355
 30
13.598
 70
    32
  0
VERTEX
  5
405
330
400
100
AcDbEntity
  8
デフォルト
100
AcDbVertex
100
AcDb3dPolylineVertex
 10
0.9179999999978463
 20
3.014999999897555
 30
13.491
 70
    32
  0
VERTEX
  5
406
330
400
100
AcDbEntity
  8
デフォルト
100
AcDbVertex
100
AcDb3dPolylineVertex
 10
0.5900000000110595
 20
3.0
 30
13.448
 70
    32
  0
VERTEX
  5
407
330
400
100
AcDbEntity
  8
デフォルト
100
AcDbVertex
100
AcDb3dPolylineVertex
 10
0.4959999999991851
 20
3.046000000002095
 30
13.458
 70
    32
  0
VERTEX
  5
408
330
400
100
AcDbEntity
  8
デフォルト
100
AcDbVertex
100
AcDb3dPolylineVertex
 10
0.4259999999994761
 20
3.092999999906169
 30
13.785
 70
    32
  0
VERTEX
  5
409
330
400
100
AcDbEntity
  8
デフォルト
100
AcDbVertex
100
AcDb3dPolylineVertex
 10
0.4380000000091968
 20
3.155999999900814
 30
14.001
 70
    32
  0
SEQEND
  5
40A
330
400
100
AcDbEntity
  8
デフォルト
  0
POLYLINE
  5
40B
330
1F
100
AcDbEntity
  8
デフォルト
100
AcDb3dPolyline
 66
     1
 10
0.0
 20
0.0
 30
0.0
 70
     9
  0
VERTEX
  5
40C
330
40B
100
AcDbEntity
  8
デフォルト
100
AcDbVertex
100
AcDb3dPolylineVertex
 10
1.49199999999837
 20
1.25
 30
9.343000000000004
 70
    32
  0
VERTEX
  5
40D
330
40B
100
AcDbEntity
  8
デフォルト
100
AcDbVertex
100
AcDb3dPolylineVertex
 10
1.190999999998894
 20
1.203000000008615
 30
9.314
 70
    32
  0
VERTEX
  5
40E
330
40B
100
AcDbEntity
  8
デフォルト
100
AcDbVertex
100
AcDb3dPolylineVertex
 10
1.141000000010536
 20
1.217999999906169
 30
9.314999999999998
 70
    32
  0
VERTEX
  5
40F
330
40B
100
AcDbEntity
  8
デフォルト
100
AcDbVertex
100
AcDb3dPolylineVertex
 10
1.090000000011059
 20
1.23399999999674
 30
9.399999999999999
 70
    32
  0
VERTEX
  5
410
330
40B
100
AcDbEntity
  8
デフォルト
100
AcDbVertex
100
AcDb3dPolylineVertex
 10
1.184000000008382
 20
1.530999999900814
 30
9.911000000000001
 70
    32
  0
VERTEX
  5
411
330
40B
100
AcDbEntity
  8
デフォルト
100
AcDbVertex
100
AcDb3dPolylineVertex
 10
1.398000000008324
 20
1.639999999897555
 30
9.997
 70
    32
  0
VERTEX
  5
412
330
40B
100
AcDbEntity
  8
デフォルト
100
AcDbVertex
100
AcDb3dPolylineVertex
 10
1.495999999999185
 20
1.60899999999674
 30
10.051
 70
    32
  0
SEQEND
  5
413
330
40B
100
AcDbEntity
  8
デフォルト
  0
POLYLINE
  5
414
330
1F
100
AcDbEntity
  8
デフォルト
100
AcDb3dPolyline
 66
     1
 10
0.0
 20
0.0
 30
0.0
 70
     9
  0
VERTEX
  5
415
330
414
100
AcDbEntity
  8
デフォルト
100
AcDbVertex
100
AcDb3dPolylineVertex
 10
-3.015999999988708
 20
1.671000000002095
 30
11.485
 70
    32
  0
VERTEX
  5
416
330
414
100
AcDbEntity
  8
デフォルト
100
AcDbVertex
100
AcDb3dPolylineVertex
 10
-2.737999999990279
 20
1.562000000005355
 30
11.159
 70
    32
  0
VERTEX
  5
417
330
414
100
AcDbEntity
  8
デフォルト
100
AcDbVertex
100
AcDb3dPolylineVertex
 10
-2.976999999991676
 20
1.421000000002095
 30
10.898
 70
    32
  0
VERTEX
  5
418
330
414
100
AcDbEntity
  8
デフォルト
100
AcDbVertex
100
AcDb3dPolylineVertex
 10
-3.5
 20
1.421000000002095
 30
10.904
 70
    32
  0
VERTEX
  5
419
330
414
100
AcDbEntity
  8
デフォルト
100
AcDbVertex
100
AcDb3dPolylineVertex
 10
-3.879000000000815
 20
1.467999999906169
 30
11.0
 70
    32
  0
VERTEX
  5
41A
330
414
100
AcDbEntity
  8
デフォルト
100
AcDbVertex
100
AcDb3dPolylineVertex
 10
-3.894999999989523
 20
1.467999999906169
 30
11.16
 70
    32
  0
VERTEX
  5
41B
330
414
100
AcDbEntity
  8
デフォルト
100
AcDbVertex
100
AcDb3dPolylineVertex
 10
-3.968999999990046
 20
1.655999999900814
 30
11.598
 70
    32
  0
VERTEX
  5
41C
330
414
100
AcDbEntity
  8
デフォルト
100
AcDbVertex
100
AcDb3dPolylineVertex
 10
-3.629000000000815
 20
1.703000000008615
 30
11.654
 70
    32
  0
VERTEX
  5
41D
330
414
100
AcDbEntity
  8
デフォルト
100
AcDbVertex
100
AcDb3dPolylineVertex
 10
-3.159999999988941
 20
1.703000000008615
 30
11.564
 70
    32
  0
SEQEND
  5
41E
330
414
100
AcDbEntity
  8
デフォルト
  0
POLYLINE
  5
41F
330
1F
100
AcDbEntity
  8
デフォルト
100
AcDb3dPolyline
 66
     1
 10
0.0
 20
0.0
 30
0.0
 70
     9
  0
VERTEX
  5
420
330
41F
100
AcDbEntity
  8
デフォルト
100
AcDbVertex
100
AcDb3dPolylineVertex
 10
-5.046999999991385
 20
1.967999999906169
 30
12.633
 70
    32
  0
VERTEX
  5
421
330
41F
100
AcDbEntity
  8
デフォルト
100
AcDbVertex
100
AcDb3dPolylineVertex
 10
-4.620999999999185
 20
1.921000000002095
 30
12.507
 70
    32
  0
VERTEX
  5
422
330
41F
100
AcDbEntity
  8
デフォルト
100
AcDbVertex
100
AcDb3dPolylineVertex
 10
-4.464999999989232
 20
1.889999999897555
 30
12.343
 70
    32
  0
VERTEX
  5
423
330
41F
100
AcDbEntity
  8
デフォルト
100
AcDbVertex
100
AcDb3dPolylineVertex
 10
-4.60499999998865
 20
1.812000000005355
 30
12.124
 70
    32
  0
VERTEX
  5
424
330
41F
100
AcDbEntity
  8
デフォルト
100
AcDbVertex
100
AcDb3dPolylineVertex
 10
-4.890999999988708
 20
1.717999999906169
 30
11.966
 70
    32
  0
VERTEX
  5
425
330
41F
100
AcDbEntity
  8
デフォルト
100
AcDbVertex
100
AcDb3dPolylineVertex
 10
-5.245999999999185
 20
1.687000000005355
 30
12.057
 70
    32
  0
VERTEX
  5
426
330
41F
100
AcDbEntity
  8
デフォルト
100
AcDbVertex
100
AcDb3dPolylineVertex
 10
-5.35499999998865
 20
1.780999999900814
 30
12.202
 70
    32
  0
VERTEX
  5
427
330
41F
100
AcDbEntity
  8
デフォルト
100
AcDbVertex
100
AcDb3dPolylineVertex
 10
-5.35499999998865
 20
1.98399999999674
 30
12.414
 70
    32
  0
VERTEX
  5
428
330
41F
100
AcDbEntity
  8
デフォルト
100
AcDbVertex
100
AcDb3dPolylineVertex
 10
-5.305000000000291
 20
1.921000000002095
 30
12.59
 70
    32
  0
VERTEX
  5
429
330
41F
100
AcDbEntity
  8
デフォルト
100
AcDbVertex
100
AcDb3dPolylineVertex
 10
-5.152000000001863
 20
1.967999999906169
 30
12.644
 70
    32
  0
SEQEND
  5
42A
330
41F
100
AcDbEntity
  8
デフォルト
  0
POLYLINE
  5
42B
330
1F
100
AcDbEntity
  8
デフォルト
100
AcDb3dPolyline
 66
     1
 10
0.0
 20
0.0
 30
0.0
 70
     9
  0
VERTEX
  5
42C
330
42B
100
AcDbEntity
  8
デフォルト
100
AcDbVertex
100
AcDb3dPolylineVertex
 10
-3.38300000000163
 20
1.937000000005355
 30
12.23
 70
    32
  0
VERTEX
  5
42D
330
42B
100
AcDbEntity
  8
デフォルト
100
AcDbVertex
100
AcDb3dPolylineVertex
 10
-3.358999999989464
 20
2.092999999906169
 30
12.563
 70
    32
  0
VERTEX
  5
42E
330
42B
100
AcDbEntity
  8
デフォルト
100
AcDbVertex
100
AcDb3dPolylineVertex
 10
-3.214999999989232
 20
2.23399999999674
 30
12.729
 70
    32
  0
VERTEX
  5
42F
330
42B
100
AcDbEntity
  8
デフォルト
100
AcDbVertex
100
AcDb3dPolylineVertex
 10
-2.538999999989755
 20
2.171000000002095
 30
12.524
 70
    32
  0
VERTEX
  5
430
330
42B
100
AcDbEntity
  8
デフォルト
100
AcDbVertex
100
AcDb3dPolylineVertex
 10
-2.339999999989232
 20
2.155999999900814
 30
12.42
 70
    32
  0
VERTEX
  5
431
330
42B
100
AcDbEntity
  8
デフォルト
100
AcDbVertex
100
AcDb3dPolylineVertex
 10
-2.328000000001339
 20
2.155999999900814
 30
12.368
 70
    32
  0
VERTEX
  5
432
330
42B
100
AcDbEntity
  8
デフォルト
100
AcDbVertex
100
AcDb3dPolylineVertex
 10
-2.434000000001106
 20
2.062000000005355
 30
12.223
 70
    32
  0
VERTEX
  5
433
330
42B
100
AcDbEntity
  8
デフォルト
100
AcDbVertex
100
AcDb3dPolylineVertex
 10
-2.811999999990803
 20
1.98399999999674
 30
12.091
 70
    32
  0
VERTEX
  5
434
330
42B
100
AcDbEntity
  8
デフォルト
100
AcDbVertex
100
AcDb3dPolylineVertex
 10
-3.190999999991618
 20
1.953000000008615
 30
12.138
 70
    32
  0
SEQEND
  5
435
330
42B
100
AcDbEntity
  8
デフォルト
  0
POLYLINE
  5
436
330
1F
100
AcDbEntity
  8
デフォルト
100
AcDb3dPolyline
 66
     1
 10
0.0
 20
0.0
 30
0.0
 70
     9
  0
VERTEX
  5
437
330
436
100
AcDbEntity
  8
デフォルト
100
AcDbVertex
100
AcDb3dPolylineVertex
 10
0.0
 20
0.0
 30
8.0
 70
    32
  0
VERTEX
  5
438
330
436
100
AcDbEntity
  8
デフォルト
100
AcDbVertex
100
AcDb3dPolylineVertex
 10
-0.0310000000026776
 20
-0.0160000000032596
 30
8.006999999999998
 70
    32
  0
VERTEX
  5
439
330
436
100
AcDbEntity
  8
デフォルト
100
AcDbVertex
100
AcDb3dPolylineVertex
 10
-0.444999999999709
 20
0.4370000000053551
 30
8.032000000000004
 70
    32
  0
VERTEX
  5
43A
330
436
100
AcDbEntity
  8
デフォルト
100
AcDbVertex
100
AcDb3dPolylineVertex
 10
-0.2969999999913853
 20
0.5149999998975545
 30
8.082
 70
    32
  0
VERTEX
  5
43B
330
436
100
AcDbEntity
  8
デフォルト
100
AcDbVertex
100
AcDb3dPolylineVertex
 10
-0.2699999999895226
 20
0.625
 30
8.125999999999998
 70
    32
  0
VERTEX
  5
43C
330
436
100
AcDbEntity
  8
デフォルト
100
AcDbVertex
100
AcDb3dPolylineVertex
 10
-0.0120000000024447
 20
0.625
 30
8.146999999999998
 70
    32
  0
VERTEX
  5
43D
330
436
100
AcDbEntity
  8
デフォルト
100
AcDbVertex
100
AcDb3dPolylineVertex
 10
0.1840000000083819
 20
0.5620000000053551
 30
8.006
 70
    32
  0
VERTEX
  5
43E
330
436
100
AcDbEntity
  8
デフォルト
100
AcDbVertex
100
AcDb3dPolylineVertex
 10
0.3280000000086147
 20
0.5929999999061693
 30
7.975000000000001
 70
    32
  0
VERTEX
  5
43F
330
436
100
AcDbEntity
  8
デフォルト
100
AcDbVertex
100
AcDb3dPolylineVertex
 10
0.2770000000091386
 20
0.4679999999061693
 30
7.993000000000002
 70
    32
  0
VERTEX
  5
440
330
436
100
AcDbEntity
  8
デフォルト
100
AcDbVertex
100
AcDb3dPolylineVertex
 10
0.2030000000086147
 20
0.4059999999008141
 30
7.981999999999999
 70
    32
  0
VERTEX
  5
441
330
436
100
AcDbEntity
  8
デフォルト
100
AcDbVertex
100
AcDb3dPolylineVertex
 10
0.055000000000291
 20
0.0149999998975545
 30
7.994999999999997
 70
    32
  0
SEQEND
  5
442
330
436
100
AcDbEntity
  8
デフォルト
  0
POLYLINE
  5
443
330
1F
100
AcDbEntity
  8
デフォルト
100
AcDb3dPolyline
 66
     1
 10
0.0
 20
0.0
 30
0.0
 70
     9
  0
VERTEX
  5
444
330
443
100
AcDbEntity
  8
デフォルト
100
AcDbVertex
100
AcDb3dPolylineVertex
 10
-4.894999999989523
 20
0.9210000000020955
 30
10.348
 70
    32
  0
VERTEX
  5
445
330
443
100
AcDbEntity
  8
デフォルト
100
AcDbVertex
100
AcDb3dPolylineVertex
 10
-5.012000000002445
 20
0.8120000000053551
 30
10.114
 70
    32
  0
VERTEX
  5
446
330
443
100
AcDbEntity
  8
デフォルト
100
AcDbVertex
100
AcDb3dPolylineVertex
 10
-4.960999999995693
 20
0.7179999999061693
 30
9.878999999999998
 70
    32
  0
VERTEX
  5
447
330
443
100
AcDbEntity
  8
デフォルト
100
AcDbVertex
100
AcDb3dPolylineVertex
 10
-5.203000000001339
 20
0.7030000000086147
 30
9.863
 70
    32
  0
VERTEX
  5
448
330
443
100
AcDbEntity
  8
デフォルト
100
AcDbVertex
100
AcDb3dPolylineVertex
 10
-5.29299999999057
 20
0.7339999999967404
 30
9.988
 70
    32
  0
VERTEX
  5
449
330
443
100
AcDbEntity
  8
デフォルト
100
AcDbVertex
100
AcDb3dPolylineVertex
 10
-5.309000000001106
 20
0.7809999999008141
 30
10.113
 70
    32
  0
VERTEX
  5
44A
330
443
100
AcDbEntity
  8
デフォルト
100
AcDbVertex
100
AcDb3dPolylineVertex
 10
-5.233999999989464
 20
0.9059999999008141
 30
10.328
 70
    32
  0
VERTEX
  5
44B
330
443
100
AcDbEntity
  8
デフォルト
100
AcDbVertex
100
AcDb3dPolylineVertex
 10
-5.218999999990046
 20
1.030999999900814
 30
10.421
 70
    32
  0
VERTEX
  5
44C
330
443
100
AcDbEntity
  8
デフォルト
100
AcDbVertex
100
AcDb3dPolylineVertex
 10
-5.190999999991618
 20
1.030999999900814
 30
10.474
 70
    32
  0
VERTEX
  5
44D
330
443
100
AcDbEntity
  8
デフォルト
100
AcDbVertex
100
AcDb3dPolylineVertex
 10
-5.069999999999709
 20
1.030999999900814
 30
10.511
 70
    32
  0
VERTEX
  5
44E
330
443
100
AcDbEntity
  8
デフォルト
100
AcDbVertex
100
AcDb3dPolylineVertex
 10
-4.835999999995693
 20
1.014999999897555
 30
10.381
 70
    32
  0
SEQEND
  5
44F
330
443
100
AcDbEntity
  8
デフォルト
  0
POLYLINE
  5
450
330
1F
100
AcDbEntity
  8
デフォルト
100
AcDb3dPolyline
 66
     1
 10
0.0
 20
0.0
 30
0.0
 70
     9
  0
VERTEX
  5
451
330
450
100
AcDbEntity
  8
デフォルト
100
AcDbVertex
100
AcDb3dPolylineVertex
 10
-1.288999999989755
 20
1.592999999906169
 30
10.714
 70
    32
  0
VERTEX
  5
452
330
450
100
AcDbEntity
  8
デフォルト
100
AcDbVertex
100
AcDb3dPolylineVertex
 10
-1.379000000000815
 20
1.60899999999674
 30
10.764
 70
    32
  0
VERTEX
  5
453
330
450
100
AcDbEntity
  8
デフォルト
100
AcDbVertex
100
AcDb3dPolylineVertex
 10
-1.375
 20
1.625
 30
10.82
 70
    32
  0
VERTEX
  5
454
330
450
100
AcDbEntity
  8
デフォルト
100
AcDbVertex
100
AcDb3dPolylineVertex
 10
-1.237999999990279
 20
1.921000000002095
 30
11.423
 70
    32
  0
VERTEX
  5
455
330
450
100
AcDbEntity
  8
デフォルト
100
AcDbVertex
100
AcDb3dPolylineVertex
 10
-1.0
 20
1.921000000002095
 30
11.422
 70
    32
  0
VERTEX
  5
456
330
450
100
AcDbEntity
  8
デフォルト
100
AcDbVertex
100
AcDb3dPolylineVertex
 10
-0.6759999999994761
 20
1.921000000002095
 30
11.309
 70
    32
  0
VERTEX
  5
457
330
450
100
AcDbEntity
  8
デフォルト
100
AcDbVertex
100
AcDb3dPolylineVertex
 10
-0.7189999999900465
 20
1.655999999900814
 30
10.668
 70
    32
  0
VERTEX
  5
458
330
450
100
AcDbEntity
  8
デフォルト
100
AcDbVertex
100
AcDb3dPolylineVertex
 10
-0.819999999999709
 20
1.625
 30
10.646
 70
    32
  0
SEQEND
  5
459
330
450
100
AcDbEntity
  8
デフォルト
  0
POLYLINE
  5
45A
330
1F
100
AcDbEntity
  8
デフォルト
100
AcDb3dPolyline
 66
     1
 10
0.0
 20
0.0
 30
0.0
 70
     9
  0
VERTEX
  5
45B
330
45A
100
AcDbEntity
  8
デフォルト
100
AcDbVertex
100
AcDb3dPolylineVertex
 10
1.523000000008324
 20
3.264999999897555
 30
13.92
 70
    32
  0
VERTEX
  5
45C
330
45A
100
AcDbEntity
  8
デフォルト
100
AcDbVertex
100
AcDb3dPolylineVertex
 10
1.574000000000524
 20
3.203000000008615
 30
13.763
 70
    32
  0
VERTEX
  5
45D
330
45A
100
AcDbEntity
  8
デフォルト
100
AcDbVertex
100
AcDb3dPolylineVertex
 10
1.440999999998894
 20
3.092999999906169
 30
13.494
 70
    32
  0
VERTEX
  5
45E
330
45A
100
AcDbEntity
  8
デフォルト
100
AcDbVertex
100
AcDb3dPolylineVertex
 10
1.0
 20
3.062000000005355
 30
13.512
 70
    32
  0
VERTEX
  5
45F
330
45A
100
AcDbEntity
  8
デフォルト
100
AcDbVertex
100
AcDb3dPolylineVertex
 10
0.9610000000102445
 20
3.078000000008615
 30
13.613
 70
    32
  0
VERTEX
  5
460
330
45A
100
AcDbEntity
  8
デフォルト
100
AcDbVertex
100
AcDb3dPolylineVertex
 10
0.9800000000104774
 20
3.187000000005355
 30
13.929
 70
    32
  0
VERTEX
  5
461
330
45A
100
AcDbEntity
  8
デフォルト
100
AcDbVertex
100
AcDb3dPolylineVertex
 10
1.319999999999709
 20
3.217999999906169
 30
13.948
 70
    32
  0
SEQEND
  5
462
330
45A
100
AcDbEntity
  8
デフォルト
  0
POLYLINE
  5
463
330
1F
100
AcDbEntity
  8
デフォルト
100
AcDb3dPolyline
 66
     1
 10
0.0
 20
0.0
 30
0.0
 70
     9
  0
VERTEX
  5
464
330
463
100
AcDbEntity
  8
デフォルト
100
AcDbVertex
100
AcDb3dPolylineVertex
 10
-3.305000000000291
 20
1.23399999999674
 30
10.618
 70
    32
  0
VERTEX
  5
465
330
463
100
AcDbEntity
  8
デフォルト
100
AcDbVertex
100
AcDb3dPolylineVertex
 10
-3.265999999988708
 20
1.10899999999674
 30
10.397
 70
    32
  0
VERTEX
  5
466
330
463
100
AcDbEntity
  8
デフォルト
100
AcDbVertex
100
AcDb3dPolylineVertex
 10
-3.309000000001106
 20
1.030999999900814
 30
10.077
 70
    32
  0
VERTEX
  5
467
330
463
100
AcDbEntity
  8
デフォルト
100
AcDbVertex
100
AcDb3dPolylineVertex
 10
-3.421999999991385
 20
1.0
 30
10.031
 70
    32
  0
VERTEX
  5
468
330
463
100
AcDbEntity
  8
デフォルト
100
AcDbVertex
100
AcDb3dPolylineVertex
 10
-3.640999999988708
 20
0.9839999999967404
 30
10.093
 70
    32
  0
VERTEX
  5
469
330
463
100
AcDbEntity
  8
デフォルト
100
AcDbVertex
100
AcDb3dPolylineVertex
 10
-3.718999999990046
 20
1.092999999906169
 30
10.188
 70
    32
  0
VERTEX
  5
46A
330
463
100
AcDbEntity
  8
デフォルト
100
AcDbVertex
100
AcDb3dPolylineVertex
 10
-3.703000000001339
 20
1.155999999900814
 30
10.531
 70
    32
  0
VERTEX
  5
46B
330
463
100
AcDbEntity
  8
デフォルト
100
AcDbVertex
100
AcDb3dPolylineVertex
 10
-3.710999999995693
 20
1.280999999900814
 30
10.612
 70
    32
  0
VERTEX
  5
46C
330
463
100
AcDbEntity
  8
デフォルト
100
AcDbVertex
100
AcDb3dPolylineVertex
 10
-3.561999999990803
 20
1.280999999900814
 30
10.698
 70
    32
  0
SEQEND
  5
46D
330
463
100
AcDbEntity
  8
デフォルト
  0
POLYLINE
  5
46E
330
1F
100
AcDbEntity
  8
デフォルト
100
AcDb3dPolyline
 66
     1
 10
0.0
 20
0.0
 30
0.0
 70
     9
  0
VERTEX
  5
46F
330
46E
100
AcDbEntity
  8
デフォルト
100
AcDbVertex
100
AcDb3dPolylineVertex
 10
-3.050999999999476
 20
0.5780000000086147
 30
8.945999999999998
 70
    32
  0
VERTEX
  5
470
330
46E
100
AcDbEntity
  8
デフォルト
100
AcDbVertex
100
AcDb3dPolylineVertex
 10
-3.038999999989755
 20
0.5
 30
8.733000000000004
 70
    32
  0
VERTEX
  5
471
330
46E
100
AcDbEntity
  8
デフォルト
100
AcDbVertex
100
AcDb3dPolylineVertex
 10
-3.148000000001048
 20
0.4059999999008141
 30
8.654000000000003
 70
    32
  0
VERTEX
  5
472
330
46E
100
AcDbEntity
  8
デフォルト
100
AcDbVertex
100
AcDb3dPolylineVertex
 10
-3.75800000000163
 20
0.3120000000053551
 30
8.640999999999998
 70
    32
  0
VERTEX
  5
473
330
46E
100
AcDbEntity
  8
デフォルト
100
AcDbVertex
100
AcDb3dPolylineVertex
 10
-3.968999999990046
 20
0.3899999998975545
 30
8.669000000000004
 70
    32
  0
VERTEX
  5
474
330
46E
100
AcDbEntity
  8
デフォルト
100
AcDbVertex
100
AcDb3dPolylineVertex
 10
-4.00800000000163
 20
0.4530000000086147
 30
8.959000000000003
 70
    32
  0
VERTEX
  5
475
330
46E
100
AcDbEntity
  8
デフォルト
100
AcDbVertex
100
AcDb3dPolylineVertex
 10
-4.055000000000291
 20
0.5460000000020955
 30
9.039000000000001
 70
    32
  0
VERTEX
  5
476
330
46E
100
AcDbEntity
  8
デフォルト
100
AcDbVertex
100
AcDb3dPolylineVertex
 10
-4.050999999999476
 20
0.5929999999061693
 30
9.148000000000003
 70
    32
  0
VERTEX
  5
477
330
46E
100
AcDbEntity
  8
デフォルト
100
AcDbVertex
100
AcDb3dPolylineVertex
 10
-4.034999999988941
 20
0.625
 30
9.192
 70
    32
  0
VERTEX
  5
478
330
46E
100
AcDbEntity
  8
デフォルト
100
AcDbVertex
100
AcDb3dPolylineVertex
 10
-3.902000000001863
 20
0.625
 30
9.286999999999999
 70
    32
  0
VERTEX
  5
479
330
46E
100
AcDbEntity
  8
デフォルト
100
AcDbVertex
100
AcDb3dPolylineVertex
 10
-3.25800000000163
 20
0.6710000000020955
 30
9.222000000000001
 70
    32
  0
VERTEX
  5
47A
330
46E
100
AcDbEntity
  8
デフォルト
100
AcDbVertex
100
AcDb3dPolylineVertex
 10
-3.050999999999476
 20
0.6559999999008141
 30
9.171
 70
    32
  0
SEQEND
  5
47B
330
46E
100
AcDbEntity
  8
デフォルト
  0
POLYLINE
  5
47C
330
1F
100
AcDbEntity
  8
デフォルト
100
AcDb3dPolyline
 66
     1
 10
0.0
 20
0.0
 30
0.0
 70
     9
  0
VERTEX
  5
47D
330
47C
100
AcDbEntity
  8
デフォルト
100
AcDbVertex
100
AcDb3dPolylineVertex
 10
-4.983999999989464
 20
2.514999999897555
 30
14.082
 70
    32
  0
VERTEX
  5
47E
330
47C
100
AcDbEntity
  8
デフォルト
100
AcDbVertex
100
AcDb3dPolylineVertex
 10
-4.953000000001339
 20
2.389999999897555
 30
13.77
 70
    32
  0
VERTEX
  5
47F
330
47C
100
AcDbEntity
  8
デフォルト
100
AcDbVertex
100
AcDb3dPolylineVertex
 10
-5.262000000002445
 20
2.35899999999674
 30
13.74
 70
    32
  0
VERTEX
  5
480
330
47C
100
AcDbEntity
  8
デフォルト
100
AcDbVertex
100
AcDb3dPolylineVertex
 10
-5.453000000001339
 20
2.342999999906169
 30
13.773
 70
    32
  0
VERTEX
  5
481
330
47C
100
AcDbEntity
  8
デフォルト
100
AcDbVertex
100
AcDb3dPolylineVertex
 10
-5.460999999995693
 20
2.437000000005355
 30
14.036
 70
    32
  0
VERTEX
  5
482
330
47C
100
AcDbEntity
  8
デフォルト
100
AcDbVertex
100
AcDb3dPolylineVertex
 10
-5.35499999998865
 20
2.437000000005355
 30
14.085
 70
    32
  0
SEQEND
  5
483
330
47C
100
AcDbEntity
  8
デフォルト
  0
POLYLINE
  5
484
330
1F
100
AcDbEntity
  8
デフォルト
100
AcDb3dPolyline
 66
     1
 10
0.0
 20
0.0
 30
0.0
 70
     9
  0
VERTEX
  5
485
330
484
100
AcDbEntity
  8
デフォルト
100
AcDbVertex
100
AcDb3dPolylineVertex
 10
-0.0619999999908032
 20
2.264999999897555
 30
12.029
 70
    32
  0
VERTEX
  5
486
330
484
100
AcDbEntity
  8
デフォルト
100
AcDbVertex
100
AcDb3dPolylineVertex
 10
-0.1209999999991851
 20
2.328000000008615
 30
12.076
 70
    32
  0
VERTEX
  5
487
330
484
100
AcDbEntity
  8
デフォルト
100
AcDbVertex
100
AcDb3dPolylineVertex
 10
-0.1480000000010477
 20
2.421000000002095
 30
12.195
 70
    32
  0
VERTEX
  5
488
330
484
100
AcDbEntity
  8
デフォルト
100
AcDbVertex
100
AcDb3dPolylineVertex
 10
-0.1409999999887077
 20
2.562000000005355
 30
12.492
 70
    32
  0
VERTEX
  5
489
330
484
100
AcDbEntity
  8
デフォルト
100
AcDbVertex
100
AcDb3dPolylineVertex
 10
0.1880000000091968
 20
2.592999999906169
 30
12.609
 70
    32
  0
VERTEX
  5
48A
330
484
100
AcDbEntity
  8
デフォルト
100
AcDbVertex
100
AcDb3dPolylineVertex
 10
0.2419999999983702
 20
2.296000000002095
 30
11.996
 70
    32
  0
SEQEND
  5
48B
330
484
100
AcDbEntity
  8
デフォルト
  0
POLYLINE
  5
48C
330
1F
100
AcDbEntity
  8
デフォルト
100
AcDb3dPolyline
 66
     1
 10
0.0
 20
0.0
 30
0.0
 70
     9
  0
VERTEX
  5
48D
330
48C
100
AcDbEntity
  8
デフォルト
100
AcDbVertex
100
AcDb3dPolylineVertex
 10
-0.875
 20
1.078000000008615
 30
9.166000000000004
 70
    32
  0
VERTEX
  5
48E
330
48C
100
AcDbEntity
  8
デフォルト
100
AcDbVertex
100
AcDb3dPolylineVertex
 10
-0.9919999999910942
 20
1.10899999999674
 30
9.146
 70
    32
  0
VERTEX
  5
48F
330
48C
100
AcDbEntity
  8
デフォルト
100
AcDbVertex
100
AcDb3dPolylineVertex
 10
-1.413999999989755
 20
0.9059999999008141
 30
9.207999999999998
 70
    32
  0
VERTEX
  5
490
330
48C
100
AcDbEntity
  8
デフォルト
100
AcDbVertex
100
AcDb3dPolylineVertex
 10
-1.504000000000815
 20
0.9370000000053551
 30
9.267000000000003
 70
    32
  0
VERTEX
  5
491
330
48C
100
AcDbEntity
  8
デフォルト
100
AcDbVertex
100
AcDb3dPolylineVertex
 10
-1.555000000000291
 20
1.062000000005355
 30
9.444000000000003
 70
    32
  0
VERTEX
  5
492
330
48C
100
AcDbEntity
  8
デフォルト
100
AcDbVertex
100
AcDb3dPolylineVertex
 10
-1.300999999999476
 20
1.342999999906169
 30
9.899000000000001
 70
    32
  0
VERTEX
  5
493
330
48C
100
AcDbEntity
  8
デフォルト
100
AcDbVertex
100
AcDb3dPolylineVertex
 10
-1.144999999989523
 20
1.296000000002095
 30
9.963999999999999
 70
    32
  0
VERTEX
  5
494
330
48C
100
AcDbEntity
  8
デフォルト
100
AcDbVertex
100
AcDb3dPolylineVertex
 10
-0.8980000000010477
 20
1.312000000005355
 30
9.972999999999999
 70
    32
  0
VERTEX
  5
495
330
48C
100
AcDbEntity
  8
デフォルト
100
AcDbVertex
100
AcDb3dPolylineVertex
 10
-0.7929999999905704
 20
1.312000000005355
 30
9.918
 70
    32
  0
VERTEX
  5
496
330
48C
100
AcDbEntity
  8
デフォルト
100
AcDbVertex
100
AcDb3dPolylineVertex
 10
-0.7810000000026776
 20
1.125
 30
9.358000000000004
 70
    32
  0
VERTEX
  5
497
330
48C
100
AcDbEntity
  8
デフォルト
100
AcDbVertex
100
AcDb3dPolylineVertex
 10
-0.7810000000026776
 20
1.125
 30
9.228000000000002
 70
    32
  0
SEQEND
  5
498
330
48C
100
AcDbEntity
  8
デフォルト
  0
POLYLINE
  5
499
330
1F
100
AcDbEntity
  8
デフォルト
100
AcDb3dPolyline
 66
     1
 10
0.0
 20
0.0
 30
0.0
 70
     9
  0
VERTEX
  5
49A
330
499
100
AcDbEntity
  8
デフォルト
100
AcDbVertex
100
AcDb3dPolylineVertex
 10
-4.085999999995693
 20
1.030999999900814
 30
10.198
 70
    32
  0
VERTEX
  5
49B
330
499
100
AcDbEntity
  8
デフォルト
100
AcDbVertex
100
AcDb3dPolylineVertex
 10
-4.175999999999476
 20
0.9059999999008141
 30
10.148
 70
    32
  0
VERTEX
  5
49C
330
499
100
AcDbEntity
  8
デフォルト
100
AcDbVertex
100
AcDb3dPolylineVertex
 10
-4.370999999999185
 20
0.9370000000053551
 30
10.17
 70
    32
  0
VERTEX
  5
49D
330
499
100
AcDbEntity
  8
デフォルト
100
AcDbVertex
100
AcDb3dPolylineVertex
 10
-4.390999999988708
 20
0.9839999999967404
 30
10.249
 70
    32
  0
VERTEX
  5
49E
330
499
100
AcDbEntity
  8
デフォルト
100
AcDbVertex
100
AcDb3dPolylineVertex
 10
-4.332000000002154
 20
1.0
 30
10.288
 70
    32
  0
VERTEX
  5
49F
330
499
100
AcDbEntity
  8
デフォルト
100
AcDbVertex
100
AcDb3dPolylineVertex
 10
-4.175999999999476
 20
1.014999999897555
 30
10.28
 70
    32
  0
SEQEND
  5
4A0
330
499
100
AcDbEntity
  8
デフォルト
  0
POLYLINE
  5
4A1
330
1F
100
AcDbEntity
  8
デフォルト
100
AcDb3dPolyline
 66
     1
 10
0.0
 20
0.0
 30
0.0
 70
     9
  0
VERTEX
  5
4A2
330
4A1
100
AcDbEntity
  8
デフォルト
100
AcDbVertex
100
AcDb3dPolylineVertex
 10
1.137000000009721
 20
1.703000000008615
 30
10.47
 70
    32
  0
VERTEX
  5
4A3
330
4A1
100
AcDbEntity
  8
デフォルト
100
AcDbVertex
100
AcDb3dPolylineVertex
 10
1.313000000009197
 20
1.687000000005355
 30
10.389
 70
    32
  0
VERTEX
  5
4A4
330
4A1
100
AcDbEntity
  8
デフォルト
100
AcDbVertex
100
AcDb3dPolylineVertex
 10
0.9959999999991851
 20
1.467999999906169
 30
10.018
 70
    32
  0
VERTEX
  5
4A5
330
4A1
100
AcDbEntity
  8
デフォルト
100
AcDbVertex
100
AcDb3dPolylineVertex
 10
0.7890000000043074
 20
1.453000000008615
 30
10.064
 70
    32
  0
VERTEX
  5
4A6
330
4A1
100
AcDbEntity
  8
デフォルト
100
AcDbVertex
100
AcDb3dPolylineVertex
 10
0.5270000000091386
 20
1.578000000008615
 30
10.374
 70
    32
  0
VERTEX
  5
4A7
330
4A1
100
AcDbEntity
  8
デフォルト
100
AcDbVertex
100
AcDb3dPolylineVertex
 10
0.7189999999973224
 20
1.687000000005355
 30
10.527
 70
    32
  0
SEQEND
  5
4A8
330
4A1
100
AcDbEntity
  8
デフォルト
  0
POLYLINE
  5
4A9
330
1F
100
AcDbEntity
  8
デフォルト
100
AcDb3dPolyline
 66
     1
 10
0.0
 20
0.0
 30
0.0
 70
     9
  0
VERTEX
  5
4AA
330
4A9
100
AcDbEntity
  8
デフォルト
100
AcDbVertex
100
AcDb3dPolylineVertex
 10
0.5429999999978463
 20
0.625
 30
8.078000000000003
 70
    32
  0
VERTEX
  5
4AB
330
4A9
100
AcDbEntity
  8
デフォルト
100
AcDbVertex
100
AcDb3dPolylineVertex
 10
0.3400000000110595
 20
0.6089999999967404
 30
8.003
 70
    32
  0
VERTEX
  5
4AC
330
4A9
100
AcDbEntity
  8
デフォルト
100
AcDbVertex
100
AcDb3dPolylineVertex
 10
0.1450000000113505
 20
0.5929999999061693
 30
8.035000000000004
 70
    32
  0
VERTEX
  5
4AD
330
4A9
100
AcDbEntity
  8
デフォルト
100
AcDbVertex
100
AcDb3dPolylineVertex
 10
0.0270000000091386
 20
0.6559999999008141
 30
8.155999999999999
 70
    32
  0
VERTEX
  5
4AE
330
4A9
100
AcDbEntity
  8
デフォルト
100
AcDbVertex
100
AcDb3dPolylineVertex
 10
-0.0230000000010477
 20
0.7649999998975545
 30
8.375
 70
    32
  0
VERTEX
  5
4AF
330
4A9
100
AcDbEntity
  8
デフォルト
100
AcDbVertex
100
AcDb3dPolylineVertex
 10
0.2580000000089058
 20
0.7809999999008141
 30
8.492000000000004
 70
    32
  0
VERTEX
  5
4B0
330
4A9
100
AcDbEntity
  8
デフォルト
100
AcDbVertex
100
AcDb3dPolylineVertex
 10
0.4570000000094296
 20
0.8120000000053551
 30
8.508000000000003
 70
    32
  0
VERTEX
  5
4B1
330
4A9
100
AcDbEntity
  8
デフォルト
100
AcDbVertex
100
AcDb3dPolylineVertex
 10
0.5860000000102445
 20
0.8280000000086147
 30
8.457999999999998
 70
    32
  0
VERTEX
  5
4B2
330
4A9
100
AcDbEntity
  8
デフォルト
100
AcDbVertex
100
AcDb3dPolylineVertex
 10
0.6169999999983702
 20
0.6870000000053551
 30
8.146999999999998
 70
    32
  0
SEQEND
  5
4B3
330
4A9
100
AcDbEntity
  8
デフォルト
  0
POLYLINE
  5
4B4
330
1F
100
AcDbEntity
  8
デフォルト
100
AcDb3dPolyline
 66
     1
 10
0.0
 20
0.0
 30
0.0
 70
     9
  0
VERTEX
  5
4B5
330
4B4
100
AcDbEntity
  8
デフォルト
100
AcDbVertex
100
AcDb3dPolylineVertex
 10
-4.832000000002154
 20
2.296000000002095
 30
13.428
 70
    32
  0
VERTEX
  5
4B6
330
4B4
100
AcDbEntity
  8
デフォルト
100
AcDbVertex
100
AcDb3dPolylineVertex
 10
-4.430000000000291
 20
2.296000000002095
 30
13.345
 70
    32
  0
VERTEX
  5
4B7
330
4B4
100
AcDbEntity
  8
デフォルト
100
AcDbVertex
100
AcDb3dPolylineVertex
 10
-4.38300000000163
 20
2.25
 30
13.247
 70
    32
  0
VERTEX
  5
4B8
330
4B4
100
AcDbEntity
  8
デフォルト
100
AcDbVertex
100
AcDb3dPolylineVertex
 10
-4.546999999991385
 20
2.171000000002095
 30
13.088
 70
    32
  0
VERTEX
  5
4B9
330
4B4
100
AcDbEntity
  8
デフォルト
100
AcDbVertex
100
AcDb3dPolylineVertex
 10
-4.894999999989523
 20
2.139999999897555
 30
13.118
 70
    32
  0
VERTEX
  5
4BA
330
4B4
100
AcDbEntity
  8
デフォルト
100
AcDbVertex
100
AcDb3dPolylineVertex
 10
-5.0
 20
2.171000000002095
 30
13.176
 70
    32
  0
VERTEX
  5
4BB
330
4B4
100
AcDbEntity
  8
デフォルト
100
AcDbVertex
100
AcDb3dPolylineVertex
 10
-5.00800000000163
 20
2.25
 30
13.364
 70
    32
  0
VERTEX
  5
4BC
330
4B4
100
AcDbEntity
  8
デフォルト
100
AcDbVertex
100
AcDb3dPolylineVertex
 10
-4.934000000001106
 20
2.296000000002095
 30
13.422
 70
    32
  0
SEQEND
  5
4BD
330
4B4
100
AcDbEntity
  8
デフォルト
  0
POLYLINE
  5
4BE
330
1F
100
AcDbEntity
  8
デフォルト
100
AcDb3dPolyline
 66
     1
 10
0.0
 20
0.0
 30
0.0
 70
     9
  0
VERTEX
  5
4BF
330
4BE
100
AcDbEntity
  8
デフォルト
100
AcDbVertex
100
AcDb3dPolylineVertex
 10
0.5040000000008149
 20
2.905999999900814
 30
13.238
 70
    32
  0
VERTEX
  5
4C0
330
4BE
100
AcDbEntity
  8
デフォルト
100
AcDbVertex
100
AcDb3dPolylineVertex
 10
0.5860000000102445
 20
2.937000000005355
 30
13.353
 70
    32
  0
VERTEX
  5
4C1
330
4BE
100
AcDbEntity
  8
デフォルト
100
AcDbVertex
100
AcDb3dPolylineVertex
 10
0.7459999999991851
 20
2.98399999999674
 30
13.405
 70
    32
  0
VERTEX
  5
4C2
330
4BE
100
AcDbEntity
  8
デフォルト
100
AcDbVertex
100
AcDb3dPolylineVertex
 10
0.9020000000091386
 20
3.0
 30
13.39
 70
    32
  0
VERTEX
  5
4C3
330
4BE
100
AcDbEntity
  8
デフォルト
100
AcDbVertex
100
AcDb3dPolylineVertex
 10
0.9800000000104774
 20
2.98399999999674
 30
13.348
 70
    32
  0
VERTEX
  5
4C4
330
4BE
100
AcDbEntity
  8
デフォルト
100
AcDbVertex
100
AcDb3dPolylineVertex
 10
1.046999999998661
 20
2.889999999897555
 30
13.149
 70
    32
  0
VERTEX
  5
4C5
330
4BE
100
AcDbEntity
  8
デフォルト
100
AcDbVertex
100
AcDb3dPolylineVertex
 10
1.059000000008382
 20
2.85899999999674
 30
12.986
 70
    32
  0
VERTEX
  5
4C6
330
4BE
100
AcDbEntity
  8
デフォルト
100
AcDbVertex
100
AcDb3dPolylineVertex
 10
0.9800000000104774
 20
2.85899999999674
 30
12.941
 70
    32
  0
VERTEX
  5
4C7
330
4BE
100
AcDbEntity
  8
デフォルト
100
AcDbVertex
100
AcDb3dPolylineVertex
 10
0.6600000000107684
 20
2.780999999900814
 30
12.912
 70
    32
  0
VERTEX
  5
4C8
330
4BE
100
AcDbEntity
  8
デフォルト
100
AcDbVertex
100
AcDb3dPolylineVertex
 10
0.5270000000091386
 20
2.812000000005355
 30
13.021
 70
    32
  0
SEQEND
  5
4C9
330
4BE
100
AcDbEntity
  8
デフォルト
  0
POLYLINE
  5
4CA
330
1F
100
AcDbEntity
  8
デフォルト
100
AcDb3dPolyline
 66
     1
 10
0.0
 20
0.0
 30
0.0
 70
     9
  0
VERTEX
  5
4CB
330
4CA
100
AcDbEntity
  8
デフォルト
100
AcDbVertex
100
AcDb3dPolylineVertex
 10
2.336000000010245
 20
1.187000000005355
 30
9.146999999999998
 70
    32
  0
VERTEX
  5
4CC
330
4CA
100
AcDbEntity
  8
デフォルト
100
AcDbVertex
100
AcDb3dPolylineVertex
 10
2.343999999997322
 20
1.23399999999674
 30
9.192999999999998
 70
    32
  0
VERTEX
  5
4CD
330
4CA
100
AcDbEntity
  8
デフォルト
100
AcDbVertex
100
AcDb3dPolylineVertex
 10
2.406000000009954
 20
1.25
 30
9.210999999999999
 70
    32
  0
VERTEX
  5
4CE
330
4CA
100
AcDbEntity
  8
デフォルト
100
AcDbVertex
100
AcDb3dPolylineVertex
 10
2.578000000008615
 20
1.296000000002095
 30
9.213000000000001
 70
    32
  0
VERTEX
  5
4CF
330
4CA
100
AcDbEntity
  8
デフォルト
100
AcDbVertex
100
AcDb3dPolylineVertex
 10
2.620999999999185
 20
1.280999999900814
 30
9.180999999999997
 70
    32
  0
VERTEX
  5
4D0
330
4CA
100
AcDbEntity
  8
デフォルト
100
AcDbVertex
100
AcDb3dPolylineVertex
 10
2.565999999998894
 20
1.046000000002095
 30
8.801000000000002
 70
    32
  0
VERTEX
  5
4D1
330
4CA
100
AcDbEntity
  8
デフォルト
100
AcDbVertex
100
AcDb3dPolylineVertex
 10
2.406000000009954
 20
1.030999999900814
 30
8.779000000000003
 70
    32
  0
SEQEND
  5
4D2
330
4CA
100
AcDbEntity
  8
デフォルト
  0
POLYLINE
  5
4D3
330
1F
100
AcDbEntity
  8
デフォルト
100
AcDb3dPolyline
 66
     1
 10
0.0
 20
0.0
 30
0.0
 70
     9
  0
VERTEX
  5
4D4
330
4D3
100
AcDbEntity
  8
デフォルト
100
AcDbVertex
100
AcDb3dPolylineVertex
 10
0.2580000000089058
 20
2.60899999999674
 30
12.625
 70
    32
  0
VERTEX
  5
4D5
330
4D3
100
AcDbEntity
  8
デフォルト
100
AcDbVertex
100
AcDb3dPolylineVertex
 10
0.3980000000083237
 20
2.655999999900814
 30
12.649
 70
    32
  0
VERTEX
  5
4D6
330
4D3
100
AcDbEntity
  8
デフォルト
100
AcDbVertex
100
AcDb3dPolylineVertex
 10
0.4689999999973224
 20
2.639999999897555
 30
12.627
 70
    32
  0
VERTEX
  5
4D7
330
4D3
100
AcDbEntity
  8
デフォルト
100
AcDbVertex
100
AcDb3dPolylineVertex
 10
0.5780000000086147
 20
2.546000000002095
 30
12.388
 70
    32
  0
VERTEX
  5
4D8
330
4D3
100
AcDbEntity
  8
デフォルト
100
AcDbVertex
100
AcDb3dPolylineVertex
 10
0.5469999999986612
 20
2.389999999897555
 30
12.139
 70
    32
  0
SEQEND
  5
4D9
330
4D3
100
AcDbEntity
  8
デフォルト
  0
POLYLINE
  5
4DA
330
1F
100
AcDbEntity
  8
デフォルト
100
AcDb3dPolyline
 66
     1
 10
0.0
 20
0.0
 30
0.0
 70
     9
  0
VERTEX
  5
4DB
330
4DA
100
AcDbEntity
  8
デフォルト
100
AcDbVertex
100
AcDb3dPolylineVertex
 10
-3.10499999998865
 20
2.625
 30
13.702
 70
    32
  0
VERTEX
  5
4DC
330
4DA
100
AcDbEntity
  8
デフォルト
100
AcDbVertex
100
AcDb3dPolylineVertex
 10
-3.16799999999057
 20
2.703000000008615
 30
13.889
 70
    32
  0
VERTEX
  5
4DD
330
4DA
100
AcDbEntity
  8
デフォルト
100
AcDbVertex
100
AcDb3dPolylineVertex
 10
-3.163999999989755
 20
2.703000000008615
 30
14.013
 70
    32
  0
VERTEX
  5
4DE
330
4DA
100
AcDbEntity
  8
デフォルト
100
AcDbVertex
100
AcDb3dPolylineVertex
 10
-3.112999999990279
 20
2.75
 30
14.056
 70
    32
  0
VERTEX
  5
4DF
330
4DA
100
AcDbEntity
  8
デフォルト
100
AcDbVertex
100
AcDb3dPolylineVertex
 10
-2.589999999989232
 20
2.780999999900814
 30
14.03
 70
    32
  0
VERTEX
  5
4E0
330
4DA
100
AcDbEntity
  8
デフォルト
100
AcDbVertex
100
AcDb3dPolylineVertex
 10
-2.538999999989755
 20
2.73399999999674
 30
13.781
 70
    32
  0
VERTEX
  5
4E1
330
4DA
100
AcDbEntity
  8
デフォルト
100
AcDbVertex
100
AcDb3dPolylineVertex
 10
-2.531000000002678
 20
2.703000000008615
 30
13.703
 70
    32
  0
VERTEX
  5
4E2
330
4DA
100
AcDbEntity
  8
デフォルト
100
AcDbVertex
100
AcDb3dPolylineVertex
 10
-2.569999999999709
 20
2.671000000002095
 30
13.676
 70
    32
  0
VERTEX
  5
4E3
330
4DA
100
AcDbEntity
  8
デフォルト
100
AcDbVertex
100
AcDb3dPolylineVertex
 10
-2.824000000000524
 20
2.639999999897555
 30
13.616
 70
    32
  0
VERTEX
  5
4E4
330
4DA
100
AcDbEntity
  8
デフォルト
100
AcDbVertex
100
AcDb3dPolylineVertex
 10
-3.027000000001863
 20
2.625
 30
13.626
 70
    32
  0
SEQEND
  5
4E5
330
4DA
100
AcDbEntity
  8
デフォルト
  0
POLYLINE
  5
4E6
330
1F
100
AcDbEntity
  8
デフォルト
100
AcDb3dPolyline
 66
     1
 10
0.0
 20
0.0
 30
0.0
 70
     9
  0
VERTEX
  5
4E7
330
4E6
100
AcDbEntity
  8
デフォルト
100
AcDbVertex
100
AcDb3dPolylineVertex
 10
-2.737999999990279
 20
1.842999999906169
 30
11.727
 70
    32
  0
VERTEX
  5
4E8
330
4E6
100
AcDbEntity
  8
デフォルト
100
AcDbVertex
100
AcDb3dPolylineVertex
 10
-2.741999999991094
 20
1.764999999897555
 30
11.617
 70
    32
  0
VERTEX
  5
4E9
330
4E6
100
AcDbEntity
  8
デフォルト
100
AcDbVertex
100
AcDb3dPolylineVertex
 10
-2.800999999999476
 20
1.717999999906169
 30
11.543
 70
    32
  0
VERTEX
  5
4EA
330
4E6
100
AcDbEntity
  8
デフォルト
100
AcDbVertex
100
AcDb3dPolylineVertex
 10
-2.870999999999185
 20
1.687000000005355
 30
11.549
 70
    32
  0
VERTEX
  5
4EB
330
4E6
100
AcDbEntity
  8
デフォルト
100
AcDbVertex
100
AcDb3dPolylineVertex
 10
-3.370999999999185
 20
1.717999999906169
 30
11.634
 70
    32
  0
VERTEX
  5
4EC
330
4E6
100
AcDbEntity
  8
デフォルト
100
AcDbVertex
100
AcDb3dPolylineVertex
 10
-3.460999999995693
 20
1.780999999900814
 30
11.752
 70
    32
  0
VERTEX
  5
4ED
330
4E6
100
AcDbEntity
  8
デフォルト
100
AcDbVertex
100
AcDb3dPolylineVertex
 10
-3.199000000000524
 20
1.953000000008615
 30
12.136
 70
    32
  0
VERTEX
  5
4EE
330
4E6
100
AcDbEntity
  8
デフォルト
100
AcDbVertex
100
AcDb3dPolylineVertex
 10
-2.777000000001863
 20
1.937000000005355
 30
11.932
 70
    32
  0
SEQEND
  5
4EF
330
4E6
100
AcDbEntity
  8
デフォルト
  0
POLYLINE
  5
4F0
330
1F
100
AcDbEntity
  8
デフォルト
100
AcDb3dPolyline
 66
     1
 10
0.0
 20
0.0
 30
0.0
 70
     9
  0
VERTEX
  5
4F1
330
4F0
100
AcDbEntity
  8
デフォルト
100
AcDbVertex
100
AcDb3dPolylineVertex
 10
-1.120999999999185
 20
2.889999999897555
 30
13.594
 70
    32
  0
VERTEX
  5
4F2
330
4F0
100
AcDbEntity
  8
デフォルト
100
AcDbVertex
100
AcDb3dPolylineVertex
 10
-1.152000000001863
 20
2.905999999900814
 30
13.889
 70
    32
  0
VERTEX
  5
4F3
330
4F0
100
AcDbEntity
  8
デフォルト
100
AcDbVertex
100
AcDb3dPolylineVertex
 10
-1.129000000000815
 20
2.953000000008615
 30
13.968
 70
    32
  0
VERTEX
  5
4F4
330
4F0
100
AcDbEntity
  8
デフォルト
100
AcDbVertex
100
AcDb3dPolylineVertex
 10
-1.061999999990803
 20
2.967999999906169
 30
14.0
 70
    32
  0
VERTEX
  5
4F5
330
4F0
100
AcDbEntity
  8
デフォルト
100
AcDbVertex
100
AcDb3dPolylineVertex
 10
-0.9609999999956926
 20
2.98399999999674
 30
13.981
 70
    32
  0
VERTEX
  5
4F6
330
4F0
100
AcDbEntity
  8
デフォルト
100
AcDbVertex
100
AcDb3dPolylineVertex
 10
-0.6869999999908032
 20
2.98399999999674
 30
13.712
 70
    32
  0
VERTEX
  5
4F7
330
4F0
100
AcDbEntity
  8
デフォルト
100
AcDbVertex
100
AcDb3dPolylineVertex
 10
-0.7149999999892316
 20
2.953000000008615
 30
13.659
 70
    32
  0
VERTEX
  5
4F8
330
4F0
100
AcDbEntity
  8
デフォルト
100
AcDbVertex
100
AcDb3dPolylineVertex
 10
-0.9259999999994761
 20
2.85899999999674
 30
13.592
 70
    32
  0
VERTEX
  5
4F9
330
4F0
100
AcDbEntity
  8
デフォルト
100
AcDbVertex
100
AcDb3dPolylineVertex
 10
-1.089999999989232
 20
2.85899999999674
 30
13.561
 70
    32
  0
SEQEND
  5
4FA
330
4F0
100
AcDbEntity
  8
デフォルト
  0
POLYLINE
  5
4FB
330
1F
100
AcDbEntity
  8
デフォルト
100
AcDb3dPolyline
 66
     1
 10
0.0
 20
0.0
 30
0.0
 70
     9
  0
VERTEX
  5
4FC
330
4FB
100
AcDbEntity
  8
デフォルト
100
AcDbVertex
100
AcDb3dPolylineVertex
 10
-1.680000000000291
 20
1.530999999900814
 30
10.845
 70
    32
  0
VERTEX
  5
4FD
330
4FB
100
AcDbEntity
  8
デフォルト
100
AcDbVertex
100
AcDb3dPolylineVertex
 10
-1.684000000001106
 20
1.530999999900814
 30
10.787
 70
    32
  0
VERTEX
  5
4FE
330
4FB
100
AcDbEntity
  8
デフォルト
100
AcDbVertex
100
AcDb3dPolylineVertex
 10
-2.074000000000524
 20
1.546000000002095
 30
10.74
 70
    32
  0
VERTEX
  5
4FF
330
4FB
100
AcDbEntity
  8
デフォルト
100
AcDbVertex
100
AcDb3dPolylineVertex
 10
-2.203000000001339
 20
1.60899999999674
 30
10.836
 70
    32
  0
VERTEX
  5
500
330
4FB
100
AcDbEntity
  8
デフォルト
100
AcDbVertex
100
AcDb3dPolylineVertex
 10
-2.116999999991094
 20
1.625
 30
10.808
 70
    32
  0
SEQEND
  5
501
330
4FB
100
AcDbEntity
  8
デフォルト
  0
POLYLINE
  5
502
330
1F
100
AcDbEntity
  8
デフォルト
100
AcDb3dPolyline
 66
     1
 10
0.0
 20
0.0
 30
0.0
 70
     9
  0
VERTEX
  5
503
330
502
100
AcDbEntity
  8
デフォルト
100
AcDbVertex
100
AcDb3dPolylineVertex
 10
-2.207000000002154
 20
1.546000000002095
 30
10.812
 70
    32
  0
VERTEX
  5
504
330
502
100
AcDbEntity
  8
デフォルト
100
AcDbVertex
100
AcDb3dPolylineVertex
 10
-2.148000000001048
 20
1.437000000005355
 30
10.642
 70
    32
  0
VERTEX
  5
505
330
502
100
AcDbEntity
  8
デフォルト
100
AcDbVertex
100
AcDb3dPolylineVertex
 10
-2.156000000002678
 20
1.328000000008615
 30
10.347
 70
    32
  0
VERTEX
  5
506
330
502
100
AcDbEntity
  8
デフォルト
100
AcDbVertex
100
AcDb3dPolylineVertex
 10
-2.194999999999709
 20
1.217999999906169
 30
10.174
 70
    32
  0
VERTEX
  5
507
330
502
100
AcDbEntity
  8
デフォルト
100
AcDbVertex
100
AcDb3dPolylineVertex
 10
-2.565999999991618
 20
1.171000000002095
 30
10.046
 70
    32
  0
VERTEX
  5
508
330
502
100
AcDbEntity
  8
デフォルト
100
AcDbVertex
100
AcDb3dPolylineVertex
 10
-2.913999999989755
 20
1.10899999999674
 30
10.034
 70
    32
  0
VERTEX
  5
509
330
502
100
AcDbEntity
  8
デフォルト
100
AcDbVertex
100
AcDb3dPolylineVertex
 10
-3.222999999990861
 20
1.046000000002095
 30
10.08
 70
    32
  0
VERTEX
  5
50A
330
502
100
AcDbEntity
  8
デフォルト
100
AcDbVertex
100
AcDb3dPolylineVertex
 10
-3.262000000002445
 20
1.078000000008615
 30
10.122
 70
    32
  0
VERTEX
  5
50B
330
502
100
AcDbEntity
  8
デフォルト
100
AcDbVertex
100
AcDb3dPolylineVertex
 10
-3.233999999989464
 20
1.078000000008615
 30
10.273
 70
    32
  0
VERTEX
  5
50C
330
502
100
AcDbEntity
  8
デフォルト
100
AcDbVertex
100
AcDb3dPolylineVertex
 10
-3.288999999989755
 20
1.328000000008615
 30
10.763
 70
    32
  0
VERTEX
  5
50D
330
502
100
AcDbEntity
  8
デフォルト
100
AcDbVertex
100
AcDb3dPolylineVertex
 10
-2.936999999990803
 20
1.405999999900814
 30
10.829
 70
    32
  0
VERTEX
  5
50E
330
502
100
AcDbEntity
  8
デフォルト
100
AcDbVertex
100
AcDb3dPolylineVertex
 10
-2.63300000000163
 20
1.421000000002095
 30
10.839
 70
    32
  0
SEQEND
  5
50F
330
502
100
AcDbEntity
  8
デフォルト
  0
POLYLINE
  5
510
330
1F
100
AcDbEntity
  8
デフォルト
100
AcDb3dPolyline
 66
     1
 10
0.0
 20
0.0
 30
0.0
 70
     9
  0
VERTEX
  5
511
330
510
100
AcDbEntity
  8
デフォルト
100
AcDbVertex
100
AcDb3dPolylineVertex
 10
1.487999999997555
 20
2.796000000002095
 30
12.662
 70
    32
  0
VERTEX
  5
512
330
510
100
AcDbEntity
  8
デフォルト
100
AcDbVertex
100
AcDb3dPolylineVertex
 10
1.718999999997322
 20
2.875
 30
12.832
 70
    32
  0
VERTEX
  5
513
330
510
100
AcDbEntity
  8
デフォルト
100
AcDbVertex
100
AcDb3dPolylineVertex
 10
1.914000000004307
 20
2.905999999900814
 30
12.821
 70
    32
  0
VERTEX
  5
514
330
510
100
AcDbEntity
  8
デフォルト
100
AcDbVertex
100
AcDb3dPolylineVertex
 10
2.050999999999476
 20
2.889999999897555
 30
12.769
 70
    32
  0
VERTEX
  5
515
330
510
100
AcDbEntity
  8
デフォルト
100
AcDbVertex
100
AcDb3dPolylineVertex
 10
2.281000000009954
 20
2.780999999900814
 30
12.458
 70
    32
  0
VERTEX
  5
516
330
510
100
AcDbEntity
  8
デフォルト
100
AcDbVertex
100
AcDb3dPolylineVertex
 10
2.362999999997555
 20
2.639999999897555
 30
12.219
 70
    32
  0
VERTEX
  5
517
330
510
100
AcDbEntity
  8
デフォルト
100
AcDbVertex
100
AcDb3dPolylineVertex
 10
2.336000000010245
 20
2.562000000005355
 30
12.097
 70
    32
  0
VERTEX
  5
518
330
510
100
AcDbEntity
  8
デフォルト
100
AcDbVertex
100
AcDb3dPolylineVertex
 10
2.152000000009139
 20
2.530999999900814
 30
11.975
 70
    32
  0
VERTEX
  5
519
330
510
100
AcDbEntity
  8
デフォルト
100
AcDbVertex
100
AcDb3dPolylineVertex
 10
2.023000000008324
 20
2.5
 30
12.021
 70
    32
  0
VERTEX
  5
51A
330
510
100
AcDbEntity
  8
デフォルト
100
AcDbVertex
100
AcDb3dPolylineVertex
 10
1.796999999998661
 20
2.453000000008615
 30
11.997
 70
    32
  0
VERTEX
  5
51B
330
510
100
AcDbEntity
  8
デフォルト
100
AcDbVertex
100
AcDb3dPolylineVertex
 10
1.438000000009197
 20
2.514999999897555
 30
12.04
 70
    32
  0
VERTEX
  5
51C
330
510
100
AcDbEntity
  8
デフォルト
100
AcDbVertex
100
AcDb3dPolylineVertex
 10
1.266000000010536
 20
2.703000000008615
 30
12.505
 70
    32
  0
SEQEND
  5
51D
330
510
100
AcDbEntity
  8
デフォルト
  0
POLYLINE
  5
51E
330
1F
100
AcDbEntity
  8
デフォルト
100
AcDb3dPolyline
 66
     1
 10
0.0
 20
0.0
 30
0.0
 70
     9
  0
VERTEX
  5
51F
330
51E
100
AcDbEntity
  8
デフォルト
100
AcDbVertex
100
AcDb3dPolylineVertex
 10
-2.809000000001106
 20
1.030999999900814
 30
9.935000000000002
 70
    32
  0
VERTEX
  5
520
330
51E
100
AcDbEntity
  8
デフォルト
100
AcDbVertex
100
AcDb3dPolylineVertex
 10
-2.796999999991385
 20
1.10899999999674
 30
9.985
 70
    32
  0
VERTEX
  5
521
330
51E
100
AcDbEntity
  8
デフォルト
100
AcDbVertex
100
AcDb3dPolylineVertex
 10
-2.66799999999057
 20
1.155999999900814
 30
10.02
 70
    32
  0
VERTEX
  5
522
330
51E
100
AcDbEntity
  8
デフォルト
100
AcDbVertex
100
AcDb3dPolylineVertex
 10
-2.324000000000524
 20
1.10899999999674
 30
10.014
 70
    32
  0
VERTEX
  5
523
330
51E
100
AcDbEntity
  8
デフォルト
100
AcDbVertex
100
AcDb3dPolylineVertex
 10
-2.273000000001048
 20
1.125
 30
9.981000000000002
 70
    32
  0
VERTEX
  5
524
330
51E
100
AcDbEntity
  8
デフォルト
100
AcDbVertex
100
AcDb3dPolylineVertex
 10
-2.277000000001863
 20
1.078000000008615
 30
9.907000000000004
 70
    32
  0
SEQEND
  5
525
330
51E
100
AcDbEntity
  8
デフォルト
  0
POLYLINE
  5
526
330
1F
100
AcDbEntity
  8
デフォルト
100
AcDb3dPolyline
 66
     1
 10
0.0
 20
0.0
 30
0.0
 70
     9
  0
VERTEX
  5
527
330
526
100
AcDbEntity
  8
デフォルト
100
AcDbVertex
100
AcDb3dPolylineVertex
 10
-1.762000000002445
 20
0.8429999999061693
 30
9.198
 70
    32
  0
VERTEX
  5
528
330
526
100
AcDbEntity
  8
デフォルト
100
AcDbVertex
100
AcDb3dPolylineVertex
 10
-1.930000000000291
 20
0.8120000000053551
 30
9.168
 70
    32
  0
VERTEX
  5
529
330
526
100
AcDbEntity
  8
デフォルト
100
AcDbVertex
100
AcDb3dPolylineVertex
 10
-2.483999999989464
 20
0.8429999999061693
 30
9.188000000000002
 70
    32
  0
VERTEX
  5
52A
330
526
100
AcDbEntity
  8
デフォルト
100
AcDbVertex
100
AcDb3dPolylineVertex
 10
-2.582000000002154
 20
0.8899999998975545
 30
9.277000000000001
 70
    32
  0
VERTEX
  5
52B
330
526
100
AcDbEntity
  8
デフォルト
100
AcDbVertex
100
AcDb3dPolylineVertex
 10
-2.531000000002678
 20
0.8899999998975545
 30
9.415
 70
    32
  0
VERTEX
  5
52C
330
526
100
AcDbEntity
  8
デフォルト
100
AcDbVertex
100
AcDb3dPolylineVertex
 10
-2.186999999990803
 20
1.139999999897555
 30
9.966000000000001
 70
    32
  0
VERTEX
  5
52D
330
526
100
AcDbEntity
  8
デフォルト
100
AcDbVertex
100
AcDb3dPolylineVertex
 10
-1.879000000000815
 20
1.187000000005355
 30
9.887
 70
    32
  0
VERTEX
  5
52E
330
526
100
AcDbEntity
  8
デフォルト
100
AcDbVertex
100
AcDb3dPolylineVertex
 10
-1.582000000002154
 20
1.046000000002095
 30
9.433999999999997
 70
    32
  0
SEQEND
  5
52F
330
526
100
AcDbEntity
  8
デフォルト
  0
POLYLINE
  5
530
330
1F
100
AcDbEntity
  8
デフォルト
100
AcDb3dPolyline
 66
     1
 10
0.0
 20
0.0
 30
0.0
 70
     9
  0
VERTEX
  5
531
330
530
100
AcDbEntity
  8
デフォルト
100
AcDbVertex
100
AcDb3dPolylineVertex
 10
2.406000000009954
 20
2.171000000002095
 30
10.975
 70
    32
  0
VERTEX
  5
532
330
530
100
AcDbEntity
  8
デフォルト
100
AcDbVertex
100
AcDb3dPolylineVertex
 10
2.5
 20
2.328000000008615
 30
11.149
 70
    32
  0
VERTEX
  5
533
330
530
100
AcDbEntity
  8
デフォルト
100
AcDbVertex
100
AcDb3dPolylineVertex
 10
2.633000000008906
 20
2.25
 30
11.26
 70
    32
  0
VERTEX
  5
534
330
530
100
AcDbEntity
  8
デフォルト
100
AcDbVertex
100
AcDb3dPolylineVertex
 10
2.370999999999185
 20
2.030999999900814
 30
10.874
 70
    32
  0
SEQEND
  5
535
330
530
100
AcDbEntity
  8
デフォルト
  0
POLYLINE
  5
536
330
1F
100
AcDbEntity
  8
デフォルト
100
AcDb3dPolyline
 66
     1
 10
0.0
 20
0.0
 30
0.0
 70
     9
  0
VERTEX
  5
537
330
536
100
AcDbEntity
  8
デフォルト
100
AcDbVertex
100
AcDb3dPolylineVertex
 10
-0.4609999999956926
 20
2.953000000008615
 30
13.661
 70
    32
  0
VERTEX
  5
538
330
536
100
AcDbEntity
  8
デフォルト
100
AcDbVertex
100
AcDb3dPolylineVertex
 10
-0.3549999999886495
 20
2.953000000008615
 30
13.621
 70
    32
  0
VERTEX
  5
539
330
536
100
AcDbEntity
  8
デフォルト
100
AcDbVertex
100
AcDb3dPolylineVertex
 10
-0.3119999999908032
 20
2.780999999900814
 30
13.217
 70
    32
  0
VERTEX
  5
53A
330
536
100
AcDbEntity
  8
デフォルト
100
AcDbVertex
100
AcDb3dPolylineVertex
 10
-0.6370000000024447
 20
2.73399999999674
 30
13.174
 70
    32
  0
VERTEX
  5
53B
330
536
100
AcDbEntity
  8
デフォルト
100
AcDbVertex
100
AcDb3dPolylineVertex
 10
-0.7189999999900465
 20
2.953000000008615
 30
13.574
 70
    32
  0
VERTEX
  5
53C
330
536
100
AcDbEntity
  8
デフォルト
100
AcDbVertex
100
AcDb3dPolylineVertex
 10
-0.625
 20
2.921000000002095
 30
13.64
 70
    32
  0
SEQEND
  5
53D
330
536
100
AcDbEntity
  8
デフォルト
  0
POLYLINE
  5
53E
330
1F
100
AcDbEntity
  8
デフォルト
100
AcDb3dPolyline
 66
     1
 10
0.0
 20
0.0
 30
0.0
 70
     9
  0
VERTEX
  5
53F
330
53E
100
AcDbEntity
  8
デフォルト
100
AcDbVertex
100
AcDb3dPolylineVertex
 10
-0.3479999999908614
 20
1.375
 30
10.005
 70
    32
  0
VERTEX
  5
540
330
53E
100
AcDbEntity
  8
デフォルト
100
AcDbVertex
100
AcDb3dPolylineVertex
 10
-0.805000000000291
 20
1.328000000008615
 30
9.974000000000004
 70
    32
  0
VERTEX
  5
541
330
53E
100
AcDbEntity
  8
デフォルト
100
AcDbVertex
100
AcDb3dPolylineVertex
 10
-1.055000000000291
 20
1.35899999999674
 30
10.025
 70
    32
  0
VERTEX
  5
542
330
53E
100
AcDbEntity
  8
デフォルト
100
AcDbVertex
100
AcDb3dPolylineVertex
 10
-1.129000000000815
 20
1.35899999999674
 30
10.075
 70
    32
  0
VERTEX
  5
543
330
53E
100
AcDbEntity
  8
デフォルト
100
AcDbVertex
100
AcDb3dPolylineVertex
 10
-1.159999999988941
 20
1.342999999906169
 30
10.188
 70
    32
  0
VERTEX
  5
544
330
53E
100
AcDbEntity
  8
デフォルト
100
AcDbVertex
100
AcDb3dPolylineVertex
 10
-1.171999999991385
 20
1.453000000008615
 30
10.401
 70
    32
  0
VERTEX
  5
545
330
53E
100
AcDbEntity
  8
デフォルト
100
AcDbVertex
100
AcDb3dPolylineVertex
 10
-1.10499999998865
 20
1.467999999906169
 30
10.473
 70
    32
  0
VERTEX
  5
546
330
53E
100
AcDbEntity
  8
デフォルト
100
AcDbVertex
100
AcDb3dPolylineVertex
 10
-0.7070000000021537
 20
1.625
 30
10.581
 70
    32
  0
VERTEX
  5
547
330
53E
100
AcDbEntity
  8
デフォルト
100
AcDbVertex
100
AcDb3dPolylineVertex
 10
-0.375
 20
1.655999999900814
 30
10.596
 70
    32
  0
VERTEX
  5
548
330
53E
100
AcDbEntity
  8
デフォルト
100
AcDbVertex
100
AcDb3dPolylineVertex
 10
-0.2889999999897555
 20
1.639999999897555
 30
10.567
 70
    32
  0
VERTEX
  5
549
330
53E
100
AcDbEntity
  8
デフォルト
100
AcDbVertex
100
AcDb3dPolylineVertex
 10
-0.2699999999895226
 20
1.562000000005355
 30
10.365
 70
    32
  0
VERTEX
  5
54A
330
53E
100
AcDbEntity
  8
デフォルト
100
AcDbVertex
100
AcDb3dPolylineVertex
 10
-0.3009999999994761
 20
1.421000000002095
 30
10.145
 70
    32
  0
SEQEND
  5
54B
330
53E
100
AcDbEntity
  8
デフォルト
  0
POLYLINE
  5
54C
330
1F
100
AcDbEntity
  8
デフォルト
100
AcDb3dPolyline
 66
     1
 10
0.0
 20
0.0
 30
0.0
 70
     9
  0
VERTEX
  5
54D
330
54C
100
AcDbEntity
  8
デフォルト
100
AcDbVertex
100
AcDb3dPolylineVertex
 10
0.069999999999709
 20
3.10899999999674
 30
13.989
 70
    32
  0
VERTEX
  5
54E
330
54C
100
AcDbEntity
  8
デフォルト
100
AcDbVertex
100
AcDb3dPolylineVertex
 10
0.3240000000005239
 20
3.155999999900814
 30
13.997
 70
    32
  0
VERTEX
  5
54F
330
54C
100
AcDbEntity
  8
デフォルト
100
AcDbVertex
100
AcDb3dPolylineVertex
 10
0.4100000000107684
 20
3.139999999897555
 30
13.943
 70
    32
  0
VERTEX
  5
550
330
54C
100
AcDbEntity
  8
デフォルト
100
AcDbVertex
100
AcDb3dPolylineVertex
 10
0.3950000000113505
 20
3.062000000005355
 30
13.682
 70
    32
  0
VERTEX
  5
551
330
54C
100
AcDbEntity
  8
デフォルト
100
AcDbVertex
100
AcDb3dPolylineVertex
 10
-0.0780000000013388
 20
2.98399999999674
 30
13.654
 70
    32
  0
VERTEX
  5
552
330
54C
100
AcDbEntity
  8
デフォルト
100
AcDbVertex
100
AcDb3dPolylineVertex
 10
-0.3589999999894644
 20
3.0
 30
13.815
 70
    32
  0
VERTEX
  5
553
330
54C
100
AcDbEntity
  8
デフォルト
100
AcDbVertex
100
AcDb3dPolylineVertex
 10
-0.3519999999916763
 20
2.953000000008615
 30
13.887
 70
    32
  0
VERTEX
  5
554
330
54C
100
AcDbEntity
  8
デフォルト
100
AcDbVertex
100
AcDb3dPolylineVertex
 10
-0.2889999999897555
 20
3.062000000005355
 30
13.977
 70
    32
  0
VERTEX
  5
555
330
54C
100
AcDbEntity
  8
デフォルト
100
AcDbVertex
100
AcDb3dPolylineVertex
 10
-0.1449999999895226
 20
3.10899999999674
 30
13.998
 70
    32
  0
SEQEND
  5
556
330
54C
100
AcDbEntity
  8
デフォルト
  0
POLYLINE
  5
557
330
1F
100
AcDbEntity
  8
デフォルト
100
AcDb3dPolyline
 66
     1
 10
0.0
 20
0.0
 30
0.0
 70
     9
  0
VERTEX
  5
558
330
557
100
AcDbEntity
  8
デフォルト
100
AcDbVertex
100
AcDb3dPolylineVertex
 10
-4.601999999991676
 20
1.217999999906169
 30
10.925
 70
    32
  0
VERTEX
  5
559
330
557
100
AcDbEntity
  8
デフォルト
100
AcDbVertex
100
AcDb3dPolylineVertex
 10
-4.800999999999476
 20
1.046000000002095
 30
10.601
 70
    32
  0
VERTEX
  5
55A
330
557
100
AcDbEntity
  8
デフォルト
100
AcDbVertex
100
AcDb3dPolylineVertex
 10
-4.858999999989464
 20
1.046000000002095
 30
10.574
 70
    32
  0
VERTEX
  5
55B
330
557
100
AcDbEntity
  8
デフォルト
100
AcDbVertex
100
AcDb3dPolylineVertex
 10
-5.25800000000163
 20
1.046000000002095
 30
10.617
 70
    32
  0
VERTEX
  5
55C
330
557
100
AcDbEntity
  8
デフォルト
100
AcDbVertex
100
AcDb3dPolylineVertex
 10
-5.436999999990803
 20
1.092999999906169
 30
10.67
 70
    32
  0
VERTEX
  5
55D
330
557
100
AcDbEntity
  8
デフォルト
100
AcDbVertex
100
AcDb3dPolylineVertex
 10
-5.50800000000163
 20
1.155999999900814
 30
10.929
 70
    32
  0
VERTEX
  5
55E
330
557
100
AcDbEntity
  8
デフォルト
100
AcDbVertex
100
AcDb3dPolylineVertex
 10
-5.519999999989523
 20
1.312000000005355
 30
11.244
 70
    32
  0
VERTEX
  5
55F
330
557
100
AcDbEntity
  8
デフォルト
100
AcDbVertex
100
AcDb3dPolylineVertex
 10
-5.436999999990803
 20
1.48399999999674
 30
11.468
 70
    32
  0
VERTEX
  5
560
330
557
100
AcDbEntity
  8
デフォルト
100
AcDbVertex
100
AcDb3dPolylineVertex
 10
-4.953000000001339
 20
1.437000000005355
 30
11.337
 70
    32
  0
SEQEND
  5
561
330
557
100
AcDbEntity
  8
デフォルト
  0
POLYLINE
  5
562
330
1F
100
AcDbEntity
  8
デフォルト
100
AcDb3dPolyline
 66
     1
 10
0.0
 20
0.0
 30
0.0
 70
     9
  0
VERTEX
  5
563
330
562
100
AcDbEntity
  8
デフォルト
100
AcDbVertex
100
AcDb3dPolylineVertex
 10
0.9919999999983702
 20
1.703000000008615
 30
10.541
 70
    32
  0
VERTEX
  5
564
330
562
100
AcDbEntity
  8
デフォルト
100
AcDbVertex
100
AcDb3dPolylineVertex
 10
0.8629999999975553
 20
1.687000000005355
 30
10.566
 70
    32
  0
VERTEX
  5
565
330
562
100
AcDbEntity
  8
デフォルト
100
AcDbVertex
100
AcDb3dPolylineVertex
 10
0.305000000000291
 20
2.014999999897555
 30
11.393
 70
    32
  0
VERTEX
  5
566
330
562
100
AcDbEntity
  8
デフォルト
100
AcDbVertex
100
AcDb3dPolylineVertex
 10
0.7340000000112923
 20
2.078000000008615
 30
11.354
 70
    32
  0
VERTEX
  5
567
330
562
100
AcDbEntity
  8
デフォルト
100
AcDbVertex
100
AcDb3dPolylineVertex
 10
0.9610000000102445
 20
2.078000000008615
 30
11.304
 70
    32
  0
VERTEX
  5
568
330
562
100
AcDbEntity
  8
デフォルト
100
AcDbVertex
100
AcDb3dPolylineVertex
 10
1.027000000009139
 20
2.046000000002095
 30
11.241
 70
    32
  0
VERTEX
  5
569
330
562
100
AcDbEntity
  8
デフォルト
100
AcDbVertex
100
AcDb3dPolylineVertex
 10
1.046999999998661
 20
1.953000000008615
 30
11.081
 70
    32
  0
VERTEX
  5
56A
330
562
100
AcDbEntity
  8
デフォルト
100
AcDbVertex
100
AcDb3dPolylineVertex
 10
1.050999999999476
 20
1.828000000008615
 30
10.682
 70
    32
  0
VERTEX
  5
56B
330
562
100
AcDbEntity
  8
デフォルト
100
AcDbVertex
100
AcDb3dPolylineVertex
 10
1.050999999999476
 20
1.764999999897555
 30
10.588
 70
    32
  0
SEQEND
  5
56C
330
562
100
AcDbEntity
  8
デフォルト
  0
POLYLINE
  5
56D
330
1F
100
AcDbEntity
  8
デフォルト
100
AcDb3dPolyline
 66
     1
 10
0.0
 20
0.0
 30
0.0
 70
     9
  0
VERTEX
  5
56E
330
56D
100
AcDbEntity
  8
デフォルト
100
AcDbVertex
100
AcDb3dPolylineVertex
 10
-4.055000000000291
 20
2.217999999906169
 30
13.021
 70
    32
  0
VERTEX
  5
56F
330
56D
100
AcDbEntity
  8
デフォルト
100
AcDbVertex
100
AcDb3dPolylineVertex
 10
-3.960999999995693
 20
2.25
 30
13.059
 70
    32
  0
VERTEX
  5
570
330
56D
100
AcDbEntity
  8
デフォルト
100
AcDbVertex
100
AcDb3dPolylineVertex
 10
-3.85499999998865
 20
2.23399999999674
 30
13.051
 70
    32
  0
VERTEX
  5
571
330
56D
100
AcDbEntity
  8
デフォルト
100
AcDbVertex
100
AcDb3dPolylineVertex
 10
-3.612999999990279
 20
2.296000000002095
 30
13.07
 70
    32
  0
VERTEX
  5
572
330
56D
100
AcDbEntity
  8
デフォルト
100
AcDbVertex
100
AcDb3dPolylineVertex
 10
-3.468999999990046
 20
2.23399999999674
 30
12.803
 70
    32
  0
VERTEX
  5
573
330
56D
100
AcDbEntity
  8
デフォルト
100
AcDbVertex
100
AcDb3dPolylineVertex
 10
-3.515999999988708
 20
2.155999999900814
 30
12.66
 70
    32
  0
VERTEX
  5
574
330
56D
100
AcDbEntity
  8
デフォルト
100
AcDbVertex
100
AcDb3dPolylineVertex
 10
-4.093999999990046
 20
2.092999999906169
 30
12.715
 70
    32
  0
SEQEND
  5
575
330
56D
100
AcDbEntity
  8
デフォルト
  0
POLYLINE
  5
576
330
1F
100
AcDbEntity
  8
デフォルト
100
AcDb3dPolyline
 66
     1
 10
0.0
 20
0.0
 30
0.0
 70
     9
  0
VERTEX
  5
577
330
576
100
AcDbEntity
  8
デフォルト
100
AcDbVertex
100
AcDb3dPolylineVertex
 10
-3.394999999989523
 20
2.092999999906169
 30
12.491
 70
    32
  0
VERTEX
  5
578
330
576
100
AcDbEntity
  8
デフォルト
100
AcDbVertex
100
AcDb3dPolylineVertex
 10
-3.434000000001106
 20
1.905999999900814
 30
12.08
 70
    32
  0
VERTEX
  5
579
330
576
100
AcDbEntity
  8
デフォルト
100
AcDbVertex
100
AcDb3dPolylineVertex
 10
-3.54299999999057
 20
1.875
 30
12.051
 70
    32
  0
VERTEX
  5
57A
330
576
100
AcDbEntity
  8
デフォルト
100
AcDbVertex
100
AcDb3dPolylineVertex
 10
-3.79299999999057
 20
1.85899999999674
 30
12.098
 70
    32
  0
VERTEX
  5
57B
330
576
100
AcDbEntity
  8
デフォルト
100
AcDbVertex
100
AcDb3dPolylineVertex
 10
-3.737999999990279
 20
2.10899999999674
 30
12.619
 70
    32
  0
VERTEX
  5
57C
330
576
100
AcDbEntity
  8
デフォルト
100
AcDbVertex
100
AcDb3dPolylineVertex
 10
-3.585999999995693
 20
2.092999999906169
 30
12.625
 70
    32
  0
VERTEX
  5
57D
330
576
100
AcDbEntity
  8
デフォルト
100
AcDbVertex
100
AcDb3dPolylineVertex
 10
-3.457000000002154
 20
2.10899999999674
 30
12.58
 70
    32
  0
SEQEND
  5
57E
330
576
100
AcDbEntity
  8
デフォルト
  0
POLYLINE
  5
57F
330
1F
100
AcDbEntity
  8
デフォルト
100
AcDb3dPolyline
 66
     1
 10
0.0
 20
0.0
 30
0.0
 70
     9
  0
VERTEX
  5
580
330
57F
100
AcDbEntity
  8
デフォルト
100
AcDbVertex
100
AcDb3dPolylineVertex
 10
-1.940999999991618
 20
2.60899999999674
 30
13.322
 70
    32
  0
VERTEX
  5
581
330
57F
100
AcDbEntity
  8
デフォルト
100
AcDbVertex
100
AcDb3dPolylineVertex
 10
-1.765999999988708
 20
2.625
 30
13.343
 70
    32
  0
VERTEX
  5
582
330
57F
100
AcDbEntity
  8
デフォルト
100
AcDbVertex
100
AcDb3dPolylineVertex
 10
-1.406000000002678
 20
2.75
 30
13.417
 70
    32
  0
VERTEX
  5
583
330
57F
100
AcDbEntity
  8
デフォルト
100
AcDbVertex
100
AcDb3dPolylineVertex
 10
-1.332000000002154
 20
2.75
 30
13.394
 70
    32
  0
VERTEX
  5
584
330
57F
100
AcDbEntity
  8
デフォルト
100
AcDbVertex
100
AcDb3dPolylineVertex
 10
-1.25800000000163
 20
2.671000000002095
 30
13.257
 70
    32
  0
VERTEX
  5
585
330
57F
100
AcDbEntity
  8
デフォルト
100
AcDbVertex
100
AcDb3dPolylineVertex
 10
-1.35499999998865
 20
2.60899999999674
 30
13.185
 70
    32
  0
VERTEX
  5
586
330
57F
100
AcDbEntity
  8
デフォルト
100
AcDbVertex
100
AcDb3dPolylineVertex
 10
-1.362999999990279
 20
2.562000000005355
 30
13.134
 70
    32
  0
SEQEND
  5
587
330
57F
100
AcDbEntity
  8
デフォルト
  0
POLYLINE
  5
588
330
1F
100
AcDbEntity
  8
デフォルト
100
AcDb3dPolyline
 66
     1
 10
0.0
 20
0.0
 30
0.0
 70
     9
  0
VERTEX
  5
589
330
588
100
AcDbEntity
  8
デフォルト
100
AcDbVertex
100
AcDb3dPolylineVertex
 10
-1.245999999999185
 20
2.530999999900814
 30
12.912
 70
    32
  0
VERTEX
  5
58A
330
588
100
AcDbEntity
  8
デフォルト
100
AcDbVertex
100
AcDb3dPolylineVertex
 10
-1.25800000000163
 20
2.5
 30
12.832
 70
    32
  0
VERTEX
  5
58B
330
588
100
AcDbEntity
  8
デフォルト
100
AcDbVertex
100
AcDb3dPolylineVertex
 10
-1.491999999991094
 20
2.437000000005355
 30
12.753
 70
    32
  0
VERTEX
  5
58C
330
588
100
AcDbEntity
  8
デフォルト
100
AcDbVertex
100
AcDb3dPolylineVertex
 10
-2.031000000002678
 20
2.389999999897555
 30
12.827
 70
    32
  0
VERTEX
  5
58D
330
588
100
AcDbEntity
  8
デフォルト
100
AcDbVertex
100
AcDb3dPolylineVertex
 10
-2.159999999988941
 20
2.405999999900814
 30
12.803
 70
    32
  0
VERTEX
  5
58E
330
588
100
AcDbEntity
  8
デフォルト
100
AcDbVertex
100
AcDb3dPolylineVertex
 10
-2.269999999989523
 20
2.530999999900814
 30
13.028
 70
    32
  0
VERTEX
  5
58F
330
588
100
AcDbEntity
  8
デフォルト
100
AcDbVertex
100
AcDb3dPolylineVertex
 10
-2.269999999989523
 20
2.578000000008615
 30
13.185
 70
    32
  0
VERTEX
  5
590
330
588
100
AcDbEntity
  8
デフォルト
100
AcDbVertex
100
AcDb3dPolylineVertex
 10
-1.97999999998865
 20
2.592999999906169
 30
13.293
 70
    32
  0
VERTEX
  5
591
330
588
100
AcDbEntity
  8
デフォルト
100
AcDbVertex
100
AcDb3dPolylineVertex
 10
-1.608999999989464
 20
2.592999999906169
 30
13.23
 70
    32
  0
VERTEX
  5
592
330
588
100
AcDbEntity
  8
デフォルト
100
AcDbVertex
100
AcDb3dPolylineVertex
 10
-1.277000000001863
 20
2.578000000008615
 30
13.064
 70
    32
  0
SEQEND
  5
593
330
588
100
AcDbEntity
  8
デフォルト
  0
ENDSEC
  0
SECTION
  2
OBJECTS
  0
DICTIONARY
  5
C
330
0
100
AcDbDictionary
281
     1
  3
ACAD_DETAILVIEWSTYLE
350
5CF
  3
ACAD_GROUP
350
D
  3
ACAD_LAYOUT
350
1A
  3
ACAD_MATERIAL
350
43
  3
ACAD_MLEADERSTYLE
350
5B
  3
ACAD_MLINESTYLE
350
17
  3
ACAD_PLOTSETTINGS
350
19
  3
ACAD_PLOTSTYLENAME
350
E
  3
ACAD_SCALELIST
350
47
  3
ACAD_SECTIONVIEWSTYLE
350
5D0
  3
ACAD_TABLESTYLE
350
59
  3
ACAD_VISUALSTYLE
350
2A
  3
ACDB_RECOMPOSE_DATA
350
5CC
  3
AcDbVariableDictionary
350
594
  0
SUN
  5
5D
330
29
100
AcDbSun
 90
        1
290
     0
 63
     7
421
 16777215
 40
1.0
291
     1
 91
  2455826
 92
 54000000
292
     0
 70
     2
 71
   256
280
     1
  0
DICTIONARY
  5
5CF
102
{ACAD_REACTORS
330
C
102
}
330
C
100
AcDbDictionary
281
     1
  0
DICTIONARY
  5
D
102
{ACAD_REACTORS
330
C
102
}
330
C
100
AcDbDictionary
281
     1
  0
DICTIONARY
  5
1A
102
{ACAD_REACTORS
330
C
102
}
330
C
100
AcDbDictionary
281
     1
  3
Layout1
350
1E
  3
Layout2
350
26
  3
Model
350
22
  0
DICTIONARY
  5
43
102
{ACAD_REACTORS
330
C
102
}
330
C
100
AcDbDictionary
281
     1
  3
ByBlock
350
45
  3
ByLayer
350
44
  3
Global
350
46
  0
DICTIONARY
  5
5B
102
{ACAD_REACTORS
330
C
102
}
330
C
100
AcDbDictionary
281
     1
  3
Standard
350
5C
  0
DICTIONARY
  5
17
102
{ACAD_REACTORS
330
C
102
}
330
C
100
AcDbDictionary
281
     1
  3
Standard
350
18
  0
DICTIONARY
  5
19
102
{ACAD_REACTORS
330
C
102
}
330
C
100
AcDbDictionary
281
     1
  0
ACDBDICTIONARYWDFLT
  5
E
102
{ACAD_REACTORS
330
C
102
}
330
C
100
AcDbDictionary
281
     1
  3
Normal
350
F
100
AcDbDictionaryWithDefault
340
F
  0
DICTIONARY
  5
47
102
{ACAD_REACTORS
330
C
102
}
330
C
100
AcDbDictionary
281
     1
  3
A0
350
48
  3
A1
350
49
  3
A2
350
4A
  3
A3
350
4B
  3
A4
350
4C
  3
A5
350
4D
  3
A6
350
4E
  3
A7
350
4F
  3
A8
350
50
  3
A9
350
51
  3
B1
350
52
  3
B2
350
53
  3
B3
350
54
  3
B4
350
55
  3
B5
350
56
  3
B6
350
57
  3
B7
350
58
  0
DICTIONARY
  5
5D0
102
{ACAD_REACTORS
330
C
102
}
330
C
100
AcDbDictionary
281
     1
  0
DICTIONARY
  5
59
102
{ACAD_REACTORS
330
C
102
}
330
C
100
AcDbDictionary
281
     1
  3
Standard
350
5A
  0
DICTIONARY
  5
2A
102
{ACAD_REACTORS
330
C
102
}
330
C
100
AcDbDictionary
281
     1
  3
2dWireframe
350
2F
  3
Basic
350
32
  3
Brighten
350
36
  3
ColorChange
350
3A
  3
Conceptual
350
34
  3
Dim
350
35
  3
EdgeColorOff
350
3D
  3
Facepattern
350
39
  3
Flat
350
2B
  3
FlatWithEdges
350
2C
  3
Gouraud
350
2D
  3
GouraudWithEdges
350
2E
  3
Hidden
350
31
  3
JitterOff
350
3B
  3
Linepattern
350
38
  3
OverhangOff
350
3C
  3
Realistic
350
33
  3
Shaded
350
42
  3
Shaded with edges
350
41
  3
Shades of Gray
350
3E
  3
Sketchy
350
3F
  3
Thicken
350
37
  3
Wireframe
350
30
  3
X-Ray
350
40
  0
XRECORD
  5
5CC
102
{ACAD_REACTORS
330
C
102
}
330
C
100
AcDbXrecord
280
     1
 90
        1
330
5A
  0
DICTIONARY
  5
594
102
{ACAD_REACTORS
330
C
102
}
330
C
100
AcDbDictionary
281
     1
  3
CANNOSCALE
350
595
  3
CMLEADERSTYLE
350
5CE
  3
CTABLESTYLE
350
5CD
  3
XCLIPFRAME
350
596
  0
LAYOUT
  5
1E
102
{ACAD_REACTORS
330
1A
102
}
330
1A
100
AcDbPlotSettings
  1

  2
none_device
  4

  6

 40
0.0
 41
0.0
 42
0.0
 43
0.0
 44
0.0
 45
0.0
 46
0.0
 47
0.0
 48
0.0
 49
0.0
140
0.0
141
0.0
142
1.0
143
1.0
 70
   688
 72
     0
 73
     0
 74
     5
  7

 75
    16
 76
     0
 77
     2
 78
   300
147
1.0
148
0.0
149
0.0
100
AcDbLayout
  1
Layout1
 70
     1
 71
     1
 10
0.0
 20
0.0
 11
12.0
 21
9.0
 12
0.0
 22
0.0
 32
0.0
 14
1.000000000000000E+20
 24
1.000000000000000E+20
 34
1.000000000000000E+20
 15
-1.000000000000000E+20
 25
-1.000000000000000E+20
 35
-1.000000000000000E+20
146
0.0
 13
0.0
 23
0.0
 33
0.0
 16
1.0
 26
0.0
 36
0.0
 17
0.0
 27
1.0
 37
0.0
 76
     0
330
1B
  0
LAYOUT
  5
26
102
{ACAD_REACTORS
330
1A
102
}
330
1A
100
AcDbPlotSettings
  1

  2
none_device
  4

  6

 40
0.0
 41
0.0
 42
0.0
 43
0.0
 44
0.0
 45
0.0
 46
0.0
 47
0.0
 48
0.0
 49
0.0
140
0.0
141
0.0
142
1.0
143
1.0
 70
   688
 72
     0
 73
     0
 74
     5
  7

 75
    16
 76
     0
 77
     2
 78
   300
147
1.0
148
0.0
149
0.0
100
AcDbLayout
  1
Layout2
 70
     1
 71
     2
 10
0.0
 20
0.0
 11
0.0
 21
0.0
 12
0.0
 22
0.0
 32
0.0
 14
0.0
 24
0.0
 34
0.0
 15
0.0
 25
0.0
 35
0.0
146
0.0
 13
0.0
 23
0.0
 33
0.0
 16
1.0
 26
0.0
 36
0.0
 17
0.0
 27
1.0
 37
0.0
 76
     0
330
23
  0
LAYOUT
  5
22
102
{ACAD_REACTORS
330
1A
102
}
330
1A
100
AcDbPlotSettings
  1

  2
none_device
  4
Letter_(8.50_x_11.00_Inches)
  6

 40
6.35
 41
6.35
 42
6.35000508
 43
6.35000508
 44
215.9
 45
279.4
 46
0.0
 47
0.0
 48
0.0
 49
0.0
140
0.0
141
0.0
142
1.0
143
1.0
 70
  1712
 72
     0
 73
     0
 74
     0
  7

 75
     0
 76
     0
 77
     2
 78
   300
147
1.0
148
0.0
149
0.0
100
AcDbLayout
  1
Model
 70
     1
 71
     0
 10
0.0
 20
0.0
 11
12.0
 21
9.0
 12
0.0
 22
0.0
 32
0.0
 14
-5.582000000002154
 24
-0.2969999999913853
 34
7.926000000000002
 15
2.664000000004307
 25
3.264999999897555
 35
14.097
146
0.0
 13
0.0
 23
0.0
 33
0.0
 16
1.0
 26
0.0
 36
0.0
 17
0.0
 27
1.0
 37
0.0
 76
     0
330
1F
331
29
  0
MATERIAL
  5
45
102
{ACAD_REACTORS
330
43
102
}
330
43
100
AcDbMaterial
  1
ByBlock
 72
     1
 94
      127
  0
MATERIAL
  5
44
102
{ACAD_REACTORS
330
43
102
}
330
43
100
AcDbMaterial
  1
ByLayer
 72
     1
 94
      127
  0
MATERIAL
  5
46
102
{ACAD_REACTORS
330
43
102
}
330
43
100
AcDbMaterial
  1
Global
 72
     1
 94
      127
  0
MLEADERSTYLE
  5
5C
102
{ACAD_REACTORS
330
5B
102
}
102
{ACAD_XDICTIONARY
360
5CA
102
}
330
5B
100
AcDbMLeaderStyle
170
     2
171
     1
172
     0
 90
        2
 40
0.0
 41
0.0
173
     1
 91
-1056964608
340
14
 92
       -2
290
     1
 42
0.09
291
     1
 43
0.36
  3
Standard
341
0
 44
0.18
300

342
11
174
     1
178
     6
175
     1
176
     0
 93
-1056964608
 45
0.18
292
     0
297
     0
 46
0.18
343
0
 94
-1056964608
 47
1.0
 49
1.0
140
1.0
293
     1
141
0.0
294
     1
177
     0
142
1.0
295
     0
296
     0
143
0.125
1001
ACAD_MLEADERVER
1070
     2
  0
MLINESTYLE
  5
18
102
{ACAD_REACTORS
330
17
102
}
330
17
100
AcDbMlineStyle
  2
Standard
 70
     0
  3

 62
   256
 51
90.0
 52
90.0
 71
     2
 49
0.5
 62
   256
  6
BYLAYER
 49
-0.5
 62
   256
  6
BYLAYER
  0
ACDBPLACEHOLDER
  5
F
102
{ACAD_REACTORS
330
E
102
}
330
E
  0
SCALE
  5
48
102
{ACAD_REACTORS
330
47
102
}
330
47
100
AcDbScale
 70
     0
300
1:1
140
1.0
141
1.0
290
     1
  0
SCALE
  5
49
102
{ACAD_REACTORS
330
47
102
}
330
47
100
AcDbScale
 70
     0
300
1/128" = 1'-0"
140
0.0078125
141
12.0
290
     0
  0
SCALE
  5
4A
102
{ACAD_REACTORS
330
47
102
}
330
47
100
AcDbScale
 70
     0
300
1/64" = 1'-0"
140
0.015625
141
12.0
290
     0
  0
SCALE
  5
4B
102
{ACAD_REACTORS
330
47
102
}
330
47
100
AcDbScale
 70
     0
300
1/32" = 1'-0"
140
0.03125
141
12.0
290
     0
  0
SCALE
  5
4C
102
{ACAD_REACTORS
330
47
102
}
330
47
100
AcDbScale
 70
     0
300
1/16" = 1'-0"
140
0.0625
141
12.0
290
     0
  0
SCALE
  5
4D
102
{ACAD_REACTORS
330
47
102
}
330
47
100
AcDbScale
 70
     0
300
3/32" = 1'-0"
140
0.09375
141
12.0
290
     0
  0
SCALE
  5
4E
102
{ACAD_REACTORS
330
47
102
}
330
47
100
AcDbScale
 70
     0
300
1/8" = 1'-0"
140
0.125
141
12.0
290
     0
  0
SCALE
  5
4F
102
{ACAD_REACTORS
330
47
102
}
330
47
100
AcDbScale
 70
     0
300
3/16" = 1'-0"
140
0.1875
141
12.0
290
     0
  0
SCALE
  5
50
102
{ACAD_REACTORS
330
47
102
}
330
47
100
AcDbScale
 70
     0
300
1/4" = 1'-0"
140
0.25
141
12.0
290
     0
  0
SCALE
  5
51
102
{ACAD_REACTORS
330
47
102
}
330
47
100
AcDbScale
 70
     0
300
3/8" = 1'-0"
140
0.375
141
12.0
290
     0
  0
SCALE
  5
52
102
{ACAD_REACTORS
330
47
102
}
330
47
100
AcDbScale
 70
     0
300
1/2" = 1'-0"
140
0.5
141
12.0
290
     0
  0
SCALE
  5
53
102
{ACAD_REACTORS
330
47
102
}
330
47
100
AcDbScale
 70
     0
300
3/4" = 1'-0"
140
0.75
141
12.0
290
     0
  0
SCALE
  5
54
102
{ACAD_REACTORS
330
47
102
}
330
47
100
AcDbScale
 70
     0
300
1" = 1'-0"
140
1.0
141
12.0
290
     0
  0
SCALE
  5
55
102
{ACAD_REACTORS
330
47
102
}
330
47
100
AcDbScale
 70
     0
300
1-1/2" = 1'-0"
140
1.5
141
12.0
290
     0
  0
SCALE
  5
56
102
{ACAD_REACTORS
330
47
102
}
330
47
100
AcDbScale
 70
     0
300
3" = 1'-0"
140
3.0
141
12.0
290
     0
  0
SCALE
  5
57
102
{ACAD_REACTORS
330
47
102
}
330
47
100
AcDbScale
 70
     0
300
6" = 1'-0"
140
6.0
141
12.0
290
     0
  0
SCALE
  5
58
102
{ACAD_REACTORS
330
47
102
}
330
47
100
AcDbScale
 70
     0
300
1'-0" = 1'-0"
140
12.0
141
12.0
290
     0
  0
TABLESTYLE
  5
5A
102
{ACAD_REACTORS
330
59
102
}
102
{ACAD_XDICTIONARY
360
5C7
102
}
330
59
100
AcDbTableStyle
  3
Standard
 70
     0
 71
     0
 40
0.06
 41
0.06
280
     0
281
     0
  7
Standard
140
0.18
170
     2
 62
     0
 63
   257
283
     0
 90
        4
 91
        0
  1

274
    -2
284
     1
 64
     0
275
    -2
285
     1
 65
     0
276
    -2
286
     1
 66
     0
277
    -2
287
     1
 67
     0
278
    -2
288
     1
 68
     0
279
    -2
289
     1
 69
     0
  7
Standard
140
0.25
170
     5
 62
     0
 63
   257
283
     0
 90
        4
 91
        0
  1

274
    -2
284
     1
 64
     0
275
    -2
285
     1
 65
     0
276
    -2
286
     1
 66
     0
277
    -2
287
     1
 67
     0
278
    -2
288
     1
 68
     0
279
    -2
289
     1
 69
     0
  7
Standard
140
0.18
170
     5
 62
     0
 63
   257
283
     0
 90
        4
 91
        0
  1

274
    -2
284
     1
 64
     0
275
    -2
285
     1
 65
     0
276
    -2
286
     1
 66
     0
277
    -2
287
     1
 67
     0
278
    -2
288
     1
 68
     0
279
    -2
289
     1
 69
     0
  0
VISUALSTYLE
  5
2F
102
{ACAD_REACTORS
330
2A
102
}
102
{ACAD_XDICTIONARY
360
59F
102
}
330
2A
100
AcDbVisualStyle
  2
2dWireframe
 70
     4
 71
     0
 72
     2
 73
     0
 90
        0
 40
0.6
 41
30.0
 62
     5
 63
     7
421
 16777215
 74
     1
 91
        4
 64
     7
 65
   257
 75
     1
175
     1
 42
1.0
 92
        0
 66
   257
 43
1.0
 76
     1
 77
     6
 78
     2
 67
     7
 79
     5
170
     0
171
     0
290
     0
174
     0
 93
        1
 44
0.0
173
     0
291
     0
 45
0.0
  0
VISUALSTYLE
  5
32
102
{ACAD_REACTORS
330
2A
102
}
102
{ACAD_XDICTIONARY
360
5A5
102
}
330
2A
100
AcDbVisualStyle
  2
Basic
 70
     7
 71
     1
 72
     0
 73
     1
 90
        0
 40
0.6
 41
30.0
 62
     5
 63
     7
421
 16777215
 74
     0
 91
        4
 64
     7
 65
   257
 75
     1
175
     1
 42
1.0
 92
        8
 66
     7
 43
1.0
 76
     1
 77
     6
 78
     2
 67
     7
 79
     5
170
     0
171
     0
290
     0
174
     0
 93
        1
 44
0.0
173
     0
291
     1
 45
0.0
  0
VISUALSTYLE
  5
36
102
{ACAD_REACTORS
330
2A
102
}
102
{ACAD_XDICTIONARY
360
5AD
102
}
330
2A
100
AcDbVisualStyle
  2
Brighten
 70
    12
 71
     2
 72
     2
 73
     0
 90
        0
 40
0.6
 41
30.0
 62
     5
 63
     7
421
 16777215
 74
     1
 91
        4
 64
     7
 65
   257
 75
     1
175
     1
 42
1.0
 92
        8
 66
     7
 43
1.0
 76
     1
 77
     6
 78
     2
 67
     7
 79
     5
170
     0
171
     0
290
     0
174
     0
 93
        1
 44
50.0
173
     0
291
     1
 45
0.0
  0
VISUALSTYLE
  5
3A
102
{ACAD_REACTORS
330
2A
102
}
102
{ACAD_XDICTIONARY
360
5B5
102
}
330
2A
100
AcDbVisualStyle
  2
ColorChange
 70
    16
 71
     2
 72
     2
 73
     3
 90
        0
 40
0.6
 41
30.0
 62
     5
 63
     8
421
  8421504
 74
     1
 91
        4
 64
     7
 65
   257
 75
     1
175
     1
 42
1.0
 92
        8
 66
     8
424
  8421504
 43
1.0
 76
     1
 77
     6
 78
     2
 67
     7
 79
     5
170
     0
171
     0
290
     0
174
     0
 93
        1
 44
0.0
173
     0
291
     1
 45
0.0
  0
VISUALSTYLE
  5
34
102
{ACAD_REACTORS
330
2A
102
}
102
{ACAD_XDICTIONARY
360
5A9
102
}
330
2A
100
AcDbVisualStyle
  2
Conceptual
 70
     9
 71
     3
 72
     2
 73
     0
 90
        0
 40
0.6
 41
30.0
 62
     5
 63
     7
421
 16777215
 74
     2
 91
        2
 64
     7
 65
   257
 75
     1
175
     1
 42
179.0
 92
        8
 66
     7
 43
1.0
 76
     1
 77
     6
 78
     2
 67
     7
 79
     3
170
     0
171
     0
290
     0
174
     0
 93
        1
 44
0.0
173
     0
291
     0
 45
0.0
  0
VISUALSTYLE
  5
35
102
{ACAD_REACTORS
330
2A
102
}
102
{ACAD_XDICTIONARY
360
5AB
102
}
330
2A
100
AcDbVisualStyle
  2
Dim
 70
    11
 71
     2
 72
     2
 73
     0
 90
        0
 40
0.6
 41
30.0
 62
     5
 63
     7
421
 16777215
 74
     1
 91
        4
 64
     7
 65
   257
 75
     1
175
     1
 42
1.0
 92
        8
 66
     7
 43
1.0
 76
     1
 77
     6
 78
     2
 67
     7
 79
     5
170
     0
171
     0
290
     0
174
     0
 93
        1
 44
-50.0
173
     0
291
     1
 45
0.0
  0
VISUALSTYLE
  5
3D
102
{ACAD_REACTORS
330
2A
102
}
102
{ACAD_XDICTIONARY
360
5BB
102
}
330
2A
100
AcDbVisualStyle
  2
EdgeColorOff
 70
    22
 71
     2
 72
     2
 73
     0
 90
        0
 40
0.6
 41
30.0
 62
     5
 63
     7
421
 16777215
 74
     1
 91
        4
 64
     7
 65
   257
 75
     1
175
     1
 42
1.0
 92
        8
 66
     7
 43
1.0
 76
     1
 77
     6
 78
     2
 67
     7
 79
     5
170
     0
171
     0
290
     0
174
     0
 93
        1
 44
0.0
173
     0
291
     1
 45
0.0
  0
VISUALSTYLE
  5
39
102
{ACAD_REACTORS
330
2A
102
}
102
{ACAD_XDICTIONARY
360
5B3
102
}
330
2A
100
AcDbVisualStyle
  2
Facepattern
 70
    15
 71
     2
 72
     2
 73
     0
 90
        0
 40
0.6
 41
30.0
 62
     5
 63
     7
421
 16777215
 74
     1
 91
        4
 64
     7
 65
   257
 75
     1
175
     1
 42
1.0
 92
        8
 66
     7
 43
1.0
 76
     1
 77
     6
 78
     2
 67
     7
 79
     5
170
     0
171
     0
290
     0
174
     0
 93
        1
 44
0.0
173
     0
291
     1
 45
0.0
  0
VISUALSTYLE
  5
2B
102
{ACAD_REACTORS
330
2A
102
}
102
{ACAD_XDICTIONARY
360
597
102
}
330
2A
100
AcDbVisualStyle
  2
Flat
 70
     0
 71
     2
 72
     1
 73
     1
 90
        2
 40
0.6
 41
30.0
 62
     5
 63
     7
421
 16777215
 74
     0
 91
        0
 64
     7
 65
   257
 75
     1
175
     1
 42
1.0
 92
        8
 66
     7
 43
1.0
 76
     1
 77
     6
 78
     2
 67
     7
 79
     5
170
     0
171
     0
290
     0
174
     0
 93
       13
 44
0.0
173
     0
291
     1
 45
0.0
  0
VISUALSTYLE
  5
2C
102
{ACAD_REACTORS
330
2A
102
}
102
{ACAD_XDICTIONARY
360
599
102
}
330
2A
100
AcDbVisualStyle
  2
FlatWithEdges
 70
     1
 71
     2
 72
     1
 73
     1
 90
        2
 40
0.6
 41
30.0
 62
     5
 63
     7
421
 16777215
 74
     1
 91
        0
 64
     7
 65
   257
 75
     1
175
     1
 42
1.0
 92
        0
 66
   257
 43
1.0
 76
     1
 77
     6
 78
     2
 67
     7
 79
     5
170
     0
171
     0
290
     0
174
     0
 93
       13
 44
0.0
173
     0
291
     1
 45
0.0
  0
VISUALSTYLE
  5
2D
102
{ACAD_REACTORS
330
2A
102
}
102
{ACAD_XDICTIONARY
360
59B
102
}
330
2A
100
AcDbVisualStyle
  2
Gouraud
 70
     2
 71
     2
 72
     2
 73
     1
 90
        2
 40
0.6
 41
30.0
 62
     5
 63
     7
421
 16777215
 74
     0
 91
        0
 64
     7
 65
   257
 75
     1
175
     1
 42
1.0
 92
        0
 66
     7
 43
1.0
 76
     1
 77
     6
 78
     2
 67
     7
 79
     5
170
     0
171
     0
290
     0
174
     0
 93
       13
 44
0.0
173
     0
291
     1
 45
0.0
  0
VISUALSTYLE
  5
2E
102
{ACAD_REACTORS
330
2A
102
}
102
{ACAD_XDICTIONARY
360
59D
102
}
330
2A
100
AcDbVisualStyle
  2
GouraudWithEdges
 70
     3
 71
     2
 72
     2
 73
     1
 90
        2
 40
0.6
 41
30.0
 62
     5
 63
     7
421
 16777215
 74
     1
 91
        0
 64
     7
 65
   257
 75
     1
175
     1
 42
1.0
 92
        0
 66
   257
 43
1.0
 76
     1
 77
     6
 78
     2
 67
     7
 79
     5
170
     0
171
     0
290
     0
174
     0
 93
       13
 44
0.0
173
     0
291
     1
 45
0.0
  0
VISUALSTYLE
  5
31
102
{ACAD_REACTORS
330
2A
102
}
102
{ACAD_XDICTIONARY
360
5A3
102
}
330
2A
100
AcDbVisualStyle
  2
Hidden
 70
     6
 71
     1
 72
     2
 73
     2
 90
        0
 40
0.6
 41
30.0
 62
     5
 63
     7
421
 16777215
 74
     2
 91
        2
 64
     7
 65
   257
 75
     2
175
     1
 42
40.0
 92
        0
 66
   257
 43
1.0
 76
     1
 77
     6
 78
     2
 67
     7
 79
     3
170
     0
171
     0
290
     0
174
     0
 93
        1
 44
0.0
173
     0
291
     0
 45
0.0
  0
VISUALSTYLE
  5
3B
102
{ACAD_REACTORS
330
2A
102
}
102
{ACAD_XDICTIONARY
360
5B7
102
}
330
2A
100
AcDbVisualStyle
  2
JitterOff
 70
    20
 71
     2
 72
     2
 73
     0
 90
        0
 40
0.6
 41
30.0
 62
     5
 63
     7
421
 16777215
 74
     1
 91
        4
 64
     7
 65
   257
 75
     1
175
     1
 42
1.0
 92
       10
 66
     7
 43
1.0
 76
     1
 77
     6
 78
     2
 67
     7
 79
     5
170
     0
171
     0
290
     0
174
     0
 93
        1
 44
0.0
173
     0
291
     1
 45
0.0
  0
VISUALSTYLE
  5
38
102
{ACAD_REACTORS
330
2A
102
}
102
{ACAD_XDICTIONARY
360
5B1
102
}
330
2A
100
AcDbVisualStyle
  2
Linepattern
 70
    14
 71
     2
 72
     2
 73
     0
 90
        0
 40
0.6
 41
30.0
 62
     5
 63
     7
421
 16777215
 74
     1
 91
        4
 64
     7
 65
   257
 75
     7
175
     7
 42
1.0
 92
        8
 66
     7
 43
1.0
 76
     1
 77
     6
 78
     2
 67
     7
 79
     5
170
     0
171
     0
290
     0
174
     0
 93
        1
 44
0.0
173
     0
291
     1
 45
0.0
  0
VISUALSTYLE
  5
3C
102
{ACAD_REACTORS
330
2A
102
}
102
{ACAD_XDICTIONARY
360
5B9
102
}
330
2A
100
AcDbVisualStyle
  2
OverhangOff
 70
    21
 71
     2
 72
     2
 73
     0
 90
        0
 40
0.6
 41
30.0
 62
     5
 63
     7
421
 16777215
 74
     1
 91
        4
 64
     7
 65
   257
 75
     1
175
     1
 42
1.0
 92
        9
 66
     7
 43
1.0
 76
     1
 77
     6
 78
     2
 67
     7
 79
     5
170
     0
171
     0
290
     0
174
     0
 93
        1
 44
0.0
173
     0
291
     1
 45
0.0
  0
VISUALSTYLE
  5
33
102
{ACAD_REACTORS
330
2A
102
}
102
{ACAD_XDICTIONARY
360
5A7
102
}
330
2A
100
AcDbVisualStyle
  2
Realistic
 70
     8
 71
     2
 72
     3
 73
     0
 90
        2
 40
0.6
 41
30.0
 62
     5
 63
     7
421
 16777215
 74
     0
 91
        0
 64
     7
 65
   257
 75
     1
175
     1
 42
1.0
 92
        8
 66
   257
 43
1.0
 76
     1
 77
     6
 78
     2
 67
     7
 79
     3
170
     0
171
     0
290
     0
174
     0
 93
       13
 44
0.0
173
     0
291
     0
 45
0.0
  0
VISUALSTYLE
  5
42
102
{ACAD_REACTORS
330
2A
102
}
102
{ACAD_XDICTIONARY
360
5C5
102
}
330
2A
100
AcDbVisualStyle
  2
Shaded
 70
    27
 71
     2
 72
     2
 73
     1
 90
        2
 40
0.6
 41
30.0
 62
     5
 63
     7
421
 16777215
 74
     0
 91
        4
 64
     7
 65
   257
 75
     1
175
     1
 42
1.0
 92
        8
 66
   257
 43
1.0
 76
     1
 77
     6
 78
     2
 67
     8
425
  7895160
 79
     3
170
     0
171
     0
290
     0
174
     0
 93
        5
 44
0.0
173
     0
291
     0
 45
0.0
  0
VISUALSTYLE
  5
41
102
{ACAD_REACTORS
330
2A
102
}
102
{ACAD_XDICTIONARY
360
5C3
102
}
330
2A
100
AcDbVisualStyle
  2
Shaded with edges
 70
    26
 71
     2
 72
     2
 73
     1
 90
        2
 40
0.6
 41
30.0
 62
     5
 63
     7
421
 16777215
 74
     1
 91
       10
 64
     7
 65
   257
 75
     2
175
     1
 42
1.0
 92
        8
 66
   257
 43
1.0
 76
     1
 77
     6
 78
     2
 67
     7
 79
     3
170
     0
171
     0
290
     0
174
     0
 93
        5
 44
0.0
173
     0
291
     0
 45
0.0
  0
VISUALSTYLE
  5
3E
102
{ACAD_REACTORS
330
2A
102
}
102
{ACAD_XDICTIONARY
360
5BD
102
}
330
2A
100
AcDbVisualStyle
  2
Shades of Gray
 70
    23
 71
     2
 72
     2
 73
     3
 90
        0
 40
0.6
 41
30.0
 62
     5
 63
     7
421
 16777215
 74
     2
 91
        2
 64
     7
 65
     7
 75
     1
175
     1
 42
40.0
 92
        8
 66
     7
 43
1.0
 76
     1
 77
     6
 78
     2
 67
     7
 79
     3
170
     0
171
     0
290
     0
174
     0
 93
        1
 44
0.0
173
     0
291
     0
 45
0.0
  0
VISUALSTYLE
  5
3F
102
{ACAD_REACTORS
330
2A
102
}
102
{ACAD_XDICTIONARY
360
5BF
102
}
330
2A
100
AcDbVisualStyle
  2
Sketchy
 70
    24
 71
     1
 72
     2
 73
     2
 90
        0
 40
0.6
 41
30.0
 62
     5
 63
     7
421
 16777215
 74
     2
 91
        2
 64
     7
 65
     7
 75
     1
175
     1
 42
40.0
 92
       11
 66
     7
 43
1.0
 76
     1
 77
     6
 78
     2
 67
     7
 79
     6
170
     0
171
     0
290
     0
174
     0
 93
        1
 44
0.0
173
     0
291
     0
 45
0.0
  0
VISUALSTYLE
  5
37
102
{ACAD_REACTORS
330
2A
102
}
102
{ACAD_XDICTIONARY
360
5AF
102
}
330
2A
100
AcDbVisualStyle
  2
Thicken
 70
    13
 71
     2
 72
     2
 73
     0
 90
        0
 40
0.6
 41
30.0
 62
     5
 63
     7
421
 16777215
 74
     1
 91
        4
 64
     7
 65
   257
 75
     1
175
     1
 42
1.0
 92
       12
 66
     7
 43
1.0
 76
     1
 77
     6
 78
     2
 67
     7
 79
     5
170
     0
171
     0
290
     0
174
     0
 93
        1
 44
0.0
173
     0
291
     1
 45
0.0
  0
VISUALSTYLE
  5
30
102
{ACAD_REACTORS
330
2A
102
}
102
{ACAD_XDICTIONARY
360
5A1
102
}
330
2A
100
AcDbVisualStyle
  2
Wireframe
 70
     5
 71
     0
 72
     2
 73
     0
 90
        0
 40
0.6
 41
30.0
 62
     5
 63
     7
421
 16777215
 74
     1
 91
        4
 64
     7
 65
   257
 75
     1
175
     1
 42
1.0
 92
        0
 66
   257
 43
1.0
 76
     1
 77
     6
 78
     2
 67
     7
 79
     3
170
     0
171
     0
290
     0
174
     0
 93
        1
 44
0.0
173
     0
291
     0
 45
0.0
  0
VISUALSTYLE
  5
40
102
{ACAD_REACTORS
330
2A
102
}
102
{ACAD_XDICTIONARY
360
5C1
102
}
330
2A
100
AcDbVisualStyle
  2
X-Ray
 70
    25
 71
     2
 72
     2
 73
     1
 90
        1
 40
0.5
 41
30.0
 62
     5
 63
     7
421
 16777215
 74
     1
 91
        0
 64
     7
 65
   257
 75
     1
175
     1
 42
1.0
 92
        8
 66
     7
 43
1.0
 76
     1
 77
     6
 78
     2
 67
     7
 79
     3
170
     0
171
     0
290
     0
174
     0
 93
       13
 44
0.0
173
     0
291
     0
 45
0.0
  0
DICTIONARYVAR
  5
595
102
{ACAD_REACTORS
330
594
102
}
330
594
100
DictionaryVariables
280
     0
  1
1:1
  0
DICTIONARYVAR
  5
5CE
102
{ACAD_REACTORS
330
594
102
}
330
594
100
DictionaryVariables
280
     0
  1
Standard
  0
DICTIONARYVAR
  5
5CD
102
{ACAD_REACTORS
330
594
102
}
330
594
100
DictionaryVariables
280
     0
  1
Standard
  0
DICTIONARYVAR
  5
596
102
{ACAD_REACTORS
330
594
102
}
330
594
100
DictionaryVariables
280
     0
  1
2
  0
DICTIONARY
  5
5CA
330
5C
100
AcDbDictionary
280
     1
281
     1
  3
ACAD_XREC_ROUNDTRIP
360
5CB
  0
DICTIONARY
  5
5C7
330
5A
100
AcDbDictionary
280
     1
281
     1
  3
ACAD_ROUNDTRIP_2008_TABLESTYLE_CELLSTYLEMAP
360
5C8
  0
DICTIONARY
  5
59F
330
2F
100
AcDbDictionary
280
     1
281
     1
  3
ACAD_XREC_ROUNDTRIP
360
5A0
  0
DICTIONARY
  5
5A5
330
32
100
AcDbDictionary
280
     1
281
     1
  3
ACAD_XREC_ROUNDTRIP
360
5A6
  0
DICTIONARY
  5
5AD
330
36
100
AcDbDictionary
280
     1
281
     1
  3
ACAD_XREC_ROUNDTRIP
360
5AE
  0
DICTIONARY
  5
5B5
330
3A
100
AcDbDictionary
280
     1
281
     1
  3
ACAD_XREC_ROUNDTRIP
360
5B6
  0
DICTIONARY
  5
5A9
330
34
100
AcDbDictionary
280
     1
281
     1
  3
ACAD_XREC_ROUNDTRIP
360
5AA
  0
DICTIONARY
  5
5AB
330
35
100
AcDbDictionary
280
     1
281
     1
  3
ACAD_XREC_ROUNDTRIP
360
5AC
  0
DICTIONARY
  5
5BB
330
3D
100
AcDbDictionary
280
     1
281
     1
  3
ACAD_XREC_ROUNDTRIP
360
5BC
  0
DICTIONARY
  5
5B3
330
39
100
AcDbDictionary
280
     1
281
     1
  3
ACAD_XREC_ROUNDTRIP
360
5B4
  0
DICTIONARY
  5
597
330
2B
100
AcDbDictionary
280
     1
281
     1
  3
ACAD_XREC_ROUNDTRIP
360
598
  0
DICTIONARY
  5
599
330
2C
100
AcDbDictionary
280
     1
281
     1
  3
ACAD_XREC_ROUNDTRIP
360
59A
  0
DICTIONARY
  5
59B
330
2D
100
AcDbDictionary
280
     1
281
     1
  3
ACAD_XREC_ROUNDTRIP
360
59C
  0
DICTIONARY
  5
59D
330
2E
100
AcDbDictionary
280
     1
281
     1
  3
ACAD_XREC_ROUNDTRIP
360
59E
  0
DICTIONARY
  5
5A3
330
31
100
AcDbDictionary
280
     1
281
     1
  3
ACAD_XREC_ROUNDTRIP
360
5A4
  0
DICTIONARY
  5
5B7
330
3B
100
AcDbDictionary
280
     1
281
     1
  3
ACAD_XREC_ROUNDTRIP
360
5B8
  0
DICTIONARY
  5
5B1
330
38
100
AcDbDictionary
280
     1
281
     1
  3
ACAD_XREC_ROUNDTRIP
360
5B2
  0
DICTIONARY
  5
5B9
330
3C
100
AcDbDictionary
280
     1
281
     1
  3
ACAD_XREC_ROUNDTRIP
360
5BA
  0
DICTIONARY
  5
5A7
330
33
100
AcDbDictionary
280
     1
281
     1
  3
ACAD_XREC_ROUNDTRIP
360
5A8
  0
DICTIONARY
  5
5C5
330
42
100
AcDbDictionary
280
     1
281
     1
  3
ACAD_XREC_ROUNDTRIP
360
5C6
  0
DICTIONARY
  5
5C3
330
41
100
AcDbDictionary
280
     1
281
     1
  3
ACAD_XREC_ROUNDTRIP
360
5C4
  0
DICTIONARY
  5
5BD
330
3E
100
AcDbDictionary
280
     1
281
     1
  3
ACAD_XREC_ROUNDTRIP
360
5BE
  0
DICTIONARY
  5
5BF
330
3F
100
AcDbDictionary
280
     1
281
     1
  3
ACAD_XREC_ROUNDTRIP
360
5C0
  0
DICTIONARY
  5
5AF
330
37
100
AcDbDictionary
280
     1
281
     1
  3
ACAD_XREC_ROUNDTRIP
360
5B0
  0
DICTIONARY
  5
5A1
330
30
100
AcDbDictionary
280
     1
281
     1
  3
ACAD_XREC_ROUNDTRIP
360
5A2
  0
DICTIONARY
  5
5C1
330
40
100
AcDbDictionary
280
     1
281
     1
  3
ACAD_XREC_ROUNDTRIP
360
5C2
  0
XRECORD
  5
5CB
102
{ACAD_REACTORS
330
5CA
102
}
330
5CA
100
AcDbXrecord
280
     1
102
ACAD_ROUNDTRIP_2010_MLEADER_STYLE
  0
CELLSTYLEMAP
  5
5C8
102
{ACAD_REACTORS
330
5C7
102
}
330
5C7
100
AcDbCellStyleMap
 90
        3
300
CELLSTYLE
  1
TABLEFORMAT_BEGIN
 90
        5
170
     1
 91
        0
 92
    32768
 62
   257
 93
        1
300
CONTENTFORMAT
  1
CONTENTFORMAT_BEGIN
 90
        0
 91
        0
 92
        4
 93
        0
300

 40
0.0
140
1.0
 94
        5
 62
     0
340
11
144
0.25
309
CONTENTFORMAT_END
171
     1
301
MARGIN
  1
CELLMARGIN_BEGIN
 40
0.06
 40
0.06
 40
0.06
 40
0.06
 40
0.06
 40
0.06
309
CELLMARGIN_END
 94
        6
 95
        1
302
GRIDFORMAT
  1
GRIDFORMAT_BEGIN
 90
        0
 91
        1
 62
     0
 92
       -2
340
14
 93
        0
 40
0.045
309
GRIDFORMAT_END
 95
        2
302
GRIDFORMAT
  1
GRIDFORMAT_BEGIN
 90
        0
 91
        1
 62
     0
 92
       -2
340
14
 93
        0
 40
0.045
309
GRIDFORMAT_END
 95
        4
302
GRIDFORMAT
  1
GRIDFORMAT_BEGIN
 90
        0
 91
        1
 62
     0
 92
       -2
340
14
 93
        0
 40
0.045
309
GRIDFORMAT_END
 95
        8
302
GRIDFORMAT
  1
GRIDFORMAT_BEGIN
 90
        0
 91
        1
 62
     0
 92
       -2
340
14
 93
        0
 40
0.045
309
GRIDFORMAT_END
 95
       16
302
GRIDFORMAT
  1
GRIDFORMAT_BEGIN
 90
        0
 91
        1
 62
     0
 92
       -2
340
14
 93
        0
 40
0.045
309
GRIDFORMAT_END
 95
       32
302
GRIDFORMAT
  1
GRIDFORMAT_BEGIN
 90
        0
 91
        1
 62
     0
 92
       -2
340
14
 93
        0
 40
0.045
309
GRIDFORMAT_END
309
TABLEFORMAT_END
  1
CELLSTYLE_BEGIN
 90
        1
 91
        1
300
_TITLE
309
CELLSTYLE_END
300
CELLSTYLE
  1
TABLEFORMAT_BEGIN
 90
        5
170
     1
 91
        0
 92
        0
 62
   257
 93
        1
300
CONTENTFORMAT
  1
CONTENTFORMAT_BEGIN
 90
        0
 91
        0
 92
        4
 93
        0
300

 40
0.0
140
1.0
 94
        5
 62
     0
340
11
144
0.18
309
CONTENTFORMAT_END
171
     1
301
MARGIN
  1
CELLMARGIN_BEGIN
 40
0.06
 40
0.06
 40
0.06
 40
0.06
 40
0.06
 40
0.06
309
CELLMARGIN_END
 94
        6
 95
        1
302
GRIDFORMAT
  1
GRIDFORMAT_BEGIN
 90
        0
 91
        1
 62
     0
 92
       -2
340
14
 93
        0
 40
0.045
309
GRIDFORMAT_END
 95
        2
302
GRIDFORMAT
  1
GRIDFORMAT_BEGIN
 90
        0
 91
        1
 62
     0
 92
       -2
340
14
 93
        0
 40
0.045
309
GRIDFORMAT_END
 95
        4
302
GRIDFORMAT
  1
GRIDFORMAT_BEGIN
 90
        0
 91
        1
 62
     0
 92
       -2
340
14
 93
        0
 40
0.045
309
GRIDFORMAT_END
 95
        8
302
GRIDFORMAT
  1
GRIDFORMAT_BEGIN
 90
        0
 91
        1
 62
     0
 92
       -2
340
14
 93
        0
 40
0.045
309
GRIDFORMAT_END
 95
       16
302
GRIDFORMAT
  1
GRIDFORMAT_BEGIN
 90
        0
 91
        1
 62
     0
 92
       -2
340
14
 93
        0
 40
0.045
309
GRIDFORMAT_END
 95
       32
302
GRIDFORMAT
  1
GRIDFORMAT_BEGIN
 90
        0
 91
        1
 62
     0
 92
       -2
340
14
 93
        0
 40
0.045
309
GRIDFORMAT_END
309
TABLEFORMAT_END
  1
CELLSTYLE_BEGIN
 90
        2
 91
        1
300
_HEADER
309
CELLSTYLE_END
300
CELLSTYLE
  1
TABLEFORMAT_BEGIN
 90
        5
170
     1
 91
        0
 92
        0
 62
   257
 93
        1
300
CONTENTFORMAT
  1
CONTENTFORMAT_BEGIN
 90
        0
 91
        0
 92
        4
 93
        0
300

 40
0.0
140
1.0
 94
        2
 62
     0
340
11
144
0.18
309
CONTENTFORMAT_END
171
     1
301
MARGIN
  1
CELLMARGIN_BEGIN
 40
0.06
 40
0.06
 40
0.06
 40
0.06
 40
0.06
 40
0.06
309
CELLMARGIN_END
 94
        6
 95
        1
302
GRIDFORMAT
  1
GRIDFORMAT_BEGIN
 90
        0
 91
        1
 62
     0
 92
       -2
340
14
 93
        0
 40
0.045
309
GRIDFORMAT_END
 95
        2
302
GRIDFORMAT
  1
GRIDFORMAT_BEGIN
 90
        0
 91
        1
 62
     0
 92
       -2
340
14
 93
        0
 40
0.045
309
GRIDFORMAT_END
 95
        4
302
GRIDFORMAT
  1
GRIDFORMAT_BEGIN
 90
        0
 91
        1
 62
     0
 92
       -2
340
14
 93
        0
 40
0.045
309
GRIDFORMAT_END
 95
        8
302
GRIDFORMAT
  1
GRIDFORMAT_BEGIN
 90
        0
 91
        1
 62
     0
 92
       -2
340
14
 93
        0
 40
0.045
309
GRIDFORMAT_END
 95
       16
302
GRIDFORMAT
  1
GRIDFORMAT_BEGIN
 90
        0
 91
        1
 62
     0
 92
       -2
340
14
 93
        0
 40
0.045
309
GRIDFORMAT_END
 95
       32
302
GRIDFORMAT
  1
GRIDFORMAT_BEGIN
 90
        0
 91
        1
 62
     0
 92
       -2
340
14
 93
        0
 40
0.045
309
GRIDFORMAT_END
309
TABLEFORMAT_END
  1
CELLSTYLE_BEGIN
 90
        3
 91
        2
300
_DATA
309
CELLSTYLE_END
  0
XRECORD
  5
5A0
102
{ACAD_REACTORS
330
59F
102
}
330
59F
100
AcDbXrecord
280
     1
102
RTVSPropertyOp0
 70
     1
102
RTVSPropertyOp1
 70
     1
102
RTVSPropertyOp2
 70
     1
102
RTVSPropertyOp3
 70
     1
102
RTVSPropertyOp4
 70
     1
102
RTVSPropertyOp5
 70
     1
102
RTVSPropertyOp6
 70
     1
102
RTVSPropertyOp7
 70
     1
102
RTVSPropertyOp8
 70
     1
102
RTVSPropertyOp9
 70
     1
102
RTVSPropertyOp10
 70
     1
102
RTVSPropertyOp11
 70
     1
102
RTVSPropertyOp12
 70
     1
102
RTVSPropertyOp13
 70
     1
102
RTVSPropertyOp14
 70
     1
102
RTVSPropertyOp15
 70
     1
102
RTVSPropertyOp16
 70
     1
102
RTVSPropertyOp17
 70
     1
102
RTVSPropertyOp18
 70
     1
102
RTVSPropertyOp19
 70
     1
102
RTVSPropertyOp20
 70
     1
102
RTVSPropertyOp21
 70
     1
102
RTVSPropertyOp22
 70
     1
102
RTVSPropertyOp23
 70
     1
102
RTVSPropertyOp24
 70
     1
102
RTVSPropertyOp25
 70
     1
102
RTVSPropertyOp26
 70
     1
102
RTVSPropertyOp27
 70
     1
102
RTVSPropertyOp28
 70
     1
102
RTVSPropertyOp29
 70
     1
102
RTVSPropertyOp30
 70
     1
102
RTVSPropertyOp31
 70
     1
102
RTVSPropertyOp32
 70
     1
102
RTVSPropertyOp33
 70
     1
102
RTVSPropertyOp34
 70
     1
102
RTVSPropertyOp35
 70
     1
102
RTVSPropertyOp36
 70
     1
102
RTVSPropertyOp37
 70
     1
102
RTVSPropertyOp38
 70
     1
102
RTVSPropertyOp39
 70
     1
102
RTVSPropertyOp40
 70
     1
102
RTVSPropertyOp41
 70
     1
102
RTVSPropertyOp42
 70
     1
102
RTVSPropertyOp43
 70
     1
102
RTVSPropertyOp44
 70
     1
102
RTVSPropertyOp45
 70
     1
102
RTVSPropertyOp46
 70
     1
102
RTVSPropertyOp47
 70
     1
102
RTVSPropertyOp48
 70
     1
102
RTVSPropertyOp49
 70
     1
102
RTVSPropertyOp50
 70
     1
102
RTVSPropertyOp51
 70
     0
102
RTVSPropertyOp52
 70
     0
102
RTVSPropertyOp53
 70
     1
102
RTVSPropertyOp54
 70
     1
102
RTVSPropertyOp55
 70
     1
102
RTVSPropertyOp56
 70
     1
102
RTVSPropertyOp57
 70
     1
102
RTVSPost2010Prop28
280
     1
102
RTVSPost2010PropOp28
 70
     1
102
RTVSPost2010Prop29
280
     1
102
RTVSPost2010PropOp29
 70
     1
102
RTVSPost2010Prop30
280
     0
102
RTVSPost2010PropOp30
 70
     1
102
RTVSPost2010Prop31
280
     0
102
RTVSPost2010PropOp31
 70
     1
102
RTVSPost2010Prop32
280
     0
102
RTVSPost2010PropOp32
 70
     1
102
RTVSPost2010Prop33
280
     0
102
RTVSPost2010PropOp33
 70
     1
102
RTVSPost2010Prop34
280
     0
102
RTVSPost2010PropOp34
 70
     1
102
RTVSPost2010Prop35
280
     0
102
RTVSPost2010PropOp35
 70
     1
102
RTVSPost2010Prop36
280
     0
102
RTVSPost2010PropOp36
 70
     1
102
RTVSPost2010Prop37
 90
       50
102
RTVSPost2010PropOp37
 70
     1
102
RTVSPost2010Prop38
140
0.0
102
RTVSPost2010PropOp38
 70
     1
102
RTVSPost2010Prop39
140
1.0
102
RTVSPost2010PropOp39
 70
     1
102
RTVSPost2010Prop40
 90
        0
102
RTVSPost2010PropOp40
 70
     1
102
RTVSPost2010Prop41ColorIndex
 90
       18
102
RTVSPost2010Prop41ColorRGB
 90
        0
102
RTVSPost2010PropOp41
 70
     1
102
RTVSPost2010Prop42
 90
       50
102
RTVSPost2010PropOp42
 70
     1
102
RTVSPost2010Prop43
 90
        3
102
RTVSPost2010PropOp43
 70
     1
102
RTVSPost2010Prop44ColorIndex
 90
        5
102
RTVSPost2010Prop44ColorRGB
 90
      255
102
RTVSPost2010PropOp44
 70
     1
102
RTVSPost2010Prop45
280
     0
102
RTVSPost2010PropOp45
 70
     1
102
RTVSPost2010Prop46
 90
       50
102
RTVSPost2010PropOp46
 70
     1
102
RTVSPost2010Prop47
 90
       50
102
RTVSPost2010PropOp47
 70
     1
102
RTVSPost2010Prop48
 90
       50
102
RTVSPost2010PropOp48
 70
     1
102
RTVSPost2010Prop49
280
     0
102
RTVSPost2010PropOp49
 70
     1
102
RTVSPost2010Prop50
 90
       50
102
RTVSPost2010PropOp50
 70
     1
102
RTVSPost2010Prop51ColorIndex
 90
      256
102
RTVSPost2010Prop51ColorRGB
 90
-16777216
102
RTVSPost2010PropOp51
 70
     0
102
RTVSPost2010Prop52
140
1.0
102
RTVSPost2010PropOp52
 70
     0
102
RTVSPost2010Prop53
 90
        2
102
RTVSPost2010PropOp53
 70
     1
102
RTVSPost2010Prop54
  1
strokes_ogs.tif
102
RTVSPost2010PropOp54
 70
     1
102
RTVSPost2010Prop55
280
     0
102
RTVSPost2010PropOp55
 70
     1
102
RTVSPost2010Prop56
140
1.0
102
RTVSPost2010PropOp56
 70
     1
102
RTVSPost2010Prop57
140
1.0
102
RTVSPost2010PropOp57
 70
     1
  0
XRECORD
  5
5A6
102
{ACAD_REACTORS
330
5A5
102
}
330
5A5
100
AcDbXrecord
280
     1
102
RTVSPropertyOp0
 70
     1
102
RTVSPropertyOp1
 70
     1
102
RTVSPropertyOp2
 70
     1
102
RTVSPropertyOp3
 70
     1
102
RTVSPropertyOp4
 70
     1
102
RTVSPropertyOp5
 70
     1
102
RTVSPropertyOp6
 70
     1
102
RTVSPropertyOp7
 70
     1
102
RTVSPropertyOp8
 70
     1
102
RTVSPropertyOp9
 70
     1
102
RTVSPropertyOp10
 70
     1
102
RTVSPropertyOp11
 70
     1
102
RTVSPropertyOp12
 70
     1
102
RTVSPropertyOp13
 70
     1
102
RTVSPropertyOp14
 70
     1
102
RTVSPropertyOp15
 70
     1
102
RTVSPropertyOp16
 70
     1
102
RTVSPropertyOp17
 70
     1
102
RTVSPropertyOp18
 70
     1
102
RTVSPropertyOp19
 70
     1
102
RTVSPropertyOp20
 70
     1
102
RTVSPropertyOp21
 70
     1
102
RTVSPropertyOp22
 70
     1
102
RTVSPropertyOp23
 70
     1
102
RTVSPropertyOp24
 70
     1
102
RTVSPropertyOp25
 70
     1
102
RTVSPropertyOp26
 70
     1
102
RTVSPropertyOp27
 70
     1
102
RTVSPropertyOp28
 70
     1
102
RTVSPropertyOp29
 70
     1
102
RTVSPropertyOp30
 70
     1
102
RTVSPropertyOp31
 70
     1
102
RTVSPropertyOp32
 70
     1
102
RTVSPropertyOp33
 70
     1
102
RTVSPropertyOp34
 70
     1
102
RTVSPropertyOp35
 70
     1
102
RTVSPropertyOp36
 70
     1
102
RTVSPropertyOp37
 70
     1
102
RTVSPropertyOp38
 70
     1
102
RTVSPropertyOp39
 70
     1
102
RTVSPropertyOp40
 70
     1
102
RTVSPropertyOp41
 70
     1
102
RTVSPropertyOp42
 70
     1
102
RTVSPropertyOp43
 70
     1
102
RTVSPropertyOp44
 70
     1
102
RTVSPropertyOp45
 70
     1
102
RTVSPropertyOp46
 70
     1
102
RTVSPropertyOp47
 70
     1
102
RTVSPropertyOp48
 70
     1
102
RTVSPropertyOp49
 70
     1
102
RTVSPropertyOp50
 70
     1
102
RTVSPropertyOp51
 70
     0
102
RTVSPropertyOp52
 70
     0
102
RTVSPropertyOp53
 70
     1
102
RTVSPropertyOp54
 70
     1
102
RTVSPropertyOp55
 70
     1
102
RTVSPropertyOp56
 70
     1
102
RTVSPropertyOp57
 70
     1
102
RTVSPost2010Prop28
280
     0
102
RTVSPost2010PropOp28
 70
     1
102
RTVSPost2010Prop29
280
     1
102
RTVSPost2010PropOp29
 70
     1
102
RTVSPost2010Prop30
280
     1
102
RTVSPost2010PropOp30
 70
     1
102
RTVSPost2010Prop31
280
     0
102
RTVSPost2010PropOp31
 70
     1
102
RTVSPost2010Prop32
280
     0
102
RTVSPost2010PropOp32
 70
     1
102
RTVSPost2010Prop33
280
     0
102
RTVSPost2010PropOp33
 70
     1
102
RTVSPost2010Prop34
280
     0
102
RTVSPost2010PropOp34
 70
     1
102
RTVSPost2010Prop35
280
     0
102
RTVSPost2010PropOp35
 70
     1
102
RTVSPost2010Prop36
280
     0
102
RTVSPost2010PropOp36
 70
     1
102
RTVSPost2010Prop37
 90
       50
102
RTVSPost2010PropOp37
 70
     1
102
RTVSPost2010Prop38
140
0.0
102
RTVSPost2010PropOp38
 70
     1
102
RTVSPost2010Prop39
140
1.0
102
RTVSPost2010PropOp39
 70
     1
102
RTVSPost2010Prop40
 90
        0
102
RTVSPost2010PropOp40
 70
     1
102
RTVSPost2010Prop41ColorIndex
 90
       18
102
RTVSPost2010Prop41ColorRGB
 90
        0
102
RTVSPost2010PropOp41
 70
     1
102
RTVSPost2010Prop42
 90
       50
102
RTVSPost2010PropOp42
 70
     1
102
RTVSPost2010Prop43
 90
        3
102
RTVSPost2010PropOp43
 70
     1
102
RTVSPost2010Prop44ColorIndex
 90
        5
102
RTVSPost2010Prop44ColorRGB
 90
      255
102
RTVSPost2010PropOp44
 70
     1
102
RTVSPost2010Prop45
280
     0
102
RTVSPost2010PropOp45
 70
     1
102
RTVSPost2010Prop46
 90
       50
102
RTVSPost2010PropOp46
 70
     1
102
RTVSPost2010Prop47
 90
       50
102
RTVSPost2010PropOp47
 70
     1
102
RTVSPost2010Prop48
 90
       50
102
RTVSPost2010PropOp48
 70
     1
102
RTVSPost2010Prop49
280
     0
102
RTVSPost2010PropOp49
 70
     1
102
RTVSPost2010Prop50
 90
       50
102
RTVSPost2010PropOp50
 70
     1
102
RTVSPost2010Prop51ColorIndex
 90
      256
102
RTVSPost2010Prop51ColorRGB
 90
-16777216
102
RTVSPost2010PropOp51
 70
     0
102
RTVSPost2010Prop52
140
1.0
102
RTVSPost2010PropOp52
 70
     0
102
RTVSPost2010Prop53
 90
        2
102
RTVSPost2010PropOp53
 70
     1
102
RTVSPost2010Prop54
  1
strokes_ogs.tif
102
RTVSPost2010PropOp54
 70
     1
102
RTVSPost2010Prop55
280
     0
102
RTVSPost2010PropOp55
 70
     1
102
RTVSPost2010Prop56
140
1.0
102
RTVSPost2010PropOp56
 70
     1
102
RTVSPost2010Prop57
140
1.0
102
RTVSPost2010PropOp57
 70
     1
  0
XRECORD
  5
5AE
102
{ACAD_REACTORS
330
5AD
102
}
330
5AD
100
AcDbXrecord
280
     1
102
RTVSPropertyOp0
 70
     1
102
RTVSPropertyOp1
 70
     1
102
RTVSPropertyOp2
 70
     1
102
RTVSPropertyOp3
 70
     1
102
RTVSPropertyOp4
 70
     1
102
RTVSPropertyOp5
 70
     1
102
RTVSPropertyOp6
 70
     1
102
RTVSPropertyOp7
 70
     1
102
RTVSPropertyOp8
 70
     1
102
RTVSPropertyOp9
 70
     1
102
RTVSPropertyOp10
 70
     1
102
RTVSPropertyOp11
 70
     1
102
RTVSPropertyOp12
 70
     1
102
RTVSPropertyOp13
 70
     1
102
RTVSPropertyOp14
 70
     1
102
RTVSPropertyOp15
 70
     1
102
RTVSPropertyOp16
 70
     1
102
RTVSPropertyOp17
 70
     1
102
RTVSPropertyOp18
 70
     1
102
RTVSPropertyOp19
 70
     1
102
RTVSPropertyOp20
 70
     1
102
RTVSPropertyOp21
 70
     1
102
RTVSPropertyOp22
 70
     1
102
RTVSPropertyOp23
 70
     1
102
RTVSPropertyOp24
 70
     1
102
RTVSPropertyOp25
 70
     1
102
RTVSPropertyOp26
 70
     1
102
RTVSPropertyOp27
 70
     1
102
RTVSPropertyOp28
 70
     1
102
RTVSPropertyOp29
 70
     1
102
RTVSPropertyOp30
 70
     1
102
RTVSPropertyOp31
 70
     1
102
RTVSPropertyOp32
 70
     1
102
RTVSPropertyOp33
 70
     1
102
RTVSPropertyOp34
 70
     1
102
RTVSPropertyOp35
 70
     1
102
RTVSPropertyOp36
 70
     1
102
RTVSPropertyOp37
 70
     1
102
RTVSPropertyOp38
 70
     1
102
RTVSPropertyOp39
 70
     1
102
RTVSPropertyOp40
 70
     1
102
RTVSPropertyOp41
 70
     1
102
RTVSPropertyOp42
 70
     1
102
RTVSPropertyOp43
 70
     1
102
RTVSPropertyOp44
 70
     1
102
RTVSPropertyOp45
 70
     1
102
RTVSPropertyOp46
 70
     1
102
RTVSPropertyOp47
 70
     1
102
RTVSPropertyOp48
 70
     1
102
RTVSPropertyOp49
 70
     1
102
RTVSPropertyOp50
 70
     1
102
RTVSPropertyOp51
 70
     0
102
RTVSPropertyOp52
 70
     0
102
RTVSPropertyOp53
 70
     1
102
RTVSPropertyOp54
 70
     1
102
RTVSPropertyOp55
 70
     1
102
RTVSPropertyOp56
 70
     1
102
RTVSPropertyOp57
 70
     1
102
RTVSPost2010Prop28
280
     0
102
RTVSPost2010PropOp28
 70
     1
102
RTVSPost2010Prop29
280
     1
102
RTVSPost2010PropOp29
 70
     1
102
RTVSPost2010Prop30
280
     1
102
RTVSPost2010PropOp30
 70
     1
102
RTVSPost2010Prop31
280
     0
102
RTVSPost2010PropOp31
 70
     1
102
RTVSPost2010Prop32
280
     0
102
RTVSPost2010PropOp32
 70
     1
102
RTVSPost2010Prop33
280
     0
102
RTVSPost2010PropOp33
 70
     1
102
RTVSPost2010Prop34
280
     0
102
RTVSPost2010PropOp34
 70
     1
102
RTVSPost2010Prop35
280
     0
102
RTVSPost2010PropOp35
 70
     1
102
RTVSPost2010Prop36
280
     0
102
RTVSPost2010PropOp36
 70
     1
102
RTVSPost2010Prop37
 90
       50
102
RTVSPost2010PropOp37
 70
     1
102
RTVSPost2010Prop38
140
0.0
102
RTVSPost2010PropOp38
 70
     1
102
RTVSPost2010Prop39
140
1.0
102
RTVSPost2010PropOp39
 70
     1
102
RTVSPost2010Prop40
 90
        0
102
RTVSPost2010PropOp40
 70
     1
102
RTVSPost2010Prop41ColorIndex
 90
       18
102
RTVSPost2010Prop41ColorRGB
 90
        0
102
RTVSPost2010PropOp41
 70
     1
102
RTVSPost2010Prop42
 90
       50
102
RTVSPost2010PropOp42
 70
     1
102
RTVSPost2010Prop43
 90
        3
102
RTVSPost2010PropOp43
 70
     1
102
RTVSPost2010Prop44ColorIndex
 90
        5
102
RTVSPost2010Prop44ColorRGB
 90
      255
102
RTVSPost2010PropOp44
 70
     1
102
RTVSPost2010Prop45
280
     0
102
RTVSPost2010PropOp45
 70
     1
102
RTVSPost2010Prop46
 90
       50
102
RTVSPost2010PropOp46
 70
     1
102
RTVSPost2010Prop47
 90
       50
102
RTVSPost2010PropOp47
 70
     1
102
RTVSPost2010Prop48
 90
       50
102
RTVSPost2010PropOp48
 70
     1
102
RTVSPost2010Prop49
280
     0
102
RTVSPost2010PropOp49
 70
     1
102
RTVSPost2010Prop50
 90
       50
102
RTVSPost2010PropOp50
 70
     1
102
RTVSPost2010Prop51ColorIndex
 90
      256
102
RTVSPost2010Prop51ColorRGB
 90
-16777216
102
RTVSPost2010PropOp51
 70
     0
102
RTVSPost2010Prop52
140
1.0
102
RTVSPost2010PropOp52
 70
     0
102
RTVSPost2010Prop53
 90
        2
102
RTVSPost2010PropOp53
 70
     1
102
RTVSPost2010Prop54
  1
strokes_ogs.tif
102
RTVSPost2010PropOp54
 70
     1
102
RTVSPost2010Prop55
280
     0
102
RTVSPost2010PropOp55
 70
     1
102
RTVSPost2010Prop56
140
1.0
102
RTVSPost2010PropOp56
 70
     1
102
RTVSPost2010Prop57
140
1.0
102
RTVSPost2010PropOp57
 70
     1
  0
XRECORD
  5
5B6
102
{ACAD_REACTORS
330
5B5
102
}
330
5B5
100
AcDbXrecord
280
     1
102
RTVSPropertyOp0
 70
     1
102
RTVSPropertyOp1
 70
     1
102
RTVSPropertyOp2
 70
     1
102
RTVSPropertyOp3
 70
     1
102
RTVSPropertyOp4
 70
     1
102
RTVSPropertyOp5
 70
     1
102
RTVSPropertyOp6
 70
     1
102
RTVSPropertyOp7
 70
     1
102
RTVSPropertyOp8
 70
     1
102
RTVSPropertyOp9
 70
     1
102
RTVSPropertyOp10
 70
     1
102
RTVSPropertyOp11
 70
     1
102
RTVSPropertyOp12
 70
     1
102
RTVSPropertyOp13
 70
     1
102
RTVSPropertyOp14
 70
     1
102
RTVSPropertyOp15
 70
     1
102
RTVSPropertyOp16
 70
     1
102
RTVSPropertyOp17
 70
     1
102
RTVSPropertyOp18
 70
     1
102
RTVSPropertyOp19
 70
     1
102
RTVSPropertyOp20
 70
     1
102
RTVSPropertyOp21
 70
     1
102
RTVSPropertyOp22
 70
     1
102
RTVSPropertyOp23
 70
     1
102
RTVSPropertyOp24
 70
     1
102
RTVSPropertyOp25
 70
     1
102
RTVSPropertyOp26
 70
     1
102
RTVSPropertyOp27
 70
     1
102
RTVSPropertyOp28
 70
     1
102
RTVSPropertyOp29
 70
     1
102
RTVSPropertyOp30
 70
     1
102
RTVSPropertyOp31
 70
     1
102
RTVSPropertyOp32
 70
     1
102
RTVSPropertyOp33
 70
     1
102
RTVSPropertyOp34
 70
     1
102
RTVSPropertyOp35
 70
     1
102
RTVSPropertyOp36
 70
     1
102
RTVSPropertyOp37
 70
     1
102
RTVSPropertyOp38
 70
     1
102
RTVSPropertyOp39
 70
     1
102
RTVSPropertyOp40
 70
     1
102
RTVSPropertyOp41
 70
     1
102
RTVSPropertyOp42
 70
     1
102
RTVSPropertyOp43
 70
     1
102
RTVSPropertyOp44
 70
     1
102
RTVSPropertyOp45
 70
     1
102
RTVSPropertyOp46
 70
     1
102
RTVSPropertyOp47
 70
     1
102
RTVSPropertyOp48
 70
     1
102
RTVSPropertyOp49
 70
     1
102
RTVSPropertyOp50
 70
     1
102
RTVSPropertyOp51
 70
     0
102
RTVSPropertyOp52
 70
     0
102
RTVSPropertyOp53
 70
     1
102
RTVSPropertyOp54
 70
     1
102
RTVSPropertyOp55
 70
     1
102
RTVSPropertyOp56
 70
     1
102
RTVSPropertyOp57
 70
     1
102
RTVSPost2010Prop28
280
     0
102
RTVSPost2010PropOp28
 70
     1
102
RTVSPost2010Prop29
280
     1
102
RTVSPost2010PropOp29
 70
     1
102
RTVSPost2010Prop30
280
     1
102
RTVSPost2010PropOp30
 70
     1
102
RTVSPost2010Prop31
280
     0
102
RTVSPost2010PropOp31
 70
     1
102
RTVSPost2010Prop32
280
     0
102
RTVSPost2010PropOp32
 70
     1
102
RTVSPost2010Prop33
280
     0
102
RTVSPost2010PropOp33
 70
     1
102
RTVSPost2010Prop34
280
     0
102
RTVSPost2010PropOp34
 70
     1
102
RTVSPost2010Prop35
280
     0
102
RTVSPost2010PropOp35
 70
     1
102
RTVSPost2010Prop36
280
     0
102
RTVSPost2010PropOp36
 70
     1
102
RTVSPost2010Prop37
 90
       50
102
RTVSPost2010PropOp37
 70
     1
102
RTVSPost2010Prop38
140
0.0
102
RTVSPost2010PropOp38
 70
     1
102
RTVSPost2010Prop39
140
1.0
102
RTVSPost2010PropOp39
 70
     1
102
RTVSPost2010Prop40
 90
        0
102
RTVSPost2010PropOp40
 70
     1
102
RTVSPost2010Prop41ColorIndex
 90
       18
102
RTVSPost2010Prop41ColorRGB
 90
        0
102
RTVSPost2010PropOp41
 70
     1
102
RTVSPost2010Prop42
 90
       50
102
RTVSPost2010PropOp42
 70
     1
102
RTVSPost2010Prop43
 90
        3
102
RTVSPost2010PropOp43
 70
     1
102
RTVSPost2010Prop44ColorIndex
 90
        5
102
RTVSPost2010Prop44ColorRGB
 90
      255
102
RTVSPost2010PropOp44
 70
     1
102
RTVSPost2010Prop45
280
     0
102
RTVSPost2010PropOp45
 70
     1
102
RTVSPost2010Prop46
 90
       50
102
RTVSPost2010PropOp46
 70
     1
102
RTVSPost2010Prop47
 90
       50
102
RTVSPost2010PropOp47
 70
     1
102
RTVSPost2010Prop48
 90
       50
102
RTVSPost2010PropOp48
 70
     1
102
RTVSPost2010Prop49
280
     0
102
RTVSPost2010PropOp49
 70
     1
102
RTVSPost2010Prop50
 90
       50
102
RTVSPost2010PropOp50
 70
     1
102
RTVSPost2010Prop51ColorIndex
 90
      256
102
RTVSPost2010Prop51ColorRGB
 90
-16777216
102
RTVSPost2010PropOp51
 70
     0
102
RTVSPost2010Prop52
140
1.0
102
RTVSPost2010PropOp52
 70
     0
102
RTVSPost2010Prop53
 90
        2
102
RTVSPost2010PropOp53
 70
     1
102
RTVSPost2010Prop54
  1
strokes_ogs.tif
102
RTVSPost2010PropOp54
 70
     1
102
RTVSPost2010Prop55
280
     0
102
RTVSPost2010PropOp55
 70
     1
102
RTVSPost2010Prop56
140
1.0
102
RTVSPost2010PropOp56
 70
     1
102
RTVSPost2010Prop57
140
1.0
102
RTVSPost2010PropOp57
 70
     1
  0
XRECORD
  5
5AA
102
{ACAD_REACTORS
330
5A9
102
}
330
5A9
100
AcDbXrecord
280
     1
102
RTVSPropertyOp0
 70
     1
102
RTVSPropertyOp1
 70
     1
102
RTVSPropertyOp2
 70
     1
102
RTVSPropertyOp3
 70
     1
102
RTVSPropertyOp4
 70
     1
102
RTVSPropertyOp5
 70
     1
102
RTVSPropertyOp6
 70
     1
102
RTVSPropertyOp7
 70
     1
102
RTVSPropertyOp8
 70
     1
102
RTVSPropertyOp9
 70
     1
102
RTVSPropertyOp10
 70
     1
102
RTVSPropertyOp11
 70
     1
102
RTVSPropertyOp12
 70
     1
102
RTVSPropertyOp13
 70
     1
102
RTVSPropertyOp14
 70
     1
102
RTVSPropertyOp15
 70
     1
102
RTVSPropertyOp16
 70
     1
102
RTVSPropertyOp17
 70
     1
102
RTVSPropertyOp18
 70
     1
102
RTVSPropertyOp19
 70
     1
102
RTVSPropertyOp20
 70
     1
102
RTVSPropertyOp21
 70
     1
102
RTVSPropertyOp22
 70
     1
102
RTVSPropertyOp23
 70
     1
102
RTVSPropertyOp24
 70
     1
102
RTVSPropertyOp25
 70
     1
102
RTVSPropertyOp26
 70
     1
102
RTVSPropertyOp27
 70
     1
102
RTVSPropertyOp28
 70
     1
102
RTVSPropertyOp29
 70
     1
102
RTVSPropertyOp30
 70
     1
102
RTVSPropertyOp31
 70
     1
102
RTVSPropertyOp32
 70
     1
102
RTVSPropertyOp33
 70
     1
102
RTVSPropertyOp34
 70
     1
102
RTVSPropertyOp35
 70
     1
102
RTVSPropertyOp36
 70
     1
102
RTVSPropertyOp37
 70
     1
102
RTVSPropertyOp38
 70
     1
102
RTVSPropertyOp39
 70
     1
102
RTVSPropertyOp40
 70
     1
102
RTVSPropertyOp41
 70
     1
102
RTVSPropertyOp42
 70
     1
102
RTVSPropertyOp43
 70
     1
102
RTVSPropertyOp44
 70
     1
102
RTVSPropertyOp45
 70
     1
102
RTVSPropertyOp46
 70
     1
102
RTVSPropertyOp47
 70
     1
102
RTVSPropertyOp48
 70
     1
102
RTVSPropertyOp49
 70
     1
102
RTVSPropertyOp50
 70
     1
102
RTVSPropertyOp51
 70
     0
102
RTVSPropertyOp52
 70
     0
102
RTVSPropertyOp53
 70
     1
102
RTVSPropertyOp54
 70
     1
102
RTVSPropertyOp55
 70
     1
102
RTVSPropertyOp56
 70
     1
102
RTVSPropertyOp57
 70
     1
102
RTVSPost2010Prop28
280
     0
102
RTVSPost2010PropOp28
 70
     1
102
RTVSPost2010Prop29
280
     1
102
RTVSPost2010PropOp29
 70
     1
102
RTVSPost2010Prop30
280
     1
102
RTVSPost2010PropOp30
 70
     1
102
RTVSPost2010Prop31
280
     0
102
RTVSPost2010PropOp31
 70
     1
102
RTVSPost2010Prop32
280
     0
102
RTVSPost2010PropOp32
 70
     1
102
RTVSPost2010Prop33
280
     0
102
RTVSPost2010PropOp33
 70
     1
102
RTVSPost2010Prop34
280
     0
102
RTVSPost2010PropOp34
 70
     1
102
RTVSPost2010Prop35
280
     0
102
RTVSPost2010PropOp35
 70
     1
102
RTVSPost2010Prop36
280
     0
102
RTVSPost2010PropOp36
 70
     1
102
RTVSPost2010Prop37
 90
       50
102
RTVSPost2010PropOp37
 70
     1
102
RTVSPost2010Prop38
140
0.0
102
RTVSPost2010PropOp38
 70
     1
102
RTVSPost2010Prop39
140
1.0
102
RTVSPost2010PropOp39
 70
     1
102
RTVSPost2010Prop40
 90
        0
102
RTVSPost2010PropOp40
 70
     1
102
RTVSPost2010Prop41ColorIndex
 90
       18
102
RTVSPost2010Prop41ColorRGB
 90
        0
102
RTVSPost2010PropOp41
 70
     1
102
RTVSPost2010Prop42
 90
       50
102
RTVSPost2010PropOp42
 70
     1
102
RTVSPost2010Prop43
 90
        3
102
RTVSPost2010PropOp43
 70
     1
102
RTVSPost2010Prop44ColorIndex
 90
        5
102
RTVSPost2010Prop44ColorRGB
 90
      255
102
RTVSPost2010PropOp44
 70
     1
102
RTVSPost2010Prop45
280
     0
102
RTVSPost2010PropOp45
 70
     1
102
RTVSPost2010Prop46
 90
       50
102
RTVSPost2010PropOp46
 70
     1
102
RTVSPost2010Prop47
 90
       50
102
RTVSPost2010PropOp47
 70
     1
102
RTVSPost2010Prop48
 90
       50
102
RTVSPost2010PropOp48
 70
     1
102
RTVSPost2010Prop49
280
     0
102
RTVSPost2010PropOp49
 70
     1
102
RTVSPost2010Prop50
 90
       50
102
RTVSPost2010PropOp50
 70
     1
102
RTVSPost2010Prop51ColorIndex
 90
      256
102
RTVSPost2010Prop51ColorRGB
 90
-16777216
102
RTVSPost2010PropOp51
 70
     0
102
RTVSPost2010Prop52
140
1.0
102
RTVSPost2010PropOp52
 70
     0
102
RTVSPost2010Prop53
 90
        2
102
RTVSPost2010PropOp53
 70
     1
102
RTVSPost2010Prop54
  1
strokes_ogs.tif
102
RTVSPost2010PropOp54
 70
     1
102
RTVSPost2010Prop55
280
     0
102
RTVSPost2010PropOp55
 70
     1
102
RTVSPost2010Prop56
140
1.0
102
RTVSPost2010PropOp56
 70
     1
102
RTVSPost2010Prop57
140
1.0
102
RTVSPost2010PropOp57
 70
     1
  0
XRECORD
  5
5AC
102
{ACAD_REACTORS
330
5AB
102
}
330
5AB
100
AcDbXrecord
280
     1
102
RTVSPropertyOp0
 70
     1
102
RTVSPropertyOp1
 70
     1
102
RTVSPropertyOp2
 70
     1
102
RTVSPropertyOp3
 70
     1
102
RTVSPropertyOp4
 70
     1
102
RTVSPropertyOp5
 70
     1
102
RTVSPropertyOp6
 70
     1
102
RTVSPropertyOp7
 70
     1
102
RTVSPropertyOp8
 70
     1
102
RTVSPropertyOp9
 70
     1
102
RTVSPropertyOp10
 70
     1
102
RTVSPropertyOp11
 70
     1
102
RTVSPropertyOp12
 70
     1
102
RTVSPropertyOp13
 70
     1
102
RTVSPropertyOp14
 70
     1
102
RTVSPropertyOp15
 70
     1
102
RTVSPropertyOp16
 70
     1
102
RTVSPropertyOp17
 70
     1
102
RTVSPropertyOp18
 70
     1
102
RTVSPropertyOp19
 70
     1
102
RTVSPropertyOp20
 70
     1
102
RTVSPropertyOp21
 70
     1
102
RTVSPropertyOp22
 70
     1
102
RTVSPropertyOp23
 70
     1
102
RTVSPropertyOp24
 70
     1
102
RTVSPropertyOp25
 70
     1
102
RTVSPropertyOp26
 70
     1
102
RTVSPropertyOp27
 70
     1
102
RTVSPropertyOp28
 70
     1
102
RTVSPropertyOp29
 70
     1
102
RTVSPropertyOp30
 70
     1
102
RTVSPropertyOp31
 70
     1
102
RTVSPropertyOp32
 70
     1
102
RTVSPropertyOp33
 70
     1
102
RTVSPropertyOp34
 70
     1
102
RTVSPropertyOp35
 70
     1
102
RTVSPropertyOp36
 70
     1
102
RTVSPropertyOp37
 70
     1
102
RTVSPropertyOp38
 70
     1
102
RTVSPropertyOp39
 70
     1
102
RTVSPropertyOp40
 70
     1
102
RTVSPropertyOp41
 70
     1
102
RTVSPropertyOp42
 70
     1
102
RTVSPropertyOp43
 70
     1
102
RTVSPropertyOp44
 70
     1
102
RTVSPropertyOp45
 70
     1
102
RTVSPropertyOp46
 70
     1
102
RTVSPropertyOp47
 70
     1
102
RTVSPropertyOp48
 70
     1
102
RTVSPropertyOp49
 70
     1
102
RTVSPropertyOp50
 70
     1
102
RTVSPropertyOp51
 70
     0
102
RTVSPropertyOp52
 70
     0
102
RTVSPropertyOp53
 70
     1
102
RTVSPropertyOp54
 70
     1
102
RTVSPropertyOp55
 70
     1
102
RTVSPropertyOp56
 70
     1
102
RTVSPropertyOp57
 70
     1
102
RTVSPost2010Prop28
280
     0
102
RTVSPost2010PropOp28
 70
     1
102
RTVSPost2010Prop29
280
     1
102
RTVSPost2010PropOp29
 70
     1
102
RTVSPost2010Prop30
280
     1
102
RTVSPost2010PropOp30
 70
     1
102
RTVSPost2010Prop31
280
     0
102
RTVSPost2010PropOp31
 70
     1
102
RTVSPost2010Prop32
280
     0
102
RTVSPost2010PropOp32
 70
     1
102
RTVSPost2010Prop33
280
     0
102
RTVSPost2010PropOp33
 70
     1
102
RTVSPost2010Prop34
280
     0
102
RTVSPost2010PropOp34
 70
     1
102
RTVSPost2010Prop35
280
     0
102
RTVSPost2010PropOp35
 70
     1
102
RTVSPost2010Prop36
280
     0
102
RTVSPost2010PropOp36
 70
     1
102
RTVSPost2010Prop37
 90
       50
102
RTVSPost2010PropOp37
 70
     1
102
RTVSPost2010Prop38
140
0.0
102
RTVSPost2010PropOp38
 70
     1
102
RTVSPost2010Prop39
140
1.0
102
RTVSPost2010PropOp39
 70
     1
102
RTVSPost2010Prop40
 90
        0
102
RTVSPost2010PropOp40
 70
     1
102
RTVSPost2010Prop41ColorIndex
 90
       18
102
RTVSPost2010Prop41ColorRGB
 90
        0
102
RTVSPost2010PropOp41
 70
     1
102
RTVSPost2010Prop42
 90
       50
102
RTVSPost2010PropOp42
 70
     1
102
RTVSPost2010Prop43
 90
        3
102
RTVSPost2010PropOp43
 70
     1
102
RTVSPost2010Prop44ColorIndex
 90
        5
102
RTVSPost2010Prop44ColorRGB
 90
      255
102
RTVSPost2010PropOp44
 70
     1
102
RTVSPost2010Prop45
280
     0
102
RTVSPost2010PropOp45
 70
     1
102
RTVSPost2010Prop46
 90
       50
102
RTVSPost2010PropOp46
 70
     1
102
RTVSPost2010Prop47
 90
       50
102
RTVSPost2010PropOp47
 70
     1
102
RTVSPost2010Prop48
 90
       50
102
RTVSPost2010PropOp48
 70
     1
102
RTVSPost2010Prop49
280
     0
102
RTVSPost2010PropOp49
 70
     1
102
RTVSPost2010Prop50
 90
       50
102
RTVSPost2010PropOp50
 70
     1
102
RTVSPost2010Prop51ColorIndex
 90
      256
102
RTVSPost2010Prop51ColorRGB
 90
-16777216
102
RTVSPost2010PropOp51
 70
     0
102
RTVSPost2010Prop52
140
1.0
102
RTVSPost2010PropOp52
 70
     0
102
RTVSPost2010Prop53
 90
        2
102
RTVSPost2010PropOp53
 70
     1
102
RTVSPost2010Prop54
  1
strokes_ogs.tif
102
RTVSPost2010PropOp54
 70
     1
102
RTVSPost2010Prop55
280
     0
102
RTVSPost2010PropOp55
 70
     1
102
RTVSPost2010Prop56
140
1.0
102
RTVSPost2010PropOp56
 70
     1
102
RTVSPost2010Prop57
140
1.0
102
RTVSPost2010PropOp57
 70
     1
  0
XRECORD
  5
5BC
102
{ACAD_REACTORS
330
5BB
102
}
330
5BB
100
AcDbXrecord
280
     1
102
RTVSPropertyOp0
 70
     0
102
RTVSPropertyOp1
 70
     0
102
RTVSPropertyOp2
 70
     0
102
RTVSPropertyOp3
 70
     0
102
RTVSPropertyOp4
 70
     0
102
RTVSPropertyOp5
 70
     0
102
RTVSPropertyOp6
 70
     0
102
RTVSPropertyOp7
 70
     0
102
RTVSPropertyOp8
 70
     0
102
RTVSPropertyOp9
 70
     0
102
RTVSPropertyOp10
 70
     0
102
RTVSPropertyOp11
 70
     0
102
RTVSPropertyOp12
 70
     0
102
RTVSPropertyOp13
 70
     0
102
RTVSPropertyOp14
 70
     2
102
RTVSPropertyOp15
 70
     0
102
RTVSPropertyOp16
 70
     0
102
RTVSPropertyOp17
 70
     0
102
RTVSPropertyOp18
 70
     0
102
RTVSPropertyOp19
 70
     0
102
RTVSPropertyOp20
 70
     0
102
RTVSPropertyOp21
 70
     0
102
RTVSPropertyOp22
 70
     0
102
RTVSPropertyOp23
 70
     0
102
RTVSPropertyOp24
 70
     0
102
RTVSPropertyOp25
 70
     0
102
RTVSPropertyOp26
 70
     0
102
RTVSPropertyOp27
 70
     0
102
RTVSPropertyOp28
 70
     0
102
RTVSPropertyOp29
 70
     0
102
RTVSPropertyOp30
 70
     0
102
RTVSPropertyOp31
 70
     0
102
RTVSPropertyOp32
 70
     0
102
RTVSPropertyOp33
 70
     0
102
RTVSPropertyOp34
 70
     0
102
RTVSPropertyOp35
 70
     0
102
RTVSPropertyOp36
 70
     0
102
RTVSPropertyOp37
 70
     0
102
RTVSPropertyOp38
 70
     0
102
RTVSPropertyOp39
 70
     0
102
RTVSPropertyOp40
 70
     0
102
RTVSPropertyOp41
 70
     0
102
RTVSPropertyOp42
 70
     0
102
RTVSPropertyOp43
 70
     0
102
RTVSPropertyOp44
 70
     0
102
RTVSPropertyOp45
 70
     0
102
RTVSPropertyOp46
 70
     0
102
RTVSPropertyOp47
 70
     0
102
RTVSPropertyOp48
 70
     0
102
RTVSPropertyOp49
 70
     0
102
RTVSPropertyOp50
 70
     0
102
RTVSPropertyOp51
 70
     0
102
RTVSPropertyOp52
 70
     0
102
RTVSPropertyOp53
 70
     0
102
RTVSPropertyOp54
 70
     0
102
RTVSPropertyOp55
 70
     0
102
RTVSPropertyOp56
 70
     0
102
RTVSPropertyOp57
 70
     0
102
RTVSPost2010Prop28
280
     0
102
RTVSPost2010PropOp28
 70
     0
102
RTVSPost2010Prop29
280
     1
102
RTVSPost2010PropOp29
 70
     0
102
RTVSPost2010Prop30
280
     1
102
RTVSPost2010PropOp30
 70
     0
102
RTVSPost2010Prop31
280
     0
102
RTVSPost2010PropOp31
 70
     0
102
RTVSPost2010Prop32
280
     0
102
RTVSPost2010PropOp32
 70
     0
102
RTVSPost2010Prop33
280
     0
102
RTVSPost2010PropOp33
 70
     0
102
RTVSPost2010Prop34
280
     0
102
RTVSPost2010PropOp34
 70
     0
102
RTVSPost2010Prop35
280
     0
102
RTVSPost2010PropOp35
 70
     0
102
RTVSPost2010Prop36
280
     0
102
RTVSPost2010PropOp36
 70
     0
102
RTVSPost2010Prop37
 90
       50
102
RTVSPost2010PropOp37
 70
     0
102
RTVSPost2010Prop38
140
0.0
102
RTVSPost2010PropOp38
 70
     0
102
RTVSPost2010Prop39
140
1.0
102
RTVSPost2010PropOp39
 70
     0
102
RTVSPost2010Prop40
 90
        0
102
RTVSPost2010PropOp40
 70
     0
102
RTVSPost2010Prop41ColorIndex
 90
       18
102
RTVSPost2010Prop41ColorRGB
 90
        0
102
RTVSPost2010PropOp41
 70
     0
102
RTVSPost2010Prop42
 90
       50
102
RTVSPost2010PropOp42
 70
     0
102
RTVSPost2010Prop43
 90
        3
102
RTVSPost2010PropOp43
 70
     0
102
RTVSPost2010Prop44ColorIndex
 90
        5
102
RTVSPost2010Prop44ColorRGB
 90
      255
102
RTVSPost2010PropOp44
 70
     0
102
RTVSPost2010Prop45
280
     0
102
RTVSPost2010PropOp45
 70
     0
102
RTVSPost2010Prop46
 90
       50
102
RTVSPost2010PropOp46
 70
     0
102
RTVSPost2010Prop47
 90
       50
102
RTVSPost2010PropOp47
 70
     0
102
RTVSPost2010Prop48
 90
       50
102
RTVSPost2010PropOp48
 70
     0
102
RTVSPost2010Prop49
280
     0
102
RTVSPost2010PropOp49
 70
     0
102
RTVSPost2010Prop50
 90
       50
102
RTVSPost2010PropOp50
 70
     0
102
RTVSPost2010Prop51ColorIndex
 90
      256
102
RTVSPost2010Prop51ColorRGB
 90
-16777216
102
RTVSPost2010PropOp51
 70
     0
102
RTVSPost2010Prop52
140
1.0
102
RTVSPost2010PropOp52
 70
     0
102
RTVSPost2010Prop53
 90
        2
102
RTVSPost2010PropOp53
 70
     0
102
RTVSPost2010Prop54
  1
strokes_ogs.tif
102
RTVSPost2010PropOp54
 70
     0
102
RTVSPost2010Prop55
280
     0
102
RTVSPost2010PropOp55
 70
     0
102
RTVSPost2010Prop56
140
1.0
102
RTVSPost2010PropOp56
 70
     0
102
RTVSPost2010Prop57
140
1.0
102
RTVSPost2010PropOp57
 70
     0
  0
XRECORD
  5
5B4
102
{ACAD_REACTORS
330
5B3
102
}
330
5B3
100
AcDbXrecord
280
     1
102
RTVSPropertyOp0
 70
     1
102
RTVSPropertyOp1
 70
     1
102
RTVSPropertyOp2
 70
     1
102
RTVSPropertyOp3
 70
     1
102
RTVSPropertyOp4
 70
     1
102
RTVSPropertyOp5
 70
     1
102
RTVSPropertyOp6
 70
     1
102
RTVSPropertyOp7
 70
     1
102
RTVSPropertyOp8
 70
     1
102
RTVSPropertyOp9
 70
     1
102
RTVSPropertyOp10
 70
     1
102
RTVSPropertyOp11
 70
     1
102
RTVSPropertyOp12
 70
     1
102
RTVSPropertyOp13
 70
     1
102
RTVSPropertyOp14
 70
     1
102
RTVSPropertyOp15
 70
     1
102
RTVSPropertyOp16
 70
     1
102
RTVSPropertyOp17
 70
     1
102
RTVSPropertyOp18
 70
     1
102
RTVSPropertyOp19
 70
     1
102
RTVSPropertyOp20
 70
     1
102
RTVSPropertyOp21
 70
     1
102
RTVSPropertyOp22
 70
     1
102
RTVSPropertyOp23
 70
     1
102
RTVSPropertyOp24
 70
     1
102
RTVSPropertyOp25
 70
     1
102
RTVSPropertyOp26
 70
     1
102
RTVSPropertyOp27
 70
     1
102
RTVSPropertyOp28
 70
     1
102
RTVSPropertyOp29
 70
     1
102
RTVSPropertyOp30
 70
     1
102
RTVSPropertyOp31
 70
     1
102
RTVSPropertyOp32
 70
     1
102
RTVSPropertyOp33
 70
     1
102
RTVSPropertyOp34
 70
     1
102
RTVSPropertyOp35
 70
     1
102
RTVSPropertyOp36
 70
     1
102
RTVSPropertyOp37
 70
     1
102
RTVSPropertyOp38
 70
     1
102
RTVSPropertyOp39
 70
     1
102
RTVSPropertyOp40
 70
     1
102
RTVSPropertyOp41
 70
     1
102
RTVSPropertyOp42
 70
     1
102
RTVSPropertyOp43
 70
     1
102
RTVSPropertyOp44
 70
     1
102
RTVSPropertyOp45
 70
     1
102
RTVSPropertyOp46
 70
     1
102
RTVSPropertyOp47
 70
     1
102
RTVSPropertyOp48
 70
     1
102
RTVSPropertyOp49
 70
     1
102
RTVSPropertyOp50
 70
     1
102
RTVSPropertyOp51
 70
     0
102
RTVSPropertyOp52
 70
     0
102
RTVSPropertyOp53
 70
     1
102
RTVSPropertyOp54
 70
     1
102
RTVSPropertyOp55
 70
     1
102
RTVSPropertyOp56
 70
     1
102
RTVSPropertyOp57
 70
     1
102
RTVSPost2010Prop28
280
     0
102
RTVSPost2010PropOp28
 70
     1
102
RTVSPost2010Prop29
280
     1
102
RTVSPost2010PropOp29
 70
     1
102
RTVSPost2010Prop30
280
     1
102
RTVSPost2010PropOp30
 70
     1
102
RTVSPost2010Prop31
280
     0
102
RTVSPost2010PropOp31
 70
     1
102
RTVSPost2010Prop32
280
     0
102
RTVSPost2010PropOp32
 70
     1
102
RTVSPost2010Prop33
280
     0
102
RTVSPost2010PropOp33
 70
     1
102
RTVSPost2010Prop34
280
     0
102
RTVSPost2010PropOp34
 70
     1
102
RTVSPost2010Prop35
280
     0
102
RTVSPost2010PropOp35
 70
     1
102
RTVSPost2010Prop36
280
     0
102
RTVSPost2010PropOp36
 70
     1
102
RTVSPost2010Prop37
 90
       50
102
RTVSPost2010PropOp37
 70
     1
102
RTVSPost2010Prop38
140
0.0
102
RTVSPost2010PropOp38
 70
     1
102
RTVSPost2010Prop39
140
1.0
102
RTVSPost2010PropOp39
 70
     1
102
RTVSPost2010Prop40
 90
        0
102
RTVSPost2010PropOp40
 70
     1
102
RTVSPost2010Prop41ColorIndex
 90
       18
102
RTVSPost2010Prop41ColorRGB
 90
        0
102
RTVSPost2010PropOp41
 70
     1
102
RTVSPost2010Prop42
 90
       50
102
RTVSPost2010PropOp42
 70
     1
102
RTVSPost2010Prop43
 90
        3
102
RTVSPost2010PropOp43
 70
     1
102
RTVSPost2010Prop44ColorIndex
 90
        5
102
RTVSPost2010Prop44ColorRGB
 90
      255
102
RTVSPost2010PropOp44
 70
     1
102
RTVSPost2010Prop45
280
     0
102
RTVSPost2010PropOp45
 70
     1
102
RTVSPost2010Prop46
 90
       50
102
RTVSPost2010PropOp46
 70
     1
102
RTVSPost2010Prop47
 90
       50
102
RTVSPost2010PropOp47
 70
     1
102
RTVSPost2010Prop48
 90
       50
102
RTVSPost2010PropOp48
 70
     1
102
RTVSPost2010Prop49
280
     0
102
RTVSPost2010PropOp49
 70
     1
102
RTVSPost2010Prop50
 90
       50
102
RTVSPost2010PropOp50
 70
     1
102
RTVSPost2010Prop51ColorIndex
 90
      256
102
RTVSPost2010Prop51ColorRGB
 90
-16777216
102
RTVSPost2010PropOp51
 70
     0
102
RTVSPost2010Prop52
140
1.0
102
RTVSPost2010PropOp52
 70
     0
102
RTVSPost2010Prop53
 90
        2
102
RTVSPost2010PropOp53
 70
     1
102
RTVSPost2010Prop54
  1
strokes_ogs.tif
102
RTVSPost2010PropOp54
 70
     1
102
RTVSPost2010Prop55
280
     0
102
RTVSPost2010PropOp55
 70
     1
102
RTVSPost2010Prop56
140
1.0
102
RTVSPost2010PropOp56
 70
     1
102
RTVSPost2010Prop57
140
1.0
102
RTVSPost2010PropOp57
 70
     1
  0
XRECORD
  5
598
102
{ACAD_REACTORS
330
597
102
}
330
597
100
AcDbXrecord
280
     1
102
RTVSPropertyOp0
 70
     1
102
RTVSPropertyOp1
 70
     1
102
RTVSPropertyOp2
 70
     1
102
RTVSPropertyOp3
 70
     1
102
RTVSPropertyOp4
 70
     1
102
RTVSPropertyOp5
 70
     1
102
RTVSPropertyOp6
 70
     1
102
RTVSPropertyOp7
 70
     1
102
RTVSPropertyOp8
 70
     1
102
RTVSPropertyOp9
 70
     1
102
RTVSPropertyOp10
 70
     1
102
RTVSPropertyOp11
 70
     1
102
RTVSPropertyOp12
 70
     1
102
RTVSPropertyOp13
 70
     1
102
RTVSPropertyOp14
 70
     1
102
RTVSPropertyOp15
 70
     1
102
RTVSPropertyOp16
 70
     1
102
RTVSPropertyOp17
 70
     1
102
RTVSPropertyOp18
 70
     1
102
RTVSPropertyOp19
 70
     1
102
RTVSPropertyOp20
 70
     1
102
RTVSPropertyOp21
 70
     1
102
RTVSPropertyOp22
 70
     1
102
RTVSPropertyOp23
 70
     1
102
RTVSPropertyOp24
 70
     1
102
RTVSPropertyOp25
 70
     1
102
RTVSPropertyOp26
 70
     1
102
RTVSPropertyOp27
 70
     1
102
RTVSPropertyOp28
 70
     1
102
RTVSPropertyOp29
 70
     1
102
RTVSPropertyOp30
 70
     1
102
RTVSPropertyOp31
 70
     1
102
RTVSPropertyOp32
 70
     1
102
RTVSPropertyOp33
 70
     1
102
RTVSPropertyOp34
 70
     1
102
RTVSPropertyOp35
 70
     1
102
RTVSPropertyOp36
 70
     1
102
RTVSPropertyOp37
 70
     1
102
RTVSPropertyOp38
 70
     1
102
RTVSPropertyOp39
 70
     1
102
RTVSPropertyOp40
 70
     1
102
RTVSPropertyOp41
 70
     1
102
RTVSPropertyOp42
 70
     1
102
RTVSPropertyOp43
 70
     1
102
RTVSPropertyOp44
 70
     1
102
RTVSPropertyOp45
 70
     1
102
RTVSPropertyOp46
 70
     1
102
RTVSPropertyOp47
 70
     1
102
RTVSPropertyOp48
 70
     1
102
RTVSPropertyOp49
 70
     1
102
RTVSPropertyOp50
 70
     1
102
RTVSPropertyOp51
 70
     0
102
RTVSPropertyOp52
 70
     0
102
RTVSPropertyOp53
 70
     1
102
RTVSPropertyOp54
 70
     1
102
RTVSPropertyOp55
 70
     1
102
RTVSPropertyOp56
 70
     1
102
RTVSPropertyOp57
 70
     1
102
RTVSPost2010Prop28
280
     0
102
RTVSPost2010PropOp28
 70
     1
102
RTVSPost2010Prop29
280
     1
102
RTVSPost2010PropOp29
 70
     1
102
RTVSPost2010Prop30
280
     1
102
RTVSPost2010PropOp30
 70
     1
102
RTVSPost2010Prop31
280
     0
102
RTVSPost2010PropOp31
 70
     1
102
RTVSPost2010Prop32
280
     0
102
RTVSPost2010PropOp32
 70
     1
102
RTVSPost2010Prop33
280
     0
102
RTVSPost2010PropOp33
 70
     1
102
RTVSPost2010Prop34
280
     0
102
RTVSPost2010PropOp34
 70
     1
102
RTVSPost2010Prop35
280
     0
102
RTVSPost2010PropOp35
 70
     1
102
RTVSPost2010Prop36
280
     0
102
RTVSPost2010PropOp36
 70
     1
102
RTVSPost2010Prop37
 90
       50
102
RTVSPost2010PropOp37
 70
     1
102
RTVSPost2010Prop38
140
0.0
102
RTVSPost2010PropOp38
 70
     1
102
RTVSPost2010Prop39
140
1.0
102
RTVSPost2010PropOp39
 70
     1
102
RTVSPost2010Prop40
 90
        0
102
RTVSPost2010PropOp40
 70
     1
102
RTVSPost2010Prop41ColorIndex
 90
       18
102
RTVSPost2010Prop41ColorRGB
 90
        0
102
RTVSPost2010PropOp41
 70
     1
102
RTVSPost2010Prop42
 90
       50
102
RTVSPost2010PropOp42
 70
     1
102
RTVSPost2010Prop43
 90
        3
102
RTVSPost2010PropOp43
 70
     1
102
RTVSPost2010Prop44ColorIndex
 90
        5
102
RTVSPost2010Prop44ColorRGB
 90
      255
102
RTVSPost2010PropOp44
 70
     1
102
RTVSPost2010Prop45
280
     0
102
RTVSPost2010PropOp45
 70
     1
102
RTVSPost2010Prop46
 90
       50
102
RTVSPost2010PropOp46
 70
     1
102
RTVSPost2010Prop47
 90
       50
102
RTVSPost2010PropOp47
 70
     1
102
RTVSPost2010Prop48
 90
       50
102
RTVSPost2010PropOp48
 70
     1
102
RTVSPost2010Prop49
280
     0
102
RTVSPost2010PropOp49
 70
     1
102
RTVSPost2010Prop50
 90
       50
102
RTVSPost2010PropOp50
 70
     1
102
RTVSPost2010Prop51ColorIndex
 90
      256
102
RTVSPost2010Prop51ColorRGB
 90
-16777216
102
RTVSPost2010PropOp51
 70
     0
102
RTVSPost2010Prop52
140
1.0
102
RTVSPost2010PropOp52
 70
     0
102
RTVSPost2010Prop53
 90
        2
102
RTVSPost2010PropOp53
 70
     1
102
RTVSPost2010Prop54
  1
strokes_ogs.tif
102
RTVSPost2010PropOp54
 70
     1
102
RTVSPost2010Prop55
280
     0
102
RTVSPost2010PropOp55
 70
     1
102
RTVSPost2010Prop56
140
1.0
102
RTVSPost2010PropOp56
 70
     1
102
RTVSPost2010Prop57
140
1.0
102
RTVSPost2010PropOp57
 70
     1
  0
XRECORD
  5
59A
102
{ACAD_REACTORS
330
599
102
}
330
599
100
AcDbXrecord
280
     1
102
RTVSPropertyOp0
 70
     1
102
RTVSPropertyOp1
 70
     1
102
RTVSPropertyOp2
 70
     1
102
RTVSPropertyOp3
 70
     1
102
RTVSPropertyOp4
 70
     1
102
RTVSPropertyOp5
 70
     1
102
RTVSPropertyOp6
 70
     1
102
RTVSPropertyOp7
 70
     1
102
RTVSPropertyOp8
 70
     1
102
RTVSPropertyOp9
 70
     1
102
RTVSPropertyOp10
 70
     1
102
RTVSPropertyOp11
 70
     1
102
RTVSPropertyOp12
 70
     1
102
RTVSPropertyOp13
 70
     1
102
RTVSPropertyOp14
 70
     1
102
RTVSPropertyOp15
 70
     1
102
RTVSPropertyOp16
 70
     1
102
RTVSPropertyOp17
 70
     1
102
RTVSPropertyOp18
 70
     1
102
RTVSPropertyOp19
 70
     1
102
RTVSPropertyOp20
 70
     1
102
RTVSPropertyOp21
 70
     1
102
RTVSPropertyOp22
 70
     1
102
RTVSPropertyOp23
 70
     1
102
RTVSPropertyOp24
 70
     1
102
RTVSPropertyOp25
 70
     1
102
RTVSPropertyOp26
 70
     1
102
RTVSPropertyOp27
 70
     1
102
RTVSPropertyOp28
 70
     1
102
RTVSPropertyOp29
 70
     1
102
RTVSPropertyOp30
 70
     1
102
RTVSPropertyOp31
 70
     1
102
RTVSPropertyOp32
 70
     1
102
RTVSPropertyOp33
 70
     1
102
RTVSPropertyOp34
 70
     1
102
RTVSPropertyOp35
 70
     1
102
RTVSPropertyOp36
 70
     1
102
RTVSPropertyOp37
 70
     1
102
RTVSPropertyOp38
 70
     1
102
RTVSPropertyOp39
 70
     1
102
RTVSPropertyOp40
 70
     1
102
RTVSPropertyOp41
 70
     1
102
RTVSPropertyOp42
 70
     1
102
RTVSPropertyOp43
 70
     1
102
RTVSPropertyOp44
 70
     1
102
RTVSPropertyOp45
 70
     1
102
RTVSPropertyOp46
 70
     1
102
RTVSPropertyOp47
 70
     1
102
RTVSPropertyOp48
 70
     1
102
RTVSPropertyOp49
 70
     1
102
RTVSPropertyOp50
 70
     1
102
RTVSPropertyOp51
 70
     0
102
RTVSPropertyOp52
 70
     0
102
RTVSPropertyOp53
 70
     1
102
RTVSPropertyOp54
 70
     1
102
RTVSPropertyOp55
 70
     1
102
RTVSPropertyOp56
 70
     1
102
RTVSPropertyOp57
 70
     1
102
RTVSPost2010Prop28
280
     0
102
RTVSPost2010PropOp28
 70
     1
102
RTVSPost2010Prop29
280
     1
102
RTVSPost2010PropOp29
 70
     1
102
RTVSPost2010Prop30
280
     1
102
RTVSPost2010PropOp30
 70
     1
102
RTVSPost2010Prop31
280
     0
102
RTVSPost2010PropOp31
 70
     1
102
RTVSPost2010Prop32
280
     0
102
RTVSPost2010PropOp32
 70
     1
102
RTVSPost2010Prop33
280
     0
102
RTVSPost2010PropOp33
 70
     1
102
RTVSPost2010Prop34
280
     0
102
RTVSPost2010PropOp34
 70
     1
102
RTVSPost2010Prop35
280
     0
102
RTVSPost2010PropOp35
 70
     1
102
RTVSPost2010Prop36
280
     0
102
RTVSPost2010PropOp36
 70
     1
102
RTVSPost2010Prop37
 90
       50
102
RTVSPost2010PropOp37
 70
     1
102
RTVSPost2010Prop38
140
0.0
102
RTVSPost2010PropOp38
 70
     1
102
RTVSPost2010Prop39
140
1.0
102
RTVSPost2010PropOp39
 70
     1
102
RTVSPost2010Prop40
 90
        0
102
RTVSPost2010PropOp40
 70
     1
102
RTVSPost2010Prop41ColorIndex
 90
       18
102
RTVSPost2010Prop41ColorRGB
 90
        0
102
RTVSPost2010PropOp41
 70
     1
102
RTVSPost2010Prop42
 90
       50
102
RTVSPost2010PropOp42
 70
     1
102
RTVSPost2010Prop43
 90
        3
102
RTVSPost2010PropOp43
 70
     1
102
RTVSPost2010Prop44ColorIndex
 90
        5
102
RTVSPost2010Prop44ColorRGB
 90
      255
102
RTVSPost2010PropOp44
 70
     1
102
RTVSPost2010Prop45
280
     0
102
RTVSPost2010PropOp45
 70
     1
102
RTVSPost2010Prop46
 90
       50
102
RTVSPost2010PropOp46
 70
     1
102
RTVSPost2010Prop47
 90
       50
102
RTVSPost2010PropOp47
 70
     1
102
RTVSPost2010Prop48
 90
       50
102
RTVSPost2010PropOp48
 70
     1
102
RTVSPost2010Prop49
280
     0
102
RTVSPost2010PropOp49
 70
     1
102
RTVSPost2010Prop50
 90
       50
102
RTVSPost2010PropOp50
 70
     1
102
RTVSPost2010Prop51ColorIndex
 90
      256
102
RTVSPost2010Prop51ColorRGB
 90
-16777216
102
RTVSPost2010PropOp51
 70
     0
102
RTVSPost2010Prop52
140
1.0
102
RTVSPost2010PropOp52
 70
     0
102
RTVSPost2010Prop53
 90
        2
102
RTVSPost2010PropOp53
 70
     1
102
RTVSPost2010Prop54
  1
strokes_ogs.tif
102
RTVSPost2010PropOp54
 70
     1
102
RTVSPost2010Prop55
280
     0
102
RTVSPost2010PropOp55
 70
     1
102
RTVSPost2010Prop56
140
1.0
102
RTVSPost2010PropOp56
 70
     1
102
RTVSPost2010Prop57
140
1.0
102
RTVSPost2010PropOp57
 70
     1
  0
XRECORD
  5
59C
102
{ACAD_REACTORS
330
59B
102
}
330
59B
100
AcDbXrecord
280
     1
102
RTVSPropertyOp0
 70
     1
102
RTVSPropertyOp1
 70
     1
102
RTVSPropertyOp2
 70
     1
102
RTVSPropertyOp3
 70
     1
102
RTVSPropertyOp4
 70
     1
102
RTVSPropertyOp5
 70
     1
102
RTVSPropertyOp6
 70
     1
102
RTVSPropertyOp7
 70
     1
102
RTVSPropertyOp8
 70
     1
102
RTVSPropertyOp9
 70
     1
102
RTVSPropertyOp10
 70
     1
102
RTVSPropertyOp11
 70
     1
102
RTVSPropertyOp12
 70
     1
102
RTVSPropertyOp13
 70
     1
102
RTVSPropertyOp14
 70
     1
102
RTVSPropertyOp15
 70
     1
102
RTVSPropertyOp16
 70
     1
102
RTVSPropertyOp17
 70
     1
102
RTVSPropertyOp18
 70
     1
102
RTVSPropertyOp19
 70
     1
102
RTVSPropertyOp20
 70
     1
102
RTVSPropertyOp21
 70
     1
102
RTVSPropertyOp22
 70
     1
102
RTVSPropertyOp23
 70
     1
102
RTVSPropertyOp24
 70
     1
102
RTVSPropertyOp25
 70
     1
102
RTVSPropertyOp26
 70
     1
102
RTVSPropertyOp27
 70
     1
102
RTVSPropertyOp28
 70
     1
102
RTVSPropertyOp29
 70
     1
102
RTVSPropertyOp30
 70
     1
102
RTVSPropertyOp31
 70
     1
102
RTVSPropertyOp32
 70
     1
102
RTVSPropertyOp33
 70
     1
102
RTVSPropertyOp34
 70
     1
102
RTVSPropertyOp35
 70
     1
102
RTVSPropertyOp36
 70
     1
102
RTVSPropertyOp37
 70
     1
102
RTVSPropertyOp38
 70
     1
102
RTVSPropertyOp39
 70
     1
102
RTVSPropertyOp40
 70
     1
102
RTVSPropertyOp41
 70
     1
102
RTVSPropertyOp42
 70
     1
102
RTVSPropertyOp43
 70
     1
102
RTVSPropertyOp44
 70
     1
102
RTVSPropertyOp45
 70
     1
102
RTVSPropertyOp46
 70
     1
102
RTVSPropertyOp47
 70
     1
102
RTVSPropertyOp48
 70
     1
102
RTVSPropertyOp49
 70
     1
102
RTVSPropertyOp50
 70
     1
102
RTVSPropertyOp51
 70
     0
102
RTVSPropertyOp52
 70
     0
102
RTVSPropertyOp53
 70
     1
102
RTVSPropertyOp54
 70
     1
102
RTVSPropertyOp55
 70
     1
102
RTVSPropertyOp56
 70
     1
102
RTVSPropertyOp57
 70
     1
102
RTVSPost2010Prop28
280
     0
102
RTVSPost2010PropOp28
 70
     1
102
RTVSPost2010Prop29
280
     1
102
RTVSPost2010PropOp29
 70
     1
102
RTVSPost2010Prop30
280
     1
102
RTVSPost2010PropOp30
 70
     1
102
RTVSPost2010Prop31
280
     0
102
RTVSPost2010PropOp31
 70
     1
102
RTVSPost2010Prop32
280
     0
102
RTVSPost2010PropOp32
 70
     1
102
RTVSPost2010Prop33
280
     0
102
RTVSPost2010PropOp33
 70
     1
102
RTVSPost2010Prop34
280
     0
102
RTVSPost2010PropOp34
 70
     1
102
RTVSPost2010Prop35
280
     0
102
RTVSPost2010PropOp35
 70
     1
102
RTVSPost2010Prop36
280
     0
102
RTVSPost2010PropOp36
 70
     1
102
RTVSPost2010Prop37
 90
       50
102
RTVSPost2010PropOp37
 70
     1
102
RTVSPost2010Prop38
140
0.0
102
RTVSPost2010PropOp38
 70
     1
102
RTVSPost2010Prop39
140
1.0
102
RTVSPost2010PropOp39
 70
     1
102
RTVSPost2010Prop40
 90
        0
102
RTVSPost2010PropOp40
 70
     1
102
RTVSPost2010Prop41ColorIndex
 90
       18
102
RTVSPost2010Prop41ColorRGB
 90
        0
102
RTVSPost2010PropOp41
 70
     1
102
RTVSPost2010Prop42
 90
       50
102
RTVSPost2010PropOp42
 70
     1
102
RTVSPost2010Prop43
 90
        3
102
RTVSPost2010PropOp43
 70
     1
102
RTVSPost2010Prop44ColorIndex
 90
        5
102
RTVSPost2010Prop44ColorRGB
 90
      255
102
RTVSPost2010PropOp44
 70
     1
102
RTVSPost2010Prop45
280
     0
102
RTVSPost2010PropOp45
 70
     1
102
RTVSPost2010Prop46
 90
       50
102
RTVSPost2010PropOp46
 70
     1
102
RTVSPost2010Prop47
 90
       50
102
RTVSPost2010PropOp47
 70
     1
102
RTVSPost2010Prop48
 90
       50
102
RTVSPost2010PropOp48
 70
     1
102
RTVSPost2010Prop49
280
     0
102
RTVSPost2010PropOp49
 70
     1
102
RTVSPost2010Prop50
 90
       50
102
RTVSPost2010PropOp50
 70
     1
102
RTVSPost2010Prop51ColorIndex
 90
      256
102
RTVSPost2010Prop51ColorRGB
 90
-16777216
102
RTVSPost2010PropOp51
 70
     0
102
RTVSPost2010Prop52
140
1.0
102
RTVSPost2010PropOp52
 70
     0
102
RTVSPost2010Prop53
 90
        2
102
RTVSPost2010PropOp53
 70
     1
102
RTVSPost2010Prop54
  1
strokes_ogs.tif
102
RTVSPost2010PropOp54
 70
     1
102
RTVSPost2010Prop55
280
     0
102
RTVSPost2010PropOp55
 70
     1
102
RTVSPost2010Prop56
140
1.0
102
RTVSPost2010PropOp56
 70
     1
102
RTVSPost2010Prop57
140
1.0
102
RTVSPost2010PropOp57
 70
     1
  0
XRECORD
  5
59E
102
{ACAD_REACTORS
330
59D
102
}
330
59D
100
AcDbXrecord
280
     1
102
RTVSPropertyOp0
 70
     1
102
RTVSPropertyOp1
 70
     1
102
RTVSPropertyOp2
 70
     1
102
RTVSPropertyOp3
 70
     1
102
RTVSPropertyOp4
 70
     1
102
RTVSPropertyOp5
 70
     1
102
RTVSPropertyOp6
 70
     1
102
RTVSPropertyOp7
 70
     1
102
RTVSPropertyOp8
 70
     1
102
RTVSPropertyOp9
 70
     1
102
RTVSPropertyOp10
 70
     1
102
RTVSPropertyOp11
 70
     1
102
RTVSPropertyOp12
 70
     1
102
RTVSPropertyOp13
 70
     1
102
RTVSPropertyOp14
 70
     1
102
RTVSPropertyOp15
 70
     1
102
RTVSPropertyOp16
 70
     1
102
RTVSPropertyOp17
 70
     1
102
RTVSPropertyOp18
 70
     1
102
RTVSPropertyOp19
 70
     1
102
RTVSPropertyOp20
 70
     1
102
RTVSPropertyOp21
 70
     1
102
RTVSPropertyOp22
 70
     1
102
RTVSPropertyOp23
 70
     1
102
RTVSPropertyOp24
 70
     1
102
RTVSPropertyOp25
 70
     1
102
RTVSPropertyOp26
 70
     1
102
RTVSPropertyOp27
 70
     1
102
RTVSPropertyOp28
 70
     1
102
RTVSPropertyOp29
 70
     1
102
RTVSPropertyOp30
 70
     1
102
RTVSPropertyOp31
 70
     1
102
RTVSPropertyOp32
 70
     1
102
RTVSPropertyOp33
 70
     1
102
RTVSPropertyOp34
 70
     1
102
RTVSPropertyOp35
 70
     1
102
RTVSPropertyOp36
 70
     1
102
RTVSPropertyOp37
 70
     1
102
RTVSPropertyOp38
 70
     1
102
RTVSPropertyOp39
 70
     1
102
RTVSPropertyOp40
 70
     1
102
RTVSPropertyOp41
 70
     1
102
RTVSPropertyOp42
 70
     1
102
RTVSPropertyOp43
 70
     1
102
RTVSPropertyOp44
 70
     1
102
RTVSPropertyOp45
 70
     1
102
RTVSPropertyOp46
 70
     1
102
RTVSPropertyOp47
 70
     1
102
RTVSPropertyOp48
 70
     1
102
RTVSPropertyOp49
 70
     1
102
RTVSPropertyOp50
 70
     1
102
RTVSPropertyOp51
 70
     0
102
RTVSPropertyOp52
 70
     0
102
RTVSPropertyOp53
 70
     1
102
RTVSPropertyOp54
 70
     1
102
RTVSPropertyOp55
 70
     1
102
RTVSPropertyOp56
 70
     1
102
RTVSPropertyOp57
 70
     1
102
RTVSPost2010Prop28
280
     0
102
RTVSPost2010PropOp28
 70
     1
102
RTVSPost2010Prop29
280
     1
102
RTVSPost2010PropOp29
 70
     1
102
RTVSPost2010Prop30
280
     1
102
RTVSPost2010PropOp30
 70
     1
102
RTVSPost2010Prop31
280
     0
102
RTVSPost2010PropOp31
 70
     1
102
RTVSPost2010Prop32
280
     0
102
RTVSPost2010PropOp32
 70
     1
102
RTVSPost2010Prop33
280
     0
102
RTVSPost2010PropOp33
 70
     1
102
RTVSPost2010Prop34
280
     0
102
RTVSPost2010PropOp34
 70
     1
102
RTVSPost2010Prop35
280
     0
102
RTVSPost2010PropOp35
 70
     1
102
RTVSPost2010Prop36
280
     0
102
RTVSPost2010PropOp36
 70
     1
102
RTVSPost2010Prop37
 90
       50
102
RTVSPost2010PropOp37
 70
     1
102
RTVSPost2010Prop38
140
0.0
102
RTVSPost2010PropOp38
 70
     1
102
RTVSPost2010Prop39
140
1.0
102
RTVSPost2010PropOp39
 70
     1
102
RTVSPost2010Prop40
 90
        0
102
RTVSPost2010PropOp40
 70
     1
102
RTVSPost2010Prop41ColorIndex
 90
       18
102
RTVSPost2010Prop41ColorRGB
 90
        0
102
RTVSPost2010PropOp41
 70
     1
102
RTVSPost2010Prop42
 90
       50
102
RTVSPost2010PropOp42
 70
     1
102
RTVSPost2010Prop43
 90
        3
102
RTVSPost2010PropOp43
 70
     1
102
RTVSPost2010Prop44ColorIndex
 90
        5
102
RTVSPost2010Prop44ColorRGB
 90
      255
102
RTVSPost2010PropOp44
 70
     1
102
RTVSPost2010Prop45
280
     0
102
RTVSPost2010PropOp45
 70
     1
102
RTVSPost2010Prop46
 90
       50
102
RTVSPost2010PropOp46
 70
     1
102
RTVSPost2010Prop47
 90
       50
102
RTVSPost2010PropOp47
 70
     1
102
RTVSPost2010Prop48
 90
       50
102
RTVSPost2010PropOp48
 70
     1
102
RTVSPost2010Prop49
280
     0
102
RTVSPost2010PropOp49
 70
     1
102
RTVSPost2010Prop50
 90
       50
102
RTVSPost2010PropOp50
 70
     1
102
RTVSPost2010Prop51ColorIndex
 90
      256
102
RTVSPost2010Prop51ColorRGB
 90
-16777216
102
RTVSPost2010PropOp51
 70
     0
102
RTVSPost2010Prop52
140
1.0
102
RTVSPost2010PropOp52
 70
     0
102
RTVSPost2010Prop53
 90
        2
102
RTVSPost2010PropOp53
 70
     1
102
RTVSPost2010Prop54
  1
strokes_ogs.tif
102
RTVSPost2010PropOp54
 70
     1
102
RTVSPost2010Prop55
280
     0
102
RTVSPost2010PropOp55
 70
     1
102
RTVSPost2010Prop56
140
1.0
102
RTVSPost2010PropOp56
 70
     1
102
RTVSPost2010Prop57
140
1.0
102
RTVSPost2010PropOp57
 70
     1
  0
XRECORD
  5
5A4
102
{ACAD_REACTORS
330
5A3
102
}
330
5A3
100
AcDbXrecord
280
     1
102
RTVSPropertyOp0
 70
     1
102
RTVSPropertyOp1
 70
     1
102
RTVSPropertyOp2
 70
     1
102
RTVSPropertyOp3
 70
     1
102
RTVSPropertyOp4
 70
     1
102
RTVSPropertyOp5
 70
     1
102
RTVSPropertyOp6
 70
     1
102
RTVSPropertyOp7
 70
     1
102
RTVSPropertyOp8
 70
     1
102
RTVSPropertyOp9
 70
     1
102
RTVSPropertyOp10
 70
     1
102
RTVSPropertyOp11
 70
     1
102
RTVSPropertyOp12
 70
     1
102
RTVSPropertyOp13
 70
     1
102
RTVSPropertyOp14
 70
     1
102
RTVSPropertyOp15
 70
     1
102
RTVSPropertyOp16
 70
     1
102
RTVSPropertyOp17
 70
     1
102
RTVSPropertyOp18
 70
     1
102
RTVSPropertyOp19
 70
     1
102
RTVSPropertyOp20
 70
     1
102
RTVSPropertyOp21
 70
     1
102
RTVSPropertyOp22
 70
     1
102
RTVSPropertyOp23
 70
     1
102
RTVSPropertyOp24
 70
     1
102
RTVSPropertyOp25
 70
     1
102
RTVSPropertyOp26
 70
     1
102
RTVSPropertyOp27
 70
     1
102
RTVSPropertyOp28
 70
     1
102
RTVSPropertyOp29
 70
     1
102
RTVSPropertyOp30
 70
     1
102
RTVSPropertyOp31
 70
     1
102
RTVSPropertyOp32
 70
     1
102
RTVSPropertyOp33
 70
     1
102
RTVSPropertyOp34
 70
     1
102
RTVSPropertyOp35
 70
     1
102
RTVSPropertyOp36
 70
     1
102
RTVSPropertyOp37
 70
     1
102
RTVSPropertyOp38
 70
     1
102
RTVSPropertyOp39
 70
     1
102
RTVSPropertyOp40
 70
     1
102
RTVSPropertyOp41
 70
     1
102
RTVSPropertyOp42
 70
     1
102
RTVSPropertyOp43
 70
     1
102
RTVSPropertyOp44
 70
     1
102
RTVSPropertyOp45
 70
     1
102
RTVSPropertyOp46
 70
     1
102
RTVSPropertyOp47
 70
     1
102
RTVSPropertyOp48
 70
     1
102
RTVSPropertyOp49
 70
     1
102
RTVSPropertyOp50
 70
     1
102
RTVSPropertyOp51
 70
     0
102
RTVSPropertyOp52
 70
     0
102
RTVSPropertyOp53
 70
     1
102
RTVSPropertyOp54
 70
     1
102
RTVSPropertyOp55
 70
     1
102
RTVSPropertyOp56
 70
     1
102
RTVSPropertyOp57
 70
     1
102
RTVSPost2010Prop28
280
     0
102
RTVSPost2010PropOp28
 70
     1
102
RTVSPost2010Prop29
280
     1
102
RTVSPost2010PropOp29
 70
     1
102
RTVSPost2010Prop30
280
     1
102
RTVSPost2010PropOp30
 70
     1
102
RTVSPost2010Prop31
280
     0
102
RTVSPost2010PropOp31
 70
     1
102
RTVSPost2010Prop32
280
     0
102
RTVSPost2010PropOp32
 70
     1
102
RTVSPost2010Prop33
280
     0
102
RTVSPost2010PropOp33
 70
     1
102
RTVSPost2010Prop34
280
     0
102
RTVSPost2010PropOp34
 70
     1
102
RTVSPost2010Prop35
280
     0
102
RTVSPost2010PropOp35
 70
     1
102
RTVSPost2010Prop36
280
     0
102
RTVSPost2010PropOp36
 70
     1
102
RTVSPost2010Prop37
 90
       50
102
RTVSPost2010PropOp37
 70
     1
102
RTVSPost2010Prop38
140
0.0
102
RTVSPost2010PropOp38
 70
     1
102
RTVSPost2010Prop39
140
1.0
102
RTVSPost2010PropOp39
 70
     1
102
RTVSPost2010Prop40
 90
        0
102
RTVSPost2010PropOp40
 70
     1
102
RTVSPost2010Prop41ColorIndex
 90
       18
102
RTVSPost2010Prop41ColorRGB
 90
        0
102
RTVSPost2010PropOp41
 70
     1
102
RTVSPost2010Prop42
 90
       50
102
RTVSPost2010PropOp42
 70
     1
102
RTVSPost2010Prop43
 90
        3
102
RTVSPost2010PropOp43
 70
     1
102
RTVSPost2010Prop44ColorIndex
 90
        5
102
RTVSPost2010Prop44ColorRGB
 90
      255
102
RTVSPost2010PropOp44
 70
     1
102
RTVSPost2010Prop45
280
     0
102
RTVSPost2010PropOp45
 70
     1
102
RTVSPost2010Prop46
 90
       50
102
RTVSPost2010PropOp46
 70
     1
102
RTVSPost2010Prop47
 90
       50
102
RTVSPost2010PropOp47
 70
     1
102
RTVSPost2010Prop48
 90
       50
102
RTVSPost2010PropOp48
 70
     1
102
RTVSPost2010Prop49
280
     0
102
RTVSPost2010PropOp49
 70
     1
102
RTVSPost2010Prop50
 90
       50
102
RTVSPost2010PropOp50
 70
     1
102
RTVSPost2010Prop51ColorIndex
 90
      256
102
RTVSPost2010Prop51ColorRGB
 90
-16777216
102
RTVSPost2010PropOp51
 70
     0
102
RTVSPost2010Prop52
140
1.0
102
RTVSPost2010PropOp52
 70
     0
102
RTVSPost2010Prop53
 90
        2
102
RTVSPost2010PropOp53
 70
     1
102
RTVSPost2010Prop54
  1
strokes_ogs.tif
102
RTVSPost2010PropOp54
 70
     1
102
RTVSPost2010Prop55
280
     0
102
RTVSPost2010PropOp55
 70
     1
102
RTVSPost2010Prop56
140
1.0
102
RTVSPost2010PropOp56
 70
     1
102
RTVSPost2010Prop57
140
1.0
102
RTVSPost2010PropOp57
 70
     1
  0
XRECORD
  5
5B8
102
{ACAD_REACTORS
330
5B7
102
}
330
5B7
100
AcDbXrecord
280
     1
102
RTVSPropertyOp0
 70
     0
102
RTVSPropertyOp1
 70
     0
102
RTVSPropertyOp2
 70
     0
102
RTVSPropertyOp3
 70
     0
102
RTVSPropertyOp4
 70
     0
102
RTVSPropertyOp5
 70
     0
102
RTVSPropertyOp6
 70
     0
102
RTVSPropertyOp7
 70
     0
102
RTVSPropertyOp8
 70
     0
102
RTVSPropertyOp9
 70
     0
102
RTVSPropertyOp10
 70
     0
102
RTVSPropertyOp11
 70
     0
102
RTVSPropertyOp12
 70
     0
102
RTVSPropertyOp13
 70
     0
102
RTVSPropertyOp14
 70
     2
102
RTVSPropertyOp15
 70
     0
102
RTVSPropertyOp16
 70
     0
102
RTVSPropertyOp17
 70
     0
102
RTVSPropertyOp18
 70
     0
102
RTVSPropertyOp19
 70
     0
102
RTVSPropertyOp20
 70
     0
102
RTVSPropertyOp21
 70
     0
102
RTVSPropertyOp22
 70
     0
102
RTVSPropertyOp23
 70
     0
102
RTVSPropertyOp24
 70
     0
102
RTVSPropertyOp25
 70
     0
102
RTVSPropertyOp26
 70
     0
102
RTVSPropertyOp27
 70
     0
102
RTVSPropertyOp28
 70
     0
102
RTVSPropertyOp29
 70
     0
102
RTVSPropertyOp30
 70
     0
102
RTVSPropertyOp31
 70
     0
102
RTVSPropertyOp32
 70
     0
102
RTVSPropertyOp33
 70
     0
102
RTVSPropertyOp34
 70
     0
102
RTVSPropertyOp35
 70
     0
102
RTVSPropertyOp36
 70
     0
102
RTVSPropertyOp37
 70
     0
102
RTVSPropertyOp38
 70
     0
102
RTVSPropertyOp39
 70
     0
102
RTVSPropertyOp40
 70
     0
102
RTVSPropertyOp41
 70
     0
102
RTVSPropertyOp42
 70
     0
102
RTVSPropertyOp43
 70
     0
102
RTVSPropertyOp44
 70
     0
102
RTVSPropertyOp45
 70
     0
102
RTVSPropertyOp46
 70
     0
102
RTVSPropertyOp47
 70
     0
102
RTVSPropertyOp48
 70
     0
102
RTVSPropertyOp49
 70
     0
102
RTVSPropertyOp50
 70
     0
102
RTVSPropertyOp51
 70
     0
102
RTVSPropertyOp52
 70
     0
102
RTVSPropertyOp53
 70
     0
102
RTVSPropertyOp54
 70
     0
102
RTVSPropertyOp55
 70
     0
102
RTVSPropertyOp56
 70
     0
102
RTVSPropertyOp57
 70
     0
102
RTVSPost2010Prop28
280
     0
102
RTVSPost2010PropOp28
 70
     0
102
RTVSPost2010Prop29
280
     1
102
RTVSPost2010PropOp29
 70
     0
102
RTVSPost2010Prop30
280
     1
102
RTVSPost2010PropOp30
 70
     0
102
RTVSPost2010Prop31
280
     0
102
RTVSPost2010PropOp31
 70
     0
102
RTVSPost2010Prop32
280
     0
102
RTVSPost2010PropOp32
 70
     0
102
RTVSPost2010Prop33
280
     0
102
RTVSPost2010PropOp33
 70
     0
102
RTVSPost2010Prop34
280
     0
102
RTVSPost2010PropOp34
 70
     0
102
RTVSPost2010Prop35
280
     0
102
RTVSPost2010PropOp35
 70
     0
102
RTVSPost2010Prop36
280
     0
102
RTVSPost2010PropOp36
 70
     0
102
RTVSPost2010Prop37
 90
       50
102
RTVSPost2010PropOp37
 70
     0
102
RTVSPost2010Prop38
140
0.0
102
RTVSPost2010PropOp38
 70
     0
102
RTVSPost2010Prop39
140
1.0
102
RTVSPost2010PropOp39
 70
     0
102
RTVSPost2010Prop40
 90
        0
102
RTVSPost2010PropOp40
 70
     0
102
RTVSPost2010Prop41ColorIndex
 90
       18
102
RTVSPost2010Prop41ColorRGB
 90
        0
102
RTVSPost2010PropOp41
 70
     0
102
RTVSPost2010Prop42
 90
       50
102
RTVSPost2010PropOp42
 70
     0
102
RTVSPost2010Prop43
 90
        3
102
RTVSPost2010PropOp43
 70
     0
102
RTVSPost2010Prop44ColorIndex
 90
        5
102
RTVSPost2010Prop44ColorRGB
 90
      255
102
RTVSPost2010PropOp44
 70
     0
102
RTVSPost2010Prop45
280
     0
102
RTVSPost2010PropOp45
 70
     0
102
RTVSPost2010Prop46
 90
       50
102
RTVSPost2010PropOp46
 70
     0
102
RTVSPost2010Prop47
 90
       50
102
RTVSPost2010PropOp47
 70
     0
102
RTVSPost2010Prop48
 90
       50
102
RTVSPost2010PropOp48
 70
     0
102
RTVSPost2010Prop49
280
     0
102
RTVSPost2010PropOp49
 70
     0
102
RTVSPost2010Prop50
 90
       50
102
RTVSPost2010PropOp50
 70
     0
102
RTVSPost2010Prop51ColorIndex
 90
      256
102
RTVSPost2010Prop51ColorRGB
 90
-16777216
102
RTVSPost2010PropOp51
 70
     0
102
RTVSPost2010Prop52
140
1.0
102
RTVSPost2010PropOp52
 70
     0
102
RTVSPost2010Prop53
 90
        2
102
RTVSPost2010PropOp53
 70
     0
102
RTVSPost2010Prop54
  1
strokes_ogs.tif
102
RTVSPost2010PropOp54
 70
     0
102
RTVSPost2010Prop55
280
     0
102
RTVSPost2010PropOp55
 70
     0
102
RTVSPost2010Prop56
140
1.0
102
RTVSPost2010PropOp56
 70
     0
102
RTVSPost2010Prop57
140
1.0
102
RTVSPost2010PropOp57
 70
     0
  0
XRECORD
  5
5B2
102
{ACAD_REACTORS
330
5B1
102
}
330
5B1
100
AcDbXrecord
280
     1
102
RTVSPropertyOp0
 70
     1
102
RTVSPropertyOp1
 70
     1
102
RTVSPropertyOp2
 70
     1
102
RTVSPropertyOp3
 70
     1
102
RTVSPropertyOp4
 70
     1
102
RTVSPropertyOp5
 70
     1
102
RTVSPropertyOp6
 70
     1
102
RTVSPropertyOp7
 70
     1
102
RTVSPropertyOp8
 70
     1
102
RTVSPropertyOp9
 70
     1
102
RTVSPropertyOp10
 70
     1
102
RTVSPropertyOp11
 70
     1
102
RTVSPropertyOp12
 70
     1
102
RTVSPropertyOp13
 70
     1
102
RTVSPropertyOp14
 70
     1
102
RTVSPropertyOp15
 70
     1
102
RTVSPropertyOp16
 70
     1
102
RTVSPropertyOp17
 70
     1
102
RTVSPropertyOp18
 70
     1
102
RTVSPropertyOp19
 70
     1
102
RTVSPropertyOp20
 70
     1
102
RTVSPropertyOp21
 70
     1
102
RTVSPropertyOp22
 70
     1
102
RTVSPropertyOp23
 70
     1
102
RTVSPropertyOp24
 70
     1
102
RTVSPropertyOp25
 70
     1
102
RTVSPropertyOp26
 70
     1
102
RTVSPropertyOp27
 70
     1
102
RTVSPropertyOp28
 70
     1
102
RTVSPropertyOp29
 70
     1
102
RTVSPropertyOp30
 70
     1
102
RTVSPropertyOp31
 70
     1
102
RTVSPropertyOp32
 70
     1
102
RTVSPropertyOp33
 70
     1
102
RTVSPropertyOp34
 70
     1
102
RTVSPropertyOp35
 70
     1
102
RTVSPropertyOp36
 70
     1
102
RTVSPropertyOp37
 70
     1
102
RTVSPropertyOp38
 70
     1
102
RTVSPropertyOp39
 70
     1
102
RTVSPropertyOp40
 70
     1
102
RTVSPropertyOp41
 70
     1
102
RTVSPropertyOp42
 70
     1
102
RTVSPropertyOp43
 70
     1
102
RTVSPropertyOp44
 70
     1
102
RTVSPropertyOp45
 70
     1
102
RTVSPropertyOp46
 70
     1
102
RTVSPropertyOp47
 70
     1
102
RTVSPropertyOp48
 70
     1
102
RTVSPropertyOp49
 70
     1
102
RTVSPropertyOp50
 70
     1
102
RTVSPropertyOp51
 70
     0
102
RTVSPropertyOp52
 70
     0
102
RTVSPropertyOp53
 70
     1
102
RTVSPropertyOp54
 70
     1
102
RTVSPropertyOp55
 70
     1
102
RTVSPropertyOp56
 70
     1
102
RTVSPropertyOp57
 70
     1
102
RTVSPost2010Prop28
280
     0
102
RTVSPost2010PropOp28
 70
     1
102
RTVSPost2010Prop29
280
     1
102
RTVSPost2010PropOp29
 70
     1
102
RTVSPost2010Prop30
280
     1
102
RTVSPost2010PropOp30
 70
     1
102
RTVSPost2010Prop31
280
     0
102
RTVSPost2010PropOp31
 70
     1
102
RTVSPost2010Prop32
280
     0
102
RTVSPost2010PropOp32
 70
     1
102
RTVSPost2010Prop33
280
     0
102
RTVSPost2010PropOp33
 70
     1
102
RTVSPost2010Prop34
280
     0
102
RTVSPost2010PropOp34
 70
     1
102
RTVSPost2010Prop35
280
     0
102
RTVSPost2010PropOp35
 70
     1
102
RTVSPost2010Prop36
280
     0
102
RTVSPost2010PropOp36
 70
     1
102
RTVSPost2010Prop37
 90
       50
102
RTVSPost2010PropOp37
 70
     1
102
RTVSPost2010Prop38
140
0.0
102
RTVSPost2010PropOp38
 70
     1
102
RTVSPost2010Prop39
140
1.0
102
RTVSPost2010PropOp39
 70
     1
102
RTVSPost2010Prop40
 90
        0
102
RTVSPost2010PropOp40
 70
     1
102
RTVSPost2010Prop41ColorIndex
 90
       18
102
RTVSPost2010Prop41ColorRGB
 90
        0
102
RTVSPost2010PropOp41
 70
     1
102
RTVSPost2010Prop42
 90
       50
102
RTVSPost2010PropOp42
 70
     1
102
RTVSPost2010Prop43
 90
        3
102
RTVSPost2010PropOp43
 70
     1
102
RTVSPost2010Prop44ColorIndex
 90
        5
102
RTVSPost2010Prop44ColorRGB
 90
      255
102
RTVSPost2010PropOp44
 70
     1
102
RTVSPost2010Prop45
280
     0
102
RTVSPost2010PropOp45
 70
     1
102
RTVSPost2010Prop46
 90
       50
102
RTVSPost2010PropOp46
 70
     1
102
RTVSPost2010Prop47
 90
       50
102
RTVSPost2010PropOp47
 70
     1
102
RTVSPost2010Prop48
 90
       50
102
RTVSPost2010PropOp48
 70
     1
102
RTVSPost2010Prop49
280
     0
102
RTVSPost2010PropOp49
 70
     1
102
RTVSPost2010Prop50
 90
       50
102
RTVSPost2010PropOp50
 70
     1
102
RTVSPost2010Prop51ColorIndex
 90
      256
102
RTVSPost2010Prop51ColorRGB
 90
-16777216
102
RTVSPost2010PropOp51
 70
     0
102
RTVSPost2010Prop52
140
1.0
102
RTVSPost2010PropOp52
 70
     0
102
RTVSPost2010Prop53
 90
        2
102
RTVSPost2010PropOp53
 70
     1
102
RTVSPost2010Prop54
  1
strokes_ogs.tif
102
RTVSPost2010PropOp54
 70
     1
102
RTVSPost2010Prop55
280
     0
102
RTVSPost2010PropOp55
 70
     1
102
RTVSPost2010Prop56
140
1.0
102
RTVSPost2010PropOp56
 70
     1
102
RTVSPost2010Prop57
140
1.0
102
RTVSPost2010PropOp57
 70
     1
  0
XRECORD
  5
5BA
102
{ACAD_REACTORS
330
5B9
102
}
330
5B9
100
AcDbXrecord
280
     1
102
RTVSPropertyOp0
 70
     0
102
RTVSPropertyOp1
 70
     0
102
RTVSPropertyOp2
 70
     0
102
RTVSPropertyOp3
 70
     0
102
RTVSPropertyOp4
 70
     0
102
RTVSPropertyOp5
 70
     0
102
RTVSPropertyOp6
 70
     0
102
RTVSPropertyOp7
 70
     0
102
RTVSPropertyOp8
 70
     0
102
RTVSPropertyOp9
 70
     0
102
RTVSPropertyOp10
 70
     0
102
RTVSPropertyOp11
 70
     0
102
RTVSPropertyOp12
 70
     0
102
RTVSPropertyOp13
 70
     0
102
RTVSPropertyOp14
 70
     2
102
RTVSPropertyOp15
 70
     0
102
RTVSPropertyOp16
 70
     0
102
RTVSPropertyOp17
 70
     0
102
RTVSPropertyOp18
 70
     0
102
RTVSPropertyOp19
 70
     0
102
RTVSPropertyOp20
 70
     0
102
RTVSPropertyOp21
 70
     0
102
RTVSPropertyOp22
 70
     0
102
RTVSPropertyOp23
 70
     0
102
RTVSPropertyOp24
 70
     0
102
RTVSPropertyOp25
 70
     0
102
RTVSPropertyOp26
 70
     0
102
RTVSPropertyOp27
 70
     0
102
RTVSPropertyOp28
 70
     0
102
RTVSPropertyOp29
 70
     0
102
RTVSPropertyOp30
 70
     0
102
RTVSPropertyOp31
 70
     0
102
RTVSPropertyOp32
 70
     0
102
RTVSPropertyOp33
 70
     0
102
RTVSPropertyOp34
 70
     0
102
RTVSPropertyOp35
 70
     0
102
RTVSPropertyOp36
 70
     0
102
RTVSPropertyOp37
 70
     0
102
RTVSPropertyOp38
 70
     0
102
RTVSPropertyOp39
 70
     0
102
RTVSPropertyOp40
 70
     0
102
RTVSPropertyOp41
 70
     0
102
RTVSPropertyOp42
 70
     0
102
RTVSPropertyOp43
 70
     0
102
RTVSPropertyOp44
 70
     0
102
RTVSPropertyOp45
 70
     0
102
RTVSPropertyOp46
 70
     0
102
RTVSPropertyOp47
 70
     0
102
RTVSPropertyOp48
 70
     0
102
RTVSPropertyOp49
 70
     0
102
RTVSPropertyOp50
 70
     0
102
RTVSPropertyOp51
 70
     0
102
RTVSPropertyOp52
 70
     0
102
RTVSPropertyOp53
 70
     0
102
RTVSPropertyOp54
 70
     0
102
RTVSPropertyOp55
 70
     0
102
RTVSPropertyOp56
 70
     0
102
RTVSPropertyOp57
 70
     0
102
RTVSPost2010Prop28
280
     0
102
RTVSPost2010PropOp28
 70
     0
102
RTVSPost2010Prop29
280
     1
102
RTVSPost2010PropOp29
 70
     0
102
RTVSPost2010Prop30
280
     1
102
RTVSPost2010PropOp30
 70
     0
102
RTVSPost2010Prop31
280
     0
102
RTVSPost2010PropOp31
 70
     0
102
RTVSPost2010Prop32
280
     0
102
RTVSPost2010PropOp32
 70
     0
102
RTVSPost2010Prop33
280
     0
102
RTVSPost2010PropOp33
 70
     0
102
RTVSPost2010Prop34
280
     0
102
RTVSPost2010PropOp34
 70
     0
102
RTVSPost2010Prop35
280
     0
102
RTVSPost2010PropOp35
 70
     0
102
RTVSPost2010Prop36
280
     0
102
RTVSPost2010PropOp36
 70
     0
102
RTVSPost2010Prop37
 90
       50
102
RTVSPost2010PropOp37
 70
     0
102
RTVSPost2010Prop38
140
0.0
102
RTVSPost2010PropOp38
 70
     0
102
RTVSPost2010Prop39
140
1.0
102
RTVSPost2010PropOp39
 70
     0
102
RTVSPost2010Prop40
 90
        0
102
RTVSPost2010PropOp40
 70
     0
102
RTVSPost2010Prop41ColorIndex
 90
       18
102
RTVSPost2010Prop41ColorRGB
 90
        0
102
RTVSPost2010PropOp41
 70
     0
102
RTVSPost2010Prop42
 90
       50
102
RTVSPost2010PropOp42
 70
     0
102
RTVSPost2010Prop43
 90
        3
102
RTVSPost2010PropOp43
 70
     0
102
RTVSPost2010Prop44ColorIndex
 90
        5
102
RTVSPost2010Prop44ColorRGB
 90
      255
102
RTVSPost2010PropOp44
 70
     0
102
RTVSPost2010Prop45
280
     0
102
RTVSPost2010PropOp45
 70
     0
102
RTVSPost2010Prop46
 90
       50
102
RTVSPost2010PropOp46
 70
     0
102
RTVSPost2010Prop47
 90
       50
102
RTVSPost2010PropOp47
 70
     0
102
RTVSPost2010Prop48
 90
       50
102
RTVSPost2010PropOp48
 70
     0
102
RTVSPost2010Prop49
280
     0
102
RTVSPost2010PropOp49
 70
     0
102
RTVSPost2010Prop50
 90
       50
102
RTVSPost2010PropOp50
 70
     0
102
RTVSPost2010Prop51ColorIndex
 90
      256
102
RTVSPost2010Prop51ColorRGB
 90
-16777216
102
RTVSPost2010PropOp51
 70
     0
102
RTVSPost2010Prop52
140
1.0
102
RTVSPost2010PropOp52
 70
     0
102
RTVSPost2010Prop53
 90
        2
102
RTVSPost2010PropOp53
 70
     0
102
RTVSPost2010Prop54
  1
strokes_ogs.tif
102
RTVSPost2010PropOp54
 70
     0
102
RTVSPost2010Prop55
280
     0
102
RTVSPost2010PropOp55
 70
     0
102
RTVSPost2010Prop56
140
1.0
102
RTVSPost2010PropOp56
 70
     0
102
RTVSPost2010Prop57
140
1.0
102
RTVSPost2010PropOp57
 70
     0
  0
XRECORD
  5
5A8
102
{ACAD_REACTORS
330
5A7
102
}
330
5A7
100
AcDbXrecord
280
     1
102
RTVSPropertyOp0
 70
     1
102
RTVSPropertyOp1
 70
     1
102
RTVSPropertyOp2
 70
     1
102
RTVSPropertyOp3
 70
     1
102
RTVSPropertyOp4
 70
     1
102
RTVSPropertyOp5
 70
     1
102
RTVSPropertyOp6
 70
     1
102
RTVSPropertyOp7
 70
     1
102
RTVSPropertyOp8
 70
     1
102
RTVSPropertyOp9
 70
     1
102
RTVSPropertyOp10
 70
     1
102
RTVSPropertyOp11
 70
     1
102
RTVSPropertyOp12
 70
     1
102
RTVSPropertyOp13
 70
     1
102
RTVSPropertyOp14
 70
     1
102
RTVSPropertyOp15
 70
     1
102
RTVSPropertyOp16
 70
     1
102
RTVSPropertyOp17
 70
     1
102
RTVSPropertyOp18
 70
     1
102
RTVSPropertyOp19
 70
     1
102
RTVSPropertyOp20
 70
     1
102
RTVSPropertyOp21
 70
     1
102
RTVSPropertyOp22
 70
     1
102
RTVSPropertyOp23
 70
     1
102
RTVSPropertyOp24
 70
     1
102
RTVSPropertyOp25
 70
     1
102
RTVSPropertyOp26
 70
     1
102
RTVSPropertyOp27
 70
     1
102
RTVSPropertyOp28
 70
     1
102
RTVSPropertyOp29
 70
     1
102
RTVSPropertyOp30
 70
     1
102
RTVSPropertyOp31
 70
     1
102
RTVSPropertyOp32
 70
     1
102
RTVSPropertyOp33
 70
     1
102
RTVSPropertyOp34
 70
     1
102
RTVSPropertyOp35
 70
     1
102
RTVSPropertyOp36
 70
     1
102
RTVSPropertyOp37
 70
     1
102
RTVSPropertyOp38
 70
     1
102
RTVSPropertyOp39
 70
     1
102
RTVSPropertyOp40
 70
     1
102
RTVSPropertyOp41
 70
     1
102
RTVSPropertyOp42
 70
     1
102
RTVSPropertyOp43
 70
     1
102
RTVSPropertyOp44
 70
     1
102
RTVSPropertyOp45
 70
     1
102
RTVSPropertyOp46
 70
     1
102
RTVSPropertyOp47
 70
     1
102
RTVSPropertyOp48
 70
     1
102
RTVSPropertyOp49
 70
     1
102
RTVSPropertyOp50
 70
     1
102
RTVSPropertyOp51
 70
     0
102
RTVSPropertyOp52
 70
     0
102
RTVSPropertyOp53
 70
     1
102
RTVSPropertyOp54
 70
     1
102
RTVSPropertyOp55
 70
     1
102
RTVSPropertyOp56
 70
     1
102
RTVSPropertyOp57
 70
     1
102
RTVSPost2010Prop28
280
     0
102
RTVSPost2010PropOp28
 70
     1
102
RTVSPost2010Prop29
280
     1
102
RTVSPost2010PropOp29
 70
     1
102
RTVSPost2010Prop30
280
     1
102
RTVSPost2010PropOp30
 70
     1
102
RTVSPost2010Prop31
280
     0
102
RTVSPost2010PropOp31
 70
     1
102
RTVSPost2010Prop32
280
     0
102
RTVSPost2010PropOp32
 70
     1
102
RTVSPost2010Prop33
280
     0
102
RTVSPost2010PropOp33
 70
     1
102
RTVSPost2010Prop34
280
     0
102
RTVSPost2010PropOp34
 70
     1
102
RTVSPost2010Prop35
280
     0
102
RTVSPost2010PropOp35
 70
     1
102
RTVSPost2010Prop36
280
     0
102
RTVSPost2010PropOp36
 70
     1
102
RTVSPost2010Prop37
 90
       50
102
RTVSPost2010PropOp37
 70
     1
102
RTVSPost2010Prop38
140
0.0
102
RTVSPost2010PropOp38
 70
     1
102
RTVSPost2010Prop39
140
1.0
102
RTVSPost2010PropOp39
 70
     1
102
RTVSPost2010Prop40
 90
        0
102
RTVSPost2010PropOp40
 70
     1
102
RTVSPost2010Prop41ColorIndex
 90
       18
102
RTVSPost2010Prop41ColorRGB
 90
        0
102
RTVSPost2010PropOp41
 70
     1
102
RTVSPost2010Prop42
 90
       50
102
RTVSPost2010PropOp42
 70
     1
102
RTVSPost2010Prop43
 90
        3
102
RTVSPost2010PropOp43
 70
     1
102
RTVSPost2010Prop44ColorIndex
 90
        5
102
RTVSPost2010Prop44ColorRGB
 90
      255
102
RTVSPost2010PropOp44
 70
     1
102
RTVSPost2010Prop45
280
     0
102
RTVSPost2010PropOp45
 70
     1
102
RTVSPost2010Prop46
 90
       50
102
RTVSPost2010PropOp46
 70
     1
102
RTVSPost2010Prop47
 90
       50
102
RTVSPost2010PropOp47
 70
     1
102
RTVSPost2010Prop48
 90
       50
102
RTVSPost2010PropOp48
 70
     1
102
RTVSPost2010Prop49
280
     0
102
RTVSPost2010PropOp49
 70
     1
102
RTVSPost2010Prop50
 90
       50
102
RTVSPost2010PropOp50
 70
     1
102
RTVSPost2010Prop51ColorIndex
 90
      256
102
RTVSPost2010Prop51ColorRGB
 90
-16777216
102
RTVSPost2010PropOp51
 70
     0
102
RTVSPost2010Prop52
140
1.0
102
RTVSPost2010PropOp52
 70
     0
102
RTVSPost2010Prop53
 90
        2
102
RTVSPost2010PropOp53
 70
     1
102
RTVSPost2010Prop54
  1
strokes_ogs.tif
102
RTVSPost2010PropOp54
 70
     1
102
RTVSPost2010Prop55
280
     0
102
RTVSPost2010PropOp55
 70
     1
102
RTVSPost2010Prop56
140
1.0
102
RTVSPost2010PropOp56
 70
     1
102
RTVSPost2010Prop57
140
1.0
102
RTVSPost2010PropOp57
 70
     1
  0
XRECORD
  5
5C6
102
{ACAD_REACTORS
330
5C5
102
}
330
5C5
100
AcDbXrecord
280
     1
102
RTVSPropertyOp0
 70
     1
102
RTVSPropertyOp1
 70
     1
102
RTVSPropertyOp2
 70
     1
102
RTVSPropertyOp3
 70
     1
102
RTVSPropertyOp4
 70
     1
102
RTVSPropertyOp5
 70
     1
102
RTVSPropertyOp6
 70
     1
102
RTVSPropertyOp7
 70
     1
102
RTVSPropertyOp8
 70
     1
102
RTVSPropertyOp9
 70
     1
102
RTVSPropertyOp10
 70
     1
102
RTVSPropertyOp11
 70
     1
102
RTVSPropertyOp12
 70
     1
102
RTVSPropertyOp13
 70
     1
102
RTVSPropertyOp14
 70
     1
102
RTVSPropertyOp15
 70
     1
102
RTVSPropertyOp16
 70
     1
102
RTVSPropertyOp17
 70
     1
102
RTVSPropertyOp18
 70
     1
102
RTVSPropertyOp19
 70
     1
102
RTVSPropertyOp20
 70
     1
102
RTVSPropertyOp21
 70
     1
102
RTVSPropertyOp22
 70
     1
102
RTVSPropertyOp23
 70
     1
102
RTVSPropertyOp24
 70
     1
102
RTVSPropertyOp25
 70
     1
102
RTVSPropertyOp26
 70
     1
102
RTVSPropertyOp27
 70
     1
102
RTVSPropertyOp28
 70
     1
102
RTVSPropertyOp29
 70
     1
102
RTVSPropertyOp30
 70
     1
102
RTVSPropertyOp31
 70
     1
102
RTVSPropertyOp32
 70
     1
102
RTVSPropertyOp33
 70
     1
102
RTVSPropertyOp34
 70
     1
102
RTVSPropertyOp35
 70
     1
102
RTVSPropertyOp36
 70
     1
102
RTVSPropertyOp37
 70
     1
102
RTVSPropertyOp38
 70
     1
102
RTVSPropertyOp39
 70
     1
102
RTVSPropertyOp40
 70
     1
102
RTVSPropertyOp41
 70
     1
102
RTVSPropertyOp42
 70
     1
102
RTVSPropertyOp43
 70
     1
102
RTVSPropertyOp44
 70
     1
102
RTVSPropertyOp45
 70
     1
102
RTVSPropertyOp46
 70
     1
102
RTVSPropertyOp47
 70
     1
102
RTVSPropertyOp48
 70
     1
102
RTVSPropertyOp49
 70
     1
102
RTVSPropertyOp50
 70
     1
102
RTVSPropertyOp51
 70
     0
102
RTVSPropertyOp52
 70
     0
102
RTVSPropertyOp53
 70
     1
102
RTVSPropertyOp54
 70
     1
102
RTVSPropertyOp55
 70
     1
102
RTVSPropertyOp56
 70
     1
102
RTVSPropertyOp57
 70
     1
102
RTVSPost2010Prop28
280
     0
102
RTVSPost2010PropOp28
 70
     1
102
RTVSPost2010Prop29
280
     1
102
RTVSPost2010PropOp29
 70
     1
102
RTVSPost2010Prop30
280
     1
102
RTVSPost2010PropOp30
 70
     1
102
RTVSPost2010Prop31
280
     0
102
RTVSPost2010PropOp31
 70
     1
102
RTVSPost2010Prop32
280
     0
102
RTVSPost2010PropOp32
 70
     1
102
RTVSPost2010Prop33
280
     0
102
RTVSPost2010PropOp33
 70
     1
102
RTVSPost2010Prop34
280
     0
102
RTVSPost2010PropOp34
 70
     1
102
RTVSPost2010Prop35
280
     0
102
RTVSPost2010PropOp35
 70
     1
102
RTVSPost2010Prop36
280
     0
102
RTVSPost2010PropOp36
 70
     1
102
RTVSPost2010Prop37
 90
       50
102
RTVSPost2010PropOp37
 70
     1
102
RTVSPost2010Prop38
140
0.0
102
RTVSPost2010PropOp38
 70
     1
102
RTVSPost2010Prop39
140
1.0
102
RTVSPost2010PropOp39
 70
     1
102
RTVSPost2010Prop40
 90
        0
102
RTVSPost2010PropOp40
 70
     1
102
RTVSPost2010Prop41ColorIndex
 90
       18
102
RTVSPost2010Prop41ColorRGB
 90
        0
102
RTVSPost2010PropOp41
 70
     1
102
RTVSPost2010Prop42
 90
       50
102
RTVSPost2010PropOp42
 70
     1
102
RTVSPost2010Prop43
 90
        3
102
RTVSPost2010PropOp43
 70
     1
102
RTVSPost2010Prop44ColorIndex
 90
        5
102
RTVSPost2010Prop44ColorRGB
 90
      255
102
RTVSPost2010PropOp44
 70
     1
102
RTVSPost2010Prop45
280
     0
102
RTVSPost2010PropOp45
 70
     1
102
RTVSPost2010Prop46
 90
       50
102
RTVSPost2010PropOp46
 70
     1
102
RTVSPost2010Prop47
 90
       50
102
RTVSPost2010PropOp47
 70
     1
102
RTVSPost2010Prop48
 90
       50
102
RTVSPost2010PropOp48
 70
     1
102
RTVSPost2010Prop49
280
     0
102
RTVSPost2010PropOp49
 70
     1
102
RTVSPost2010Prop50
 90
       50
102
RTVSPost2010PropOp50
 70
     1
102
RTVSPost2010Prop51ColorIndex
 90
      256
102
RTVSPost2010Prop51ColorRGB
 90
-16777216
102
RTVSPost2010PropOp51
 70
     0
102
RTVSPost2010Prop52
140
1.0
102
RTVSPost2010PropOp52
 70
     0
102
RTVSPost2010Prop53
 90
        2
102
RTVSPost2010PropOp53
 70
     1
102
RTVSPost2010Prop54
  1
strokes_ogs.tif
102
RTVSPost2010PropOp54
 70
     1
102
RTVSPost2010Prop55
280
     0
102
RTVSPost2010PropOp55
 70
     1
102
RTVSPost2010Prop56
140
1.0
102
RTVSPost2010PropOp56
 70
     1
102
RTVSPost2010Prop57
140
1.0
102
RTVSPost2010PropOp57
 70
     1
  0
XRECORD
  5
5C4
102
{ACAD_REACTORS
330
5C3
102
}
330
5C3
100
AcDbXrecord
280
     1
102
RTVSPropertyOp0
 70
     1
102
RTVSPropertyOp1
 70
     1
102
RTVSPropertyOp2
 70
     1
102
RTVSPropertyOp3
 70
     1
102
RTVSPropertyOp4
 70
     1
102
RTVSPropertyOp5
 70
     1
102
RTVSPropertyOp6
 70
     1
102
RTVSPropertyOp7
 70
     1
102
RTVSPropertyOp8
 70
     1
102
RTVSPropertyOp9
 70
     1
102
RTVSPropertyOp10
 70
     1
102
RTVSPropertyOp11
 70
     1
102
RTVSPropertyOp12
 70
     1
102
RTVSPropertyOp13
 70
     1
102
RTVSPropertyOp14
 70
     1
102
RTVSPropertyOp15
 70
     1
102
RTVSPropertyOp16
 70
     1
102
RTVSPropertyOp17
 70
     1
102
RTVSPropertyOp18
 70
     1
102
RTVSPropertyOp19
 70
     1
102
RTVSPropertyOp20
 70
     1
102
RTVSPropertyOp21
 70
     1
102
RTVSPropertyOp22
 70
     1
102
RTVSPropertyOp23
 70
     1
102
RTVSPropertyOp24
 70
     1
102
RTVSPropertyOp25
 70
     1
102
RTVSPropertyOp26
 70
     1
102
RTVSPropertyOp27
 70
     1
102
RTVSPropertyOp28
 70
     1
102
RTVSPropertyOp29
 70
     1
102
RTVSPropertyOp30
 70
     1
102
RTVSPropertyOp31
 70
     1
102
RTVSPropertyOp32
 70
     1
102
RTVSPropertyOp33
 70
     1
102
RTVSPropertyOp34
 70
     1
102
RTVSPropertyOp35
 70
     1
102
RTVSPropertyOp36
 70
     1
102
RTVSPropertyOp37
 70
     1
102
RTVSPropertyOp38
 70
     1
102
RTVSPropertyOp39
 70
     1
102
RTVSPropertyOp40
 70
     1
102
RTVSPropertyOp41
 70
     1
102
RTVSPropertyOp42
 70
     1
102
RTVSPropertyOp43
 70
     1
102
RTVSPropertyOp44
 70
     1
102
RTVSPropertyOp45
 70
     1
102
RTVSPropertyOp46
 70
     1
102
RTVSPropertyOp47
 70
     1
102
RTVSPropertyOp48
 70
     1
102
RTVSPropertyOp49
 70
     1
102
RTVSPropertyOp50
 70
     1
102
RTVSPropertyOp51
 70
     0
102
RTVSPropertyOp52
 70
     0
102
RTVSPropertyOp53
 70
     1
102
RTVSPropertyOp54
 70
     1
102
RTVSPropertyOp55
 70
     1
102
RTVSPropertyOp56
 70
     1
102
RTVSPropertyOp57
 70
     1
102
RTVSPost2010Prop28
280
     0
102
RTVSPost2010PropOp28
 70
     1
102
RTVSPost2010Prop29
280
     1
102
RTVSPost2010PropOp29
 70
     1
102
RTVSPost2010Prop30
280
     1
102
RTVSPost2010PropOp30
 70
     1
102
RTVSPost2010Prop31
280
     0
102
RTVSPost2010PropOp31
 70
     1
102
RTVSPost2010Prop32
280
     0
102
RTVSPost2010PropOp32
 70
     1
102
RTVSPost2010Prop33
280
     0
102
RTVSPost2010PropOp33
 70
     1
102
RTVSPost2010Prop34
280
     0
102
RTVSPost2010PropOp34
 70
     1
102
RTVSPost2010Prop35
280
     0
102
RTVSPost2010PropOp35
 70
     1
102
RTVSPost2010Prop36
280
     0
102
RTVSPost2010PropOp36
 70
     1
102
RTVSPost2010Prop37
 90
       50
102
RTVSPost2010PropOp37
 70
     1
102
RTVSPost2010Prop38
140
0.0
102
RTVSPost2010PropOp38
 70
     1
102
RTVSPost2010Prop39
140
1.0
102
RTVSPost2010PropOp39
 70
     1
102
RTVSPost2010Prop40
 90
        0
102
RTVSPost2010PropOp40
 70
     1
102
RTVSPost2010Prop41ColorIndex
 90
       18
102
RTVSPost2010Prop41ColorRGB
 90
        0
102
RTVSPost2010PropOp41
 70
     1
102
RTVSPost2010Prop42
 90
       50
102
RTVSPost2010PropOp42
 70
     1
102
RTVSPost2010Prop43
 90
        3
102
RTVSPost2010PropOp43
 70
     1
102
RTVSPost2010Prop44ColorIndex
 90
        5
102
RTVSPost2010Prop44ColorRGB
 90
      255
102
RTVSPost2010PropOp44
 70
     1
102
RTVSPost2010Prop45
280
     0
102
RTVSPost2010PropOp45
 70
     1
102
RTVSPost2010Prop46
 90
       50
102
RTVSPost2010PropOp46
 70
     1
102
RTVSPost2010Prop47
 90
       50
102
RTVSPost2010PropOp47
 70
     1
102
RTVSPost2010Prop48
 90
       50
102
RTVSPost2010PropOp48
 70
     1
102
RTVSPost2010Prop49
280
     0
102
RTVSPost2010PropOp49
 70
     1
102
RTVSPost2010Prop50
 90
       50
102
RTVSPost2010PropOp50
 70
     1
102
RTVSPost2010Prop51ColorIndex
 90
      256
102
RTVSPost2010Prop51ColorRGB
 90
-16777216
102
RTVSPost2010PropOp51
 70
     0
102
RTVSPost2010Prop52
140
1.0
102
RTVSPost2010PropOp52
 70
     0
102
RTVSPost2010Prop53
 90
        2
102
RTVSPost2010PropOp53
 70
     1
102
RTVSPost2010Prop54
  1
strokes_ogs.tif
102
RTVSPost2010PropOp54
 70
     1
102
RTVSPost2010Prop55
280
     0
102
RTVSPost2010PropOp55
 70
     1
102
RTVSPost2010Prop56
140
1.0
102
RTVSPost2010PropOp56
 70
     1
102
RTVSPost2010Prop57
140
1.0
102
RTVSPost2010PropOp57
 70
     1
  0
XRECORD
  5
5BE
102
{ACAD_REACTORS
330
5BD
102
}
330
5BD
100
AcDbXrecord
280
     1
102
RTVSPropertyOp0
 70
     1
102
RTVSPropertyOp1
 70
     1
102
RTVSPropertyOp2
 70
     1
102
RTVSPropertyOp3
 70
     1
102
RTVSPropertyOp4
 70
     1
102
RTVSPropertyOp5
 70
     1
102
RTVSPropertyOp6
 70
     1
102
RTVSPropertyOp7
 70
     1
102
RTVSPropertyOp8
 70
     1
102
RTVSPropertyOp9
 70
     1
102
RTVSPropertyOp10
 70
     1
102
RTVSPropertyOp11
 70
     1
102
RTVSPropertyOp12
 70
     1
102
RTVSPropertyOp13
 70
     1
102
RTVSPropertyOp14
 70
     1
102
RTVSPropertyOp15
 70
     1
102
RTVSPropertyOp16
 70
     1
102
RTVSPropertyOp17
 70
     1
102
RTVSPropertyOp18
 70
     1
102
RTVSPropertyOp19
 70
     1
102
RTVSPropertyOp20
 70
     1
102
RTVSPropertyOp21
 70
     1
102
RTVSPropertyOp22
 70
     1
102
RTVSPropertyOp23
 70
     1
102
RTVSPropertyOp24
 70
     1
102
RTVSPropertyOp25
 70
     1
102
RTVSPropertyOp26
 70
     1
102
RTVSPropertyOp27
 70
     1
102
RTVSPropertyOp28
 70
     1
102
RTVSPropertyOp29
 70
     1
102
RTVSPropertyOp30
 70
     1
102
RTVSPropertyOp31
 70
     1
102
RTVSPropertyOp32
 70
     1
102
RTVSPropertyOp33
 70
     1
102
RTVSPropertyOp34
 70
     1
102
RTVSPropertyOp35
 70
     1
102
RTVSPropertyOp36
 70
     1
102
RTVSPropertyOp37
 70
     1
102
RTVSPropertyOp38
 70
     1
102
RTVSPropertyOp39
 70
     1
102
RTVSPropertyOp40
 70
     1
102
RTVSPropertyOp41
 70
     1
102
RTVSPropertyOp42
 70
     1
102
RTVSPropertyOp43
 70
     1
102
RTVSPropertyOp44
 70
     1
102
RTVSPropertyOp45
 70
     1
102
RTVSPropertyOp46
 70
     1
102
RTVSPropertyOp47
 70
     1
102
RTVSPropertyOp48
 70
     1
102
RTVSPropertyOp49
 70
     1
102
RTVSPropertyOp50
 70
     1
102
RTVSPropertyOp51
 70
     0
102
RTVSPropertyOp52
 70
     0
102
RTVSPropertyOp53
 70
     1
102
RTVSPropertyOp54
 70
     1
102
RTVSPropertyOp55
 70
     1
102
RTVSPropertyOp56
 70
     1
102
RTVSPropertyOp57
 70
     1
102
RTVSPost2010Prop28
280
     0
102
RTVSPost2010PropOp28
 70
     1
102
RTVSPost2010Prop29
280
     1
102
RTVSPost2010PropOp29
 70
     1
102
RTVSPost2010Prop30
280
     1
102
RTVSPost2010PropOp30
 70
     1
102
RTVSPost2010Prop31
280
     0
102
RTVSPost2010PropOp31
 70
     1
102
RTVSPost2010Prop32
280
     0
102
RTVSPost2010PropOp32
 70
     1
102
RTVSPost2010Prop33
280
     0
102
RTVSPost2010PropOp33
 70
     1
102
RTVSPost2010Prop34
280
     0
102
RTVSPost2010PropOp34
 70
     1
102
RTVSPost2010Prop35
280
     0
102
RTVSPost2010PropOp35
 70
     1
102
RTVSPost2010Prop36
280
     0
102
RTVSPost2010PropOp36
 70
     1
102
RTVSPost2010Prop37
 90
       50
102
RTVSPost2010PropOp37
 70
     1
102
RTVSPost2010Prop38
140
0.0
102
RTVSPost2010PropOp38
 70
     1
102
RTVSPost2010Prop39
140
1.0
102
RTVSPost2010PropOp39
 70
     1
102
RTVSPost2010Prop40
 90
        0
102
RTVSPost2010PropOp40
 70
     1
102
RTVSPost2010Prop41ColorIndex
 90
       18
102
RTVSPost2010Prop41ColorRGB
 90
        0
102
RTVSPost2010PropOp41
 70
     1
102
RTVSPost2010Prop42
 90
       50
102
RTVSPost2010PropOp42
 70
     1
102
RTVSPost2010Prop43
 90
        3
102
RTVSPost2010PropOp43
 70
     1
102
RTVSPost2010Prop44ColorIndex
 90
        5
102
RTVSPost2010Prop44ColorRGB
 90
      255
102
RTVSPost2010PropOp44
 70
     1
102
RTVSPost2010Prop45
280
     0
102
RTVSPost2010PropOp45
 70
     1
102
RTVSPost2010Prop46
 90
       50
102
RTVSPost2010PropOp46
 70
     1
102
RTVSPost2010Prop47
 90
       50
102
RTVSPost2010PropOp47
 70
     1
102
RTVSPost2010Prop48
 90
       50
102
RTVSPost2010PropOp48
 70
     1
102
RTVSPost2010Prop49
280
     0
102
RTVSPost2010PropOp49
 70
     1
102
RTVSPost2010Prop50
 90
       50
102
RTVSPost2010PropOp50
 70
     1
102
RTVSPost2010Prop51ColorIndex
 90
      256
102
RTVSPost2010Prop51ColorRGB
 90
-16777216
102
RTVSPost2010PropOp51
 70
     0
102
RTVSPost2010Prop52
140
1.0
102
RTVSPost2010PropOp52
 70
     0
102
RTVSPost2010Prop53
 90
        2
102
RTVSPost2010PropOp53
 70
     1
102
RTVSPost2010Prop54
  1
strokes_ogs.tif
102
RTVSPost2010PropOp54
 70
     1
102
RTVSPost2010Prop55
280
     0
102
RTVSPost2010PropOp55
 70
     1
102
RTVSPost2010Prop56
140
1.0
102
RTVSPost2010PropOp56
 70
     1
102
RTVSPost2010Prop57
140
1.0
102
RTVSPost2010PropOp57
 70
     1
  0
XRECORD
  5
5C0
102
{ACAD_REACTORS
330
5BF
102
}
330
5BF
100
AcDbXrecord
280
     1
102
RTVSPropertyOp0
 70
     1
102
RTVSPropertyOp1
 70
     1
102
RTVSPropertyOp2
 70
     1
102
RTVSPropertyOp3
 70
     1
102
RTVSPropertyOp4
 70
     1
102
RTVSPropertyOp5
 70
     1
102
RTVSPropertyOp6
 70
     1
102
RTVSPropertyOp7
 70
     1
102
RTVSPropertyOp8
 70
     1
102
RTVSPropertyOp9
 70
     1
102
RTVSPropertyOp10
 70
     1
102
RTVSPropertyOp11
 70
     1
102
RTVSPropertyOp12
 70
     1
102
RTVSPropertyOp13
 70
     1
102
RTVSPropertyOp14
 70
     1
102
RTVSPropertyOp15
 70
     1
102
RTVSPropertyOp16
 70
     1
102
RTVSPropertyOp17
 70
     1
102
RTVSPropertyOp18
 70
     1
102
RTVSPropertyOp19
 70
     1
102
RTVSPropertyOp20
 70
     1
102
RTVSPropertyOp21
 70
     1
102
RTVSPropertyOp22
 70
     1
102
RTVSPropertyOp23
 70
     1
102
RTVSPropertyOp24
 70
     1
102
RTVSPropertyOp25
 70
     1
102
RTVSPropertyOp26
 70
     1
102
RTVSPropertyOp27
 70
     1
102
RTVSPropertyOp28
 70
     1
102
RTVSPropertyOp29
 70
     1
102
RTVSPropertyOp30
 70
     1
102
RTVSPropertyOp31
 70
     1
102
RTVSPropertyOp32
 70
     1
102
RTVSPropertyOp33
 70
     1
102
RTVSPropertyOp34
 70
     1
102
RTVSPropertyOp35
 70
     1
102
RTVSPropertyOp36
 70
     1
102
RTVSPropertyOp37
 70
     1
102
RTVSPropertyOp38
 70
     1
102
RTVSPropertyOp39
 70
     1
102
RTVSPropertyOp40
 70
     1
102
RTVSPropertyOp41
 70
     1
102
RTVSPropertyOp42
 70
     1
102
RTVSPropertyOp43
 70
     1
102
RTVSPropertyOp44
 70
     1
102
RTVSPropertyOp45
 70
     1
102
RTVSPropertyOp46
 70
     1
102
RTVSPropertyOp47
 70
     1
102
RTVSPropertyOp48
 70
     1
102
RTVSPropertyOp49
 70
     1
102
RTVSPropertyOp50
 70
     1
102
RTVSPropertyOp51
 70
     0
102
RTVSPropertyOp52
 70
     0
102
RTVSPropertyOp53
 70
     1
102
RTVSPropertyOp54
 70
     1
102
RTVSPropertyOp55
 70
     1
102
RTVSPropertyOp56
 70
     1
102
RTVSPropertyOp57
 70
     1
102
RTVSPost2010Prop28
280
     0
102
RTVSPost2010PropOp28
 70
     1
102
RTVSPost2010Prop29
280
     1
102
RTVSPost2010PropOp29
 70
     1
102
RTVSPost2010Prop30
280
     1
102
RTVSPost2010PropOp30
 70
     1
102
RTVSPost2010Prop31
280
     0
102
RTVSPost2010PropOp31
 70
     1
102
RTVSPost2010Prop32
280
     0
102
RTVSPost2010PropOp32
 70
     1
102
RTVSPost2010Prop33
280
     0
102
RTVSPost2010PropOp33
 70
     1
102
RTVSPost2010Prop34
280
     0
102
RTVSPost2010PropOp34
 70
     1
102
RTVSPost2010Prop35
280
     0
102
RTVSPost2010PropOp35
 70
     1
102
RTVSPost2010Prop36
280
     0
102
RTVSPost2010PropOp36
 70
     1
102
RTVSPost2010Prop37
 90
       50
102
RTVSPost2010PropOp37
 70
     1
102
RTVSPost2010Prop38
140
0.0
102
RTVSPost2010PropOp38
 70
     1
102
RTVSPost2010Prop39
140
1.0
102
RTVSPost2010PropOp39
 70
     1
102
RTVSPost2010Prop40
 90
        0
102
RTVSPost2010PropOp40
 70
     1
102
RTVSPost2010Prop41ColorIndex
 90
       18
102
RTVSPost2010Prop41ColorRGB
 90
        0
102
RTVSPost2010PropOp41
 70
     1
102
RTVSPost2010Prop42
 90
       50
102
RTVSPost2010PropOp42
 70
     1
102
RTVSPost2010Prop43
 90
        3
102
RTVSPost2010PropOp43
 70
     1
102
RTVSPost2010Prop44ColorIndex
 90
        5
102
RTVSPost2010Prop44ColorRGB
 90
      255
102
RTVSPost2010PropOp44
 70
     1
102
RTVSPost2010Prop45
280
     0
102
RTVSPost2010PropOp45
 70
     1
102
RTVSPost2010Prop46
 90
       50
102
RTVSPost2010PropOp46
 70
     1
102
RTVSPost2010Prop47
 90
       50
102
RTVSPost2010PropOp47
 70
     1
102
RTVSPost2010Prop48
 90
       50
102
RTVSPost2010PropOp48
 70
     1
102
RTVSPost2010Prop49
280
     0
102
RTVSPost2010PropOp49
 70
     1
102
RTVSPost2010Prop50
 90
       50
102
RTVSPost2010PropOp50
 70
     1
102
RTVSPost2010Prop51ColorIndex
 90
      256
102
RTVSPost2010Prop51ColorRGB
 90
-16777216
102
RTVSPost2010PropOp51
 70
     0
102
RTVSPost2010Prop52
140
1.0
102
RTVSPost2010PropOp52
 70
     0
102
RTVSPost2010Prop53
 90
        2
102
RTVSPost2010PropOp53
 70
     1
102
RTVSPost2010Prop54
  1
strokes_ogs.tif
102
RTVSPost2010PropOp54
 70
     1
102
RTVSPost2010Prop55
280
     0
102
RTVSPost2010PropOp55
 70
     1
102
RTVSPost2010Prop56
140
1.0
102
RTVSPost2010PropOp56
 70
     1
102
RTVSPost2010Prop57
140
1.0
102
RTVSPost2010PropOp57
 70
     1
  0
XRECORD
  5
5B0
102
{ACAD_REACTORS
330
5AF
102
}
330
5AF
100
AcDbXrecord
280
     1
102
RTVSPropertyOp0
 70
     1
102
RTVSPropertyOp1
 70
     1
102
RTVSPropertyOp2
 70
     1
102
RTVSPropertyOp3
 70
     1
102
RTVSPropertyOp4
 70
     1
102
RTVSPropertyOp5
 70
     1
102
RTVSPropertyOp6
 70
     1
102
RTVSPropertyOp7
 70
     1
102
RTVSPropertyOp8
 70
     1
102
RTVSPropertyOp9
 70
     1
102
RTVSPropertyOp10
 70
     1
102
RTVSPropertyOp11
 70
     1
102
RTVSPropertyOp12
 70
     1
102
RTVSPropertyOp13
 70
     1
102
RTVSPropertyOp14
 70
     1
102
RTVSPropertyOp15
 70
     1
102
RTVSPropertyOp16
 70
     1
102
RTVSPropertyOp17
 70
     1
102
RTVSPropertyOp18
 70
     1
102
RTVSPropertyOp19
 70
     1
102
RTVSPropertyOp20
 70
     1
102
RTVSPropertyOp21
 70
     1
102
RTVSPropertyOp22
 70
     1
102
RTVSPropertyOp23
 70
     1
102
RTVSPropertyOp24
 70
     1
102
RTVSPropertyOp25
 70
     1
102
RTVSPropertyOp26
 70
     1
102
RTVSPropertyOp27
 70
     1
102
RTVSPropertyOp28
 70
     1
102
RTVSPropertyOp29
 70
     1
102
RTVSPropertyOp30
 70
     1
102
RTVSPropertyOp31
 70
     1
102
RTVSPropertyOp32
 70
     1
102
RTVSPropertyOp33
 70
     1
102
RTVSPropertyOp34
 70
     1
102
RTVSPropertyOp35
 70
     1
102
RTVSPropertyOp36
 70
     1
102
RTVSPropertyOp37
 70
     1
102
RTVSPropertyOp38
 70
     1
102
RTVSPropertyOp39
 70
     1
102
RTVSPropertyOp40
 70
     1
102
RTVSPropertyOp41
 70
     1
102
RTVSPropertyOp42
 70
     1
102
RTVSPropertyOp43
 70
     1
102
RTVSPropertyOp44
 70
     1
102
RTVSPropertyOp45
 70
     1
102
RTVSPropertyOp46
 70
     1
102
RTVSPropertyOp47
 70
     1
102
RTVSPropertyOp48
 70
     1
102
RTVSPropertyOp49
 70
     1
102
RTVSPropertyOp50
 70
     1
102
RTVSPropertyOp51
 70
     0
102
RTVSPropertyOp52
 70
     0
102
RTVSPropertyOp53
 70
     1
102
RTVSPropertyOp54
 70
     1
102
RTVSPropertyOp55
 70
     1
102
RTVSPropertyOp56
 70
     1
102
RTVSPropertyOp57
 70
     1
102
RTVSPost2010Prop28
280
     0
102
RTVSPost2010PropOp28
 70
     1
102
RTVSPost2010Prop29
280
     1
102
RTVSPost2010PropOp29
 70
     1
102
RTVSPost2010Prop30
280
     1
102
RTVSPost2010PropOp30
 70
     1
102
RTVSPost2010Prop31
280
     0
102
RTVSPost2010PropOp31
 70
     1
102
RTVSPost2010Prop32
280
     0
102
RTVSPost2010PropOp32
 70
     1
102
RTVSPost2010Prop33
280
     0
102
RTVSPost2010PropOp33
 70
     1
102
RTVSPost2010Prop34
280
     0
102
RTVSPost2010PropOp34
 70
     1
102
RTVSPost2010Prop35
280
     0
102
RTVSPost2010PropOp35
 70
     1
102
RTVSPost2010Prop36
280
     0
102
RTVSPost2010PropOp36
 70
     1
102
RTVSPost2010Prop37
 90
       50
102
RTVSPost2010PropOp37
 70
     1
102
RTVSPost2010Prop38
140
0.0
102
RTVSPost2010PropOp38
 70
     1
102
RTVSPost2010Prop39
140
1.0
102
RTVSPost2010PropOp39
 70
     1
102
RTVSPost2010Prop40
 90
        0
102
RTVSPost2010PropOp40
 70
     1
102
RTVSPost2010Prop41ColorIndex
 90
       18
102
RTVSPost2010Prop41ColorRGB
 90
        0
102
RTVSPost2010PropOp41
 70
     1
102
RTVSPost2010Prop42
 90
       50
102
RTVSPost2010PropOp42
 70
     1
102
RTVSPost2010Prop43
 90
        3
102
RTVSPost2010PropOp43
 70
     1
102
RTVSPost2010Prop44ColorIndex
 90
        5
102
RTVSPost2010Prop44ColorRGB
 90
      255
102
RTVSPost2010PropOp44
 70
     1
102
RTVSPost2010Prop45
280
     0
102
RTVSPost2010PropOp45
 70
     1
102
RTVSPost2010Prop46
 90
       50
102
RTVSPost2010PropOp46
 70
     1
102
RTVSPost2010Prop47
 90
       50
102
RTVSPost2010PropOp47
 70
     1
102
RTVSPost2010Prop48
 90
       50
102
RTVSPost2010PropOp48
 70
     1
102
RTVSPost2010Prop49
280
     0
102
RTVSPost2010PropOp49
 70
     1
102
RTVSPost2010Prop50
 90
       50
102
RTVSPost2010PropOp50
 70
     1
102
RTVSPost2010Prop51ColorIndex
 90
      256
102
RTVSPost2010Prop51ColorRGB
 90
-16777216
102
RTVSPost2010PropOp51
 70
     0
102
RTVSPost2010Prop52
140
1.0
102
RTVSPost2010PropOp52
 70
     0
102
RTVSPost2010Prop53
 90
        2
102
RTVSPost2010PropOp53
 70
     1
102
RTVSPost2010Prop54
  1
strokes_ogs.tif
102
RTVSPost2010PropOp54
 70
     1
102
RTVSPost2010Prop55
280
     0
102
RTVSPost2010PropOp55
 70
     1
102
RTVSPost2010Prop56
140
1.0
102
RTVSPost2010PropOp56
 70
     1
102
RTVSPost2010Prop57
140
1.0
102
RTVSPost2010PropOp57
 70
     1
  0
XRECORD
  5
5A2
102
{ACAD_REACTORS
330
5A1
102
}
330
5A1
100
AcDbXrecord
280
     1
102
RTVSPropertyOp0
 70
     1
102
RTVSPropertyOp1
 70
     1
102
RTVSPropertyOp2
 70
     1
102
RTVSPropertyOp3
 70
     1
102
RTVSPropertyOp4
 70
     1
102
RTVSPropertyOp5
 70
     1
102
RTVSPropertyOp6
 70
     1
102
RTVSPropertyOp7
 70
     1
102
RTVSPropertyOp8
 70
     1
102
RTVSPropertyOp9
 70
     1
102
RTVSPropertyOp10
 70
     1
102
RTVSPropertyOp11
 70
     1
102
RTVSPropertyOp12
 70
     1
102
RTVSPropertyOp13
 70
     1
102
RTVSPropertyOp14
 70
     1
102
RTVSPropertyOp15
 70
     1
102
RTVSPropertyOp16
 70
     1
102
RTVSPropertyOp17
 70
     1
102
RTVSPropertyOp18
 70
     1
102
RTVSPropertyOp19
 70
     1
102
RTVSPropertyOp20
 70
     1
102
RTVSPropertyOp21
 70
     1
102
RTVSPropertyOp22
 70
     1
102
RTVSPropertyOp23
 70
     1
102
RTVSPropertyOp24
 70
     1
102
RTVSPropertyOp25
 70
     1
102
RTVSPropertyOp26
 70
     1
102
RTVSPropertyOp27
 70
     1
102
RTVSPropertyOp28
 70
     1
102
RTVSPropertyOp29
 70
     1
102
RTVSPropertyOp30
 70
     1
102
RTVSPropertyOp31
 70
     1
102
RTVSPropertyOp32
 70
     1
102
RTVSPropertyOp33
 70
     1
102
RTVSPropertyOp34
 70
     1
102
RTVSPropertyOp35
 70
     1
102
RTVSPropertyOp36
 70
     1
102
RTVSPropertyOp37
 70
     1
102
RTVSPropertyOp38
 70
     1
102
RTVSPropertyOp39
 70
     1
102
RTVSPropertyOp40
 70
     1
102
RTVSPropertyOp41
 70
     1
102
RTVSPropertyOp42
 70
     1
102
RTVSPropertyOp43
 70
     1
102
RTVSPropertyOp44
 70
     1
102
RTVSPropertyOp45
 70
     1
102
RTVSPropertyOp46
 70
     1
102
RTVSPropertyOp47
 70
     1
102
RTVSPropertyOp48
 70
     1
102
RTVSPropertyOp49
 70
     1
102
RTVSPropertyOp50
 70
     1
102
RTVSPropertyOp51
 70
     0
102
RTVSPropertyOp52
 70
     0
102
RTVSPropertyOp53
 70
     1
102
RTVSPropertyOp54
 70
     1
102
RTVSPropertyOp55
 70
     1
102
RTVSPropertyOp56
 70
     1
102
RTVSPropertyOp57
 70
     1
102
RTVSPost2010Prop28
280
     0
102
RTVSPost2010PropOp28
 70
     1
102
RTVSPost2010Prop29
280
     1
102
RTVSPost2010PropOp29
 70
     1
102
RTVSPost2010Prop30
280
     1
102
RTVSPost2010PropOp30
 70
     1
102
RTVSPost2010Prop31
280
     0
102
RTVSPost2010PropOp31
 70
     1
102
RTVSPost2010Prop32
280
     0
102
RTVSPost2010PropOp32
 70
     1
102
RTVSPost2010Prop33
280
     0
102
RTVSPost2010PropOp33
 70
     1
102
RTVSPost2010Prop34
280
     0
102
RTVSPost2010PropOp34
 70
     1
102
RTVSPost2010Prop35
280
     0
102
RTVSPost2010PropOp35
 70
     1
102
RTVSPost2010Prop36
280
     0
102
RTVSPost2010PropOp36
 70
     1
102
RTVSPost2010Prop37
 90
       50
102
RTVSPost2010PropOp37
 70
     1
102
RTVSPost2010Prop38
140
0.0
102
RTVSPost2010PropOp38
 70
     1
102
RTVSPost2010Prop39
140
1.0
102
RTVSPost2010PropOp39
 70
     1
102
RTVSPost2010Prop40
 90
        0
102
RTVSPost2010PropOp40
 70
     1
102
RTVSPost2010Prop41ColorIndex
 90
       18
102
RTVSPost2010Prop41ColorRGB
 90
        0
102
RTVSPost2010PropOp41
 70
     1
102
RTVSPost2010Prop42
 90
       50
102
RTVSPost2010PropOp42
 70
     1
102
RTVSPost2010Prop43
 90
        3
102
RTVSPost2010PropOp43
 70
     1
102
RTVSPost2010Prop44ColorIndex
 90
        5
102
RTVSPost2010Prop44ColorRGB
 90
      255
102
RTVSPost2010PropOp44
 70
     1
102
RTVSPost2010Prop45
280
     0
102
RTVSPost2010PropOp45
 70
     1
102
RTVSPost2010Prop46
 90
       50
102
RTVSPost2010PropOp46
 70
     1
102
RTVSPost2010Prop47
 90
       50
102
RTVSPost2010PropOp47
 70
     1
102
RTVSPost2010Prop48
 90
       50
102
RTVSPost2010PropOp48
 70
     1
102
RTVSPost2010Prop49
280
     0
102
RTVSPost2010PropOp49
 70
     1
102
RTVSPost2010Prop50
 90
       50
102
RTVSPost2010PropOp50
 70
     1
102
RTVSPost2010Prop51ColorIndex
 90
      256
102
RTVSPost2010Prop51ColorRGB
 90
-16777216
102
RTVSPost2010PropOp51
 70
     0
102
RTVSPost2010Prop52
140
1.0
102
RTVSPost2010PropOp52
 70
     0
102
RTVSPost2010Prop53
 90
        2
102
RTVSPost2010PropOp53
 70
     1
102
RTVSPost2010Prop54
  1
strokes_ogs.tif
102
RTVSPost2010PropOp54
 70
     1
102
RTVSPost2010Prop55
280
     0
102
RTVSPost2010PropOp55
 70
     1
102
RTVSPost2010Prop56
140
1.0
102
RTVSPost2010PropOp56
 70
     1
102
RTVSPost2010Prop57
140
1.0
102
RTVSPost2010PropOp57
 70
     1
  0
XRECORD
  5
5C2
102
{ACAD_REACTORS
330
5C1
102
}
330
5C1
100
AcDbXrecord
280
     1
102
RTVSPropertyOp0
 70
     1
102
RTVSPropertyOp1
 70
     1
102
RTVSPropertyOp2
 70
     1
102
RTVSPropertyOp3
 70
     1
102
RTVSPropertyOp4
 70
     1
102
RTVSPropertyOp5
 70
     1
102
RTVSPropertyOp6
 70
     1
102
RTVSPropertyOp7
 70
     1
102
RTVSPropertyOp8
 70
     1
102
RTVSPropertyOp9
 70
     1
102
RTVSPropertyOp10
 70
     1
102
RTVSPropertyOp11
 70
     1
102
RTVSPropertyOp12
 70
     1
102
RTVSPropertyOp13
 70
     1
102
RTVSPropertyOp14
 70
     1
102
RTVSPropertyOp15
 70
     1
102
RTVSPropertyOp16
 70
     1
102
RTVSPropertyOp17
 70
     1
102
RTVSPropertyOp18
 70
     1
102
RTVSPropertyOp19
 70
     1
102
RTVSPropertyOp20
 70
     1
102
RTVSPropertyOp21
 70
     1
102
RTVSPropertyOp22
 70
     1
102
RTVSPropertyOp23
 70
     1
102
RTVSPropertyOp24
 70
     1
102
RTVSPropertyOp25
 70
     1
102
RTVSPropertyOp26
 70
     1
102
RTVSPropertyOp27
 70
     1
102
RTVSPropertyOp28
 70
     1
102
RTVSPropertyOp29
 70
     1
102
RTVSPropertyOp30
 70
     1
102
RTVSPropertyOp31
 70
     1
102
RTVSPropertyOp32
 70
     1
102
RTVSPropertyOp33
 70
     1
102
RTVSPropertyOp34
 70
     1
102
RTVSPropertyOp35
 70
     1
102
RTVSPropertyOp36
 70
     1
102
RTVSPropertyOp37
 70
     1
102
RTVSPropertyOp38
 70
     1
102
RTVSPropertyOp39
 70
     1
102
RTVSPropertyOp40
 70
     1
102
RTVSPropertyOp41
 70
     1
102
RTVSPropertyOp42
 70
     1
102
RTVSPropertyOp43
 70
     1
102
RTVSPropertyOp44
 70
     1
102
RTVSPropertyOp45
 70
     1
102
RTVSPropertyOp46
 70
     1
102
RTVSPropertyOp47
 70
     1
102
RTVSPropertyOp48
 70
     1
102
RTVSPropertyOp49
 70
     1
102
RTVSPropertyOp50
 70
     1
102
RTVSPropertyOp51
 70
     0
102
RTVSPropertyOp52
 70
     0
102
RTVSPropertyOp53
 70
     1
102
RTVSPropertyOp54
 70
     1
102
RTVSPropertyOp55
 70
     1
102
RTVSPropertyOp56
 70
     1
102
RTVSPropertyOp57
 70
     1
102
RTVSPost2010Prop28
280
     0
102
RTVSPost2010PropOp28
 70
     1
102
RTVSPost2010Prop29
280
     1
102
RTVSPost2010PropOp29
 70
     1
102
RTVSPost2010Prop30
280
     1
102
RTVSPost2010PropOp30
 70
     1
102
RTVSPost2010Prop31
280
     0
102
RTVSPost2010PropOp31
 70
     1
102
RTVSPost2010Prop32
280
     0
102
RTVSPost2010PropOp32
 70
     1
102
RTVSPost2010Prop33
280
     0
102
RTVSPost2010PropOp33
 70
     1
102
RTVSPost2010Prop34
280
     0
102
RTVSPost2010PropOp34
 70
     1
102
RTVSPost2010Prop35
280
     0
102
RTVSPost2010PropOp35
 70
     1
102
RTVSPost2010Prop36
280
     0
102
RTVSPost2010PropOp36
 70
     1
102
RTVSPost2010Prop37
 90
       50
102
RTVSPost2010PropOp37
 70
     1
102
RTVSPost2010Prop38
140
0.0
102
RTVSPost2010PropOp38
 70
     1
102
RTVSPost2010Prop39
140
1.0
102
RTVSPost2010PropOp39
 70
     1
102
RTVSPost2010Prop40
 90
        0
102
RTVSPost2010PropOp40
 70
     1
102
RTVSPost2010Prop41ColorIndex
 90
       18
102
RTVSPost2010Prop41ColorRGB
 90
        0
102
RTVSPost2010PropOp41
 70
     1
102
RTVSPost2010Prop42
 90
       50
102
RTVSPost2010PropOp42
 70
     1
102
RTVSPost2010Prop43
 90
        3
102
RTVSPost2010PropOp43
 70
     1
102
RTVSPost2010Prop44ColorIndex
 90
        5
102
RTVSPost2010Prop44ColorRGB
 90
      255
102
RTVSPost2010PropOp44
 70
     1
102
RTVSPost2010Prop45
280
     0
102
RTVSPost2010PropOp45
 70
     1
102
RTVSPost2010Prop46
 90
       50
102
RTVSPost2010PropOp46
 70
     1
102
RTVSPost2010Prop47
 90
       50
102
RTVSPost2010PropOp47
 70
     1
102
RTVSPost2010Prop48
 90
       50
102
RTVSPost2010PropOp48
 70
     1
102
RTVSPost2010Prop49
280
     0
102
RTVSPost2010PropOp49
 70
     1
102
RTVSPost2010Prop50
 90
       50
102
RTVSPost2010PropOp50
 70
     1
102
RTVSPost2010Prop51ColorIndex
 90
      256
102
RTVSPost2010Prop51ColorRGB
 90
-16777216
102
RTVSPost2010PropOp51
 70
     0
102
RTVSPost2010Prop52
140
1.0
102
RTVSPost2010PropOp52
 70
     0
102
RTVSPost2010Prop53
 90
        2
102
RTVSPost2010PropOp53
 70
     1
102
RTVSPost2010Prop54
  1
strokes_ogs.tif
102
RTVSPost2010PropOp54
 70
     1
102
RTVSPost2010Prop55
280
     0
102
RTVSPost2010PropOp55
 70
     1
102
RTVSPost2010Prop56
140
1.0
102
RTVSPost2010PropOp56
 70
     1
102
RTVSPost2010Prop57
140
1.0
102
RTVSPost2010PropOp57
 70
     1
  0
ENDSEC
  0
EOF
